{
	"carName": "bmw_m4_gt3",
	"basicSetup":
	{
		"tyres":
		{
			"tyreCompound": 0,
			"tyrePressure": [ 45, 54, 45, 52 ]
		},
		"alignment":
		{
			"camber": [ 0, 0, 0, 0 ],
			"toe": [ 8, 8, 10, 10 ],
			"staticCamber": [ -4.128669261932373, -4.1225728988647461, -2.3551883697509766, -2.3503932952880859 ],
			"toeOutLinear": [ 0.00025369683862663805, 0.0002536916290409863, 6.1973529227543622e-05, 6.1973783886060119e-05 ],
			"casterLF": 26,
			"casterRF": 26,
			"steerRatio": 3
		},
		"electronics":
		{
			"tC1": 4,
			"tC2": 0,
			"abs": 3,
			"eCUMap": 0,
			"fuelMix": 0,
			"telemetryLaps": 0
		},
		"strategy":
		{
			"fuel": 16,
			"nPitStops": 0,
			"tyreSet": 0,
			"frontBrakePadCompound": 0,
			"rearBrakePadCompound": 0,
			"pitStrategy": [
				{
					"fuelToAdd": 0,
					"tyres":
					{
						"tyreCompound": 0,
						"tyrePressure": [ 45, 54, 45, 52 ]
					},
					"tyreSet": 2,
					"frontBrakePadCompound": 1,
					"rearBrakePadCompound": 1
				}
			],
			"fuelPerLap": 3.2999999523162842
		}
	},
	"advancedSetup":
	{
		"mechanicalBalance":
		{
			"aRBFront": 6,
			"aRBRear": 3,
			"wheelRate": [ 2, 2, 2, 2 ],
			"bumpStopRateUp": [ 8, 8, 8, 8 ],
			"bumpStopRateDn": [ 0, 0, 10, 10 ],
			"bumpStopWindow": [ 10, 10, 40, 40 ],
			"brakeTorque": 20,
			"brakeBias": 13
		},
		"dampers":
		{
			"bumpSlow": [ 25, 25, 24, 24 ],
			"bumpFast": [ 22, 22, 20, 20 ],
			"reboundSlow": [ 24, 24, 22, 22 ],
			"reboundFast": [ 38, 38, 27, 27 ]
		},
		"aeroBalance":
		{
			"rideHeight": [ 0, 11, 7, 18 ],
			"rodLength": [ 22.855573654174805, 22.855573654174805, 2.301321268081665, 2.301321268081665 ],
			"splitter": 0,
			"rearWing": 8,
			"brakeDuct": [ 3, 2 ]
		},
		"drivetrain":
		{
			"preload": 10
		}
	},
	"trackBopType": 27
}