{
	"carName": "bmw_m4_gt3",
	"basicSetup":
	{
		"tyres":
		{
			"tyreCompound": 0,
			"tyrePressure": [ 47, 58, 44, 53 ]
		},
		"alignment":
		{
			"camber": [ 0, 0, 0, 0 ],
			"toe": [ 6, 6, 10, 10 ],
			"staticCamber": [ -4.1299967765808105, -4.1226091384887695, -2.7091569900512695, -2.7030167579650879 ],
			"toeOutLinear": [ 0.0002843453548848629, 0.00028432667022570968, -4.6145378291839734e-06, -4.6363065848709084e-06 ],
			"casterLF": 23,
			"casterRF": 23,
			"steerRatio": 3
		},
		"electronics":
		{
			"tC1": 5,
			"tC2": 0,
			"abs": 3,
			"eCUMap": 0,
			"fuelMix": 0,
			"telemetryLaps": 0
		},
		"strategy":
		{
			"fuel": 13,
			"nPitStops": 0,
			"tyreSet": 0,
			"frontBrakePadCompound": 0,
			"rearBrakePadCompound": 0,
			"pitStrategy": [
				{
					"fuelToAdd": 0,
					"tyres":
					{
						"tyreCompound": 0,
						"tyrePressure": [ 47, 58, 44, 53 ]
					},
					"tyreSet": 2,
					"frontBrakePadCompound": 1,
					"rearBrakePadCompound": 1
				}
			],
			"fuelPerLap": 3.2999999523162842
		}
	},
	"advancedSetup":
	{
		"mechanicalBalance":
		{
			"aRBFront": 3,
			"aRBRear": 3,
			"wheelRate": [ 3, 3, 3, 3 ],
			"bumpStopRateUp": [ 5, 5, 4, 4 ],
			"bumpStopRateDn": [ 0, 0, 10, 10 ],
			"bumpStopWindow": [ 10, 10, 35, 35 ],
			"brakeTorque": 20,
			"brakeBias": 17
		},
		"dampers":
		{
			"bumpSlow": [ 25, 25, 22, 22 ],
			"bumpFast": [ 15, 15, 24, 24 ],
			"reboundSlow": [ 24, 24, 24, 24 ],
			"reboundFast": [ 22, 22, 26, 26 ]
		},
		"aeroBalance":
		{
			"rideHeight": [ 0, 11, 13, 18 ],
			"rodLength": [ 20.897706985473633, 20.897706985473633, 5.5354747772216797, 5.5354747772216797 ],
			"splitter": 0,
			"rearWing": 8,
			"brakeDuct": [ 3, 2 ]
		},
		"drivetrain":
		{
			"preload": 12
		}
	},
	"trackBopType": 27
}