{
	"carName": "porsche_992_gt3_r",
	"basicSetup":
	{
		"tyres":
		{
			"tyreCompound": 0,
			"tyrePressure": [ 51, 61, 43, 51 ]
		},
		"alignment":
		{
			"camber": [ 0, 0, 0, 0 ],
			"toe": [ 25, 25, 55, 55 ],
			"staticCamber": [ -4.5956611633300781, -4.590308666229248, 0.21480649709701538, 0.22088679671287537 ],
			"toeOutLinear": [ 0.00032106126309372485, 0.0003210686263628304, -0.0073106242343783379, -0.0073105916380882263 ],
			"casterLF": 30,
			"casterRF": 30,
			"steerRatio": 5
		},
		"electronics":
		{
			"tC1": 4,
			"tC2": 0,
			"abs": 4,
			"eCUMap": 7,
			"fuelMix": 0,
			"telemetryLaps": 0
		},
		"strategy":
		{
			"fuel": 13,
			"nPitStops": 0,
			"tyreSet": 0,
			"frontBrakePadCompound": 0,
			"rearBrakePadCompound": 0,
			"pitStrategy": [
				{
					"fuelToAdd": 0,
					"tyres":
					{
						"tyreCompound": 0,
						"tyrePressure": [ 51, 61, 43, 51 ]
					},
					"tyreSet": 2,
					"frontBrakePadCompound": 1,
					"rearBrakePadCompound": 1
				}
			],
			"fuelPerLap": 3.7999999523162842
		}
	},
	"advancedSetup":
	{
		"mechanicalBalance":
		{
			"aRBFront": 4,
			"aRBRear": 4,
			"wheelRate": [ 4, 4, 4, 4 ],
			"bumpStopRateUp": [ 9, 9, 9, 9 ],
			"bumpStopRateDn": [ 0, 0, 10, 10 ],
			"bumpStopWindow": [ 5, 5, 10, 10 ],
			"brakeTorque": 20,
			"brakeBias": 29
		},
		"dampers":
		{
			"bumpSlow": [ 10, 10, 11, 11 ],
			"bumpFast": [ 4, 4, 3, 3 ],
			"reboundSlow": [ 8, 8, 10, 10 ],
			"reboundFast": [ 9, 9, 8, 8 ]
		},
		"aeroBalance":
		{
			"rideHeight": [ 0, 11, 15, 18 ],
			"rodLength": [ 33.208183288574219, 33.208183288574219, -62.731437683105469, -62.731437683105469 ],
			"splitter": 0,
			"rearWing": 12,
			"brakeDuct": [ 2, 3 ]
		},
		"drivetrain":
		{
			"preload": 22
		}
	},
	"trackBopType": 27
}