{
	"carName": "nissan_gt_r_gt3_2018",
	"basicSetup":
	{
		"tyres":
		{
			"tyreCompound": 0,
			"tyrePressure": [ 44, 62, 38, 51 ]
		},
		"alignment":
		{
			"camber": [ 0, 0, 4, 4 ],
			"toe": [ 5, 5, 2, 2 ],
			"staticCamber": [ -3.3457460403442383, -3.3329770565032959, -2.6963536739349365, -2.6866934299468994 ],
			"toeOutLinear": [ -0.00023802451323717833, -0.00023798375332262367, 0.00011575512326089665, 0.00011572778748814017 ],
			"casterLF": 25,
			"casterRF": 25,
			"steerRatio": 3
		},
		"electronics":
		{
			"tC1": 5,
			"tC2": 0,
			"abs": 4,
			"eCUMap": 0,
			"fuelMix": 0,
			"telemetryLaps": 5
		},
		"strategy":
		{
			"fuel": 100,
			"nPitStops": 0,
			"tyreSet": 3,
			"frontBrakePadCompound": 1,
			"rearBrakePadCompound": 1,
			"pitStrategy": [
				{
					"fuelToAdd": 0,
					"tyres":
					{
						"tyreCompound": 0,
						"tyrePressure": [ 45, 48, 45, 49 ]
					},
					"tyreSet": 2,
					"frontBrakePadCompound": 1,
					"rearBrakePadCompound": 1
				}
			],
			"fuelPerLap": 2.4964370727539063
		}
	},
	"advancedSetup":
	{
		"mechanicalBalance":
		{
			"aRBFront": 3,
			"aRBRear": 2,
			"wheelRate": [ 2, 2, 0, 0 ],
			"bumpStopRateUp": [ 10, 10, 9, 9 ],
			"bumpStopRateDn": [ 0, 0, 10, 10 ],
			"bumpStopWindow": [ 11, 11, 22, 22 ],
			"brakeTorque": 20,
			"brakeBias": 20
		},
		"dampers":
		{
			"bumpSlow": [ 30, 30, 10, 10 ],
			"bumpFast": [ 30, 30, 30, 30 ],
			"reboundSlow": [ 31, 31, 35, 35 ],
			"reboundFast": [ 49, 49, 42, 42 ]
		},
		"aeroBalance":
		{
			"rideHeight": [ 0, 11, 10, 18 ],
			"rodLength": [ -4.421515941619873, -4.421515941619873, 11.947855949401855, 11.947855949401855 ],
			"splitter": 0,
			"rearWing": 4,
			"brakeDuct": [ 4, 4 ]
		},
		"drivetrain":
		{
			"preload": 4
		}
	},
	"trackBopType": 37
}