{
	"carName": "nissan_gt_r_gt3_2018",
	"basicSetup":
	{
		"tyres":
		{
			"tyreCompound": 0,
			"tyrePressure": [ 49, 53, 47, 47 ]
		},
		"alignment":
		{
			"camber": [ 0, 0, 0, 0 ],
			"toe": [ 8, 8, 8, 8 ],
			"staticCamber": [ -3.3060567378997803, -3.3034453392028809, -3.0161101818084717, -3.0161120891571045 ],
			"toeOutLinear": [ -0.00036403664853423834, -0.00036402820842340589, 0.00022475574223790318, 0.00022472620184998959 ],
			"casterLF": 40,
			"casterRF": 40,
			"steerRatio": 1
		},
		"electronics":
		{
			"tC1": 3,
			"tC2": 0,
			"abs": 3,
			"eCUMap": 0,
			"fuelMix": 0,
			"telemetryLaps": 0
		},
		"strategy":
		{
			"fuel": 18,
			"nPitStops": 0,
			"tyreSet": 0,
			"frontBrakePadCompound": 0,
			"rearBrakePadCompound": 0,
			"pitStrategy": [
				{
					"fuelToAdd": 0,
					"tyres":
					{
						"tyreCompound": 0,
						"tyrePressure": [ 49, 53, 47, 47 ]
					},
					"tyreSet": 2,
					"frontBrakePadCompound": 1,
					"rearBrakePadCompound": 1
				}
			],
			"fuelPerLap": 2.9000000953674316
		}
	},
	"advancedSetup":
	{
		"mechanicalBalance":
		{
			"aRBFront": 4,
			"aRBRear": 2,
			"wheelRate": [ 2, 2, 2, 2 ],
			"bumpStopRateUp": [ 7, 7, 4, 4 ],
			"bumpStopRateDn": [ 0, 0, 10, 10 ],
			"bumpStopWindow": [ 18, 18, 40, 40 ],
			"brakeTorque": 20,
			"brakeBias": 36
		},
		"dampers":
		{
			"bumpSlow": [ 22, 22, 16, 16 ],
			"bumpFast": [ 20, 20, 15, 15 ],
			"reboundSlow": [ 22, 22, 20, 20 ],
			"reboundFast": [ 35, 35, 30, 30 ]
		},
		"aeroBalance":
		{
			"rideHeight": [ 0, 11, 8, 18 ],
			"rodLength": [ -5.6983304023742676, -5.6983304023742676, 1.3675808906555176, 1.3675808906555176 ],
			"splitter": 0,
			"rearWing": 4,
			"brakeDuct": [ 3, 3 ]
		},
		"drivetrain":
		{
			"preload": 0
		}
	},
	"trackBopType": 35
}