{
	"carName": "lamborghini_huracan_gt3_evo2",
	"basicSetup":
	{
		"tyres":
		{
			"tyreCompound": 0,
			"tyrePressure": [ 50, 50, 46, 46 ]
		},
		"alignment":
		{
			"camber": [ 0, 0, 0, 0 ],
			"toe": [ 28, 28, 45, 45 ],
			"staticCamber": [ -3.9274516105651855, -3.9274411201477051, -3.4759397506713867, -3.4759395122528076 ],
			"toeOutLinear": [ 0.00072232214733958244, 0.00072232703678309917, 0.00015439091657754034, 0.00015439381240867078 ],
			"casterLF": 28,
			"casterRF": 28,
			"steerRatio": 1
		},
		"electronics":
		{
			"tC1": 2,
			"tC2": 0,
			"abs": 3,
			"eCUMap": 3,
			"fuelMix": 0,
			"telemetryLaps": 0
		},
		"strategy":
		{
			"fuel": 13,
			"nPitStops": 0,
			"tyreSet": 0,
			"frontBrakePadCompound": 0,
			"rearBrakePadCompound": 0,
			"pitStrategy": [
				{
					"fuelToAdd": 0,
					"tyres":
					{
						"tyreCompound": 0,
						"tyrePressure": [ 50, 50, 46, 46 ]
					},
					"tyreSet": 2,
					"frontBrakePadCompound": 1,
					"rearBrakePadCompound": 1
				}
			],
			"fuelPerLap": 2.5
		}
	},
	"advancedSetup":
	{
		"mechanicalBalance":
		{
			"aRBFront": 3,
			"aRBRear": 3,
			"wheelRate": [ 1, 1, 1, 1 ],
			"bumpStopRateUp": [ 3, 3, 5, 5 ],
			"bumpStopRateDn": [ 0, 0, 10, 10 ],
			"bumpStopWindow": [ 10, 10, 30, 30 ],
			"brakeTorque": 20,
			"brakeBias": 22
		},
		"dampers":
		{
			"bumpSlow": [ 23, 23, 15, 15 ],
			"bumpFast": [ 18, 18, 20, 20 ],
			"reboundSlow": [ 17, 17, 24, 24 ],
			"reboundFast": [ 22, 22, 36, 36 ]
		},
		"aeroBalance":
		{
			"rideHeight": [ 2, 6, 16, 18 ],
			"rodLength": [ -1.0934298038482666, -1.0934298038482666, 16.717559814453125, 16.717559814453125 ],
			"splitter": 0,
			"rearWing": 12,
			"brakeDuct": [ 3, 2 ]
		},
		"drivetrain":
		{
			"preload": 8
		}
	},
	"trackBopType": 45
}