{
	"carName": "bmw_m4_gt3",
	"basicSetup":
	{
		"tyres":
		{
			"tyreCompound": 0,
			"tyrePressure": [ 46, 65, 49, 63 ]
		},
		"alignment":
		{
			"camber": [ 0, 0, 2, 2 ],
			"toe": [ 0, 0, 0, 0 ],
			"staticCamber": [ -4.1412839889526367, -4.1298871040344238, -2.8625316619873047, -2.8525383472442627 ],
			"toeOutLinear": [ 0.00037327970494516194, 0.00037326590972952545, 0.00011418490612413734, 0.00011417335917940363 ],
			"casterLF": 19,
			"casterRF": 19,
			"steerRatio": 5
		},
		"electronics":
		{
			"tC1": 5,
			"tC2": 0,
			"abs": 2,
			"eCUMap": 0,
			"fuelMix": 0,
			"telemetryLaps": 0
		},
		"strategy":
		{
			"fuel": 11,
			"nPitStops": 0,
			"tyreSet": 5,
			"frontBrakePadCompound": 0,
			"rearBrakePadCompound": 0,
			"pitStrategy": [
				{
					"fuelToAdd": 0,
					"tyres":
					{
						"tyreCompound": 0,
						"tyrePressure": [ 42, 57, 45, 57 ]
					},
					"tyreSet": 2,
					"frontBrakePadCompound": 1,
					"rearBrakePadCompound": 1
				}
			],
			"fuelPerLap": 2.548450231552124
		}
	},
	"advancedSetup":
	{
		"mechanicalBalance":
		{
			"aRBFront": 5,
			"aRBRear": 4,
			"wheelRate": [ 3, 3, 1, 1 ],
			"bumpStopRateUp": [ 7, 7, 3, 3 ],
			"bumpStopRateDn": [ 0, 0, 10, 10 ],
			"bumpStopWindow": [ 10, 10, 40, 40 ],
			"brakeTorque": 20,
			"brakeBias": 11
		},
		"dampers":
		{
			"bumpSlow": [ 20, 20, 16, 16 ],
			"bumpFast": [ 15, 15, 10, 10 ],
			"reboundSlow": [ 26, 26, 18, 18 ],
			"reboundFast": [ 20, 20, 15, 15 ]
		},
		"aeroBalance":
		{
			"rideHeight": [ 0, 11, 20, 18 ],
			"rodLength": [ 20.796411514282227, 20.796411514282227, 18.045700073242188, 18.045700073242188 ],
			"splitter": 0,
			"rearWing": 8,
			"brakeDuct": [ 6, 4 ]
		},
		"drivetrain":
		{
			"preload": 5
		}
	},
	"trackBopType": 37
}