{
	"carName": "nissan_gt_r_gt3_2018",
	"basicSetup":
	{
		"tyres":
		{
			"tyreCompound": 0,
			"tyrePressure": [ 54, 52, 45, 48 ]
		},
		"alignment":
		{
			"camber": [ 0, 0, 0, 0 ],
			"toe": [ 0, 0, 0, 0 ],
			"staticCamber": [ -3.4622268676757813, -3.4636085033416748, -3.0905487537384033, -3.0883920192718506 ],
			"toeOutLinear": [ 2.4222597858170047e-05, 2.4218761609517969e-05, 8.1355894508305937e-05, 8.1391008279751986e-05 ],
			"casterLF": 40,
			"casterRF": 40,
			"steerRatio": 3
		},
		"electronics":
		{
			"tC1": 4,
			"tC2": 0,
			"abs": 2,
			"eCUMap": 0,
			"fuelMix": 0,
			"telemetryLaps": 0
		},
		"strategy":
		{
			"fuel": 12,
			"nPitStops": 0,
			"tyreSet": 14,
			"frontBrakePadCompound": 0,
			"rearBrakePadCompound": 0,
			"pitStrategy": [
				{
					"fuelToAdd": 0,
					"tyres":
					{
						"tyreCompound": 0,
						"tyrePressure": [ 52, 50, 52, 52 ]
					},
					"tyreSet": 2,
					"frontBrakePadCompound": 1,
					"rearBrakePadCompound": 1
				}
			],
			"fuelPerLap": 3.75
		}
	},
	"advancedSetup":
	{
		"mechanicalBalance":
		{
			"aRBFront": 7,
			"aRBRear": 6,
			"wheelRate": [ 3, 3, 1, 1 ],
			"bumpStopRateUp": [ 10, 10, 7, 7 ],
			"bumpStopRateDn": [ 0, 0, 10, 10 ],
			"bumpStopWindow": [ 8, 8, 9, 9 ],
			"brakeTorque": 20,
			"brakeBias": 41
		},
		"dampers":
		{
			"bumpSlow": [ 28, 28, 22, 22 ],
			"bumpFast": [ 20, 20, 26, 26 ],
			"reboundSlow": [ 25, 25, 19, 19 ],
			"reboundFast": [ 18, 18, 27, 27 ]
		},
		"aeroBalance":
		{
			"rideHeight": [ 3, 11, 10, 18 ],
			"rodLength": [ -1.9221333265304565, -1.9221333265304565, 7.7892880439758301, 7.7892880439758301 ],
			"splitter": 0,
			"rearWing": 4,
			"brakeDuct": [ 3, 3 ]
		},
		"drivetrain":
		{
			"preload": 8
		}
	},
	"trackBopType": 42
}