{
	"carName": "nissan_gt_r_gt3_2018",
	"basicSetup":
	{
		"tyres":
		{
			"tyreCompound": 0,
			"tyrePressure": [ 54, 52, 45, 48 ]
		},
		"alignment":
		{
			"camber": [ 0, 0, 0, 0 ],
			"toe": [ 0, 0, 1, 1 ],
			"staticCamber": [ -3.458667516708374, -3.4600317478179932, -3.0769484043121338, -3.0746521949768066 ],
			"toeOutLinear": [ 2.0557252355501987e-05, 2.0547826352412812e-05, 9.927599603543058e-05, 9.9316734122112393e-05 ],
			"casterLF": 40,
			"casterRF": 40,
			"steerRatio": 3
		},
		"electronics":
		{
			"tC1": 4,
			"tC2": 0,
			"abs": 2,
			"eCUMap": 0,
			"fuelMix": 0,
			"telemetryLaps": 5
		},
		"strategy":
		{
			"fuel": 130,
			"nPitStops": 0,
			"tyreSet": 13,
			"frontBrakePadCompound": 1,
			"rearBrakePadCompound": 1,
			"pitStrategy": [
				{
					"fuelToAdd": 0,
					"tyres":
					{
						"tyreCompound": 0,
						"tyrePressure": [ 52, 50, 52, 52 ]
					},
					"tyreSet": 2,
					"frontBrakePadCompound": 1,
					"rearBrakePadCompound": 1
				}
			],
			"fuelPerLap": 3.1368637084960938
		}
	},
	"advancedSetup":
	{
		"mechanicalBalance":
		{
			"aRBFront": 7,
			"aRBRear": 6,
			"wheelRate": [ 3, 3, 0, 0 ],
			"bumpStopRateUp": [ 10, 10, 7, 7 ],
			"bumpStopRateDn": [ 0, 0, 10, 10 ],
			"bumpStopWindow": [ 8, 8, 16, 16 ],
			"brakeTorque": 20,
			"brakeBias": 49
		},
		"dampers":
		{
			"bumpSlow": [ 28, 28, 22, 22 ],
			"bumpFast": [ 20, 20, 26, 26 ],
			"reboundSlow": [ 25, 25, 19, 19 ],
			"reboundFast": [ 18, 18, 27, 27 ]
		},
		"aeroBalance":
		{
			"rideHeight": [ 3, 11, 9, 18 ],
			"rodLength": [ -2.287675142288208, -2.287675142288208, 12.412543296813965, 12.412543296813965 ],
			"splitter": 0,
			"rearWing": 4,
			"brakeDuct": [ 3, 3 ]
		},
		"drivetrain":
		{
			"preload": 13
		}
	},
	"trackBopType": 42
}