{
	"carName": "nissan_gt_r_gt3_2018",
	"basicSetup":
	{
		"tyres":
		{
			"tyreCompound": 0,
			"tyrePressure": [ 54, 52, 45, 48 ]
		},
		"alignment":
		{
			"camber": [ 0, 0, 0, 0 ],
			"toe": [ 0, 0, 0, 0 ],
			"staticCamber": [ -3.4687199592590332, -3.4701330661773682, -3.1106126308441162, -3.1082439422607422 ],
			"toeOutLinear": [ 3.0763028917135671e-05, 3.0759623768972233e-05, 8.0162048107013106e-05, 8.0195182817988098e-05 ],
			"casterLF": 40,
			"casterRF": 40,
			"steerRatio": 3
		},
		"electronics":
		{
			"tC1": 4,
			"tC2": 0,
			"abs": 2,
			"eCUMap": 0,
			"fuelMix": 0,
			"telemetryLaps": 0
		},
		"strategy":
		{
			"fuel": 130,
			"nPitStops": 0,
			"tyreSet": 11,
			"frontBrakePadCompound": 1,
			"rearBrakePadCompound": 1,
			"pitStrategy": [
				{
					"fuelToAdd": 0,
					"tyres":
					{
						"tyreCompound": 0,
						"tyrePressure": [ 52, 50, 52, 52 ]
					},
					"tyreSet": 2,
					"frontBrakePadCompound": 1,
					"rearBrakePadCompound": 1
				}
			],
			"fuelPerLap": 3.75
		}
	},
	"advancedSetup":
	{
		"mechanicalBalance":
		{
			"aRBFront": 7,
			"aRBRear": 6,
			"wheelRate": [ 3, 3, 0, 0 ],
			"bumpStopRateUp": [ 10, 10, 7, 7 ],
			"bumpStopRateDn": [ 0, 0, 10, 10 ],
			"bumpStopWindow": [ 8, 8, 10, 10 ],
			"brakeTorque": 20,
			"brakeBias": 41
		},
		"dampers":
		{
			"bumpSlow": [ 28, 28, 22, 22 ],
			"bumpFast": [ 20, 20, 26, 26 ],
			"reboundSlow": [ 25, 25, 19, 19 ],
			"reboundFast": [ 18, 18, 27, 27 ]
		},
		"aeroBalance":
		{
			"rideHeight": [ 3, 11, 10, 18 ],
			"rodLength": [ -1.2684732675552368, -1.2684732675552368, 14.965869903564453, 14.965869903564453 ],
			"splitter": 0,
			"rearWing": 4,
			"brakeDuct": [ 3, 3 ]
		},
		"drivetrain":
		{
			"preload": 8
		}
	},
	"trackBopType": 42
}