{
	"carName": "mclaren_720s_gt3_evo",
	"basicSetup":
	{
		"tyres":
		{
			"tyreCompound": 0,
			"tyrePressure": [ 42, 47, 38, 44 ]
		},
		"alignment":
		{
			"camber": [ 2, 2, 2, 2 ],
			"toe": [ 36, 36, 25, 25 ],
			"staticCamber": [ -4.4148263931274414, -4.4114603996276855, -4.5288190841674805, -4.5247602462768555 ],
			"toeOutLinear": [ 0.0015928946668282151, 0.0015929000219330192, 0.00018981275206897408, 0.00018980975437443703 ],
			"casterLF": 21,
			"casterRF": 21,
			"steerRatio": 2
		},
		"electronics":
		{
			"tC1": 5,
			"tC2": 4,
			"abs": 5,
			"eCUMap": 0,
			"fuelMix": 0,
			"telemetryLaps": 0
		},
		"strategy":
		{
			"fuel": 38,
			"nPitStops": 0,
			"tyreSet": 2,
			"frontBrakePadCompound": 0,
			"rearBrakePadCompound": 0,
			"pitStrategy": [
				{
					"fuelToAdd": 50,
					"tyres":
					{
						"tyreCompound": 0,
						"tyrePressure": [ 42, 47, 38, 44 ]
					},
					"tyreSet": 0,
					"frontBrakePadCompound": 0,
					"rearBrakePadCompound": 0
				}
			],
			"fuelPerLap": 2.7100000381469727
		}
	},
	"advancedSetup":
	{
		"mechanicalBalance":
		{
			"aRBFront": 6,
			"aRBRear": 13,
			"wheelRate": [ 4, 4, 6, 6 ],
			"bumpStopRateUp": [ 7, 7, 2, 2 ],
			"bumpStopRateDn": [ 0, 0, 10, 10 ],
			"bumpStopWindow": [ 2, 2, 20, 20 ],
			"brakeTorque": 20,
			"brakeBias": 40
		},
		"dampers":
		{
			"bumpSlow": [ 30, 30, 14, 14 ],
			"bumpFast": [ 30, 30, 20, 20 ],
			"reboundSlow": [ 20, 20, 23, 23 ],
			"reboundFast": [ 30, 30, 31, 31 ]
		},
		"aeroBalance":
		{
			"rideHeight": [ 0, 6, 6, 18 ],
			"rodLength": [ 51.112339019775391, 51.112339019775391, 26.040153503417969, 26.040153503417969 ],
			"splitter": 0,
			"rearWing": 10,
			"brakeDuct": [ 4, 3 ]
		},
		"drivetrain":
		{
			"preload": 2
		}
	},
	"trackBopType": 37
}