{
	"carName": "nissan_gt_r_gt3_2018",
	"basicSetup":
	{
		"tyres":
		{
			"tyreCompound": 1,
			"tyrePressure": [ 72, 72, 71, 71 ]
		},
		"alignment":
		{
			"camber": [ 4, 4, 5, 5 ],
			"toe": [ 5, 5, 20, 20 ],
			"staticCamber": [ -3.2417726516723633, -3.2412159442901611, -2.6897635459899902, -2.6893932819366455 ],
			"toeOutLinear": [ 7.9403893323615193e-05, 7.9701181675773114e-05, 0.00042218956514261663, 0.00042216444853693247 ],
			"casterLF": 3,
			"casterRF": 3,
			"steerRatio": 3
		},
		"electronics":
		{
			"tC1": 3,
			"tC2": 0,
			"abs": 5,
			"eCUMap": 0,
			"fuelMix": 0,
			"telemetryLaps": 0
		},
		"strategy":
		{
			"fuel": 53,
			"nPitStops": 0,
			"tyreSet": 0,
			"frontBrakePadCompound": 2,
			"rearBrakePadCompound": 2,
			"pitStrategy": [
				{
					"fuelToAdd": 0,
					"tyres":
					{
						"tyreCompound": 0,
						"tyrePressure": [ 0, 0, 0, 0 ]
					},
					"tyreSet": 2,
					"frontBrakePadCompound": 0,
					"rearBrakePadCompound": 0
				}
			],
			"fuelPerLap": 2.6762652397155762
		}
	},
	"advancedSetup":
	{
		"mechanicalBalance":
		{
			"aRBFront": 4,
			"aRBRear": 4,
			"wheelRate": [ 2, 2, 3, 3 ],
			"bumpStopRateUp": [ 7, 7, 2, 2 ],
			"bumpStopRateDn": [ 0, 0, 10, 10 ],
			"bumpStopWindow": [ 3, 3, 15, 15 ],
			"brakeTorque": 20,
			"brakeBias": 40
		},
		"dampers":
		{
			"bumpSlow": [ 15, 15, 12, 12 ],
			"bumpFast": [ 10, 10, 10, 10 ],
			"reboundSlow": [ 15, 15, 18, 18 ],
			"reboundFast": [ 20, 20, 17, 17 ]
		},
		"aeroBalance":
		{
			"rideHeight": [ 9, 11, 16, 18 ],
			"rodLength": [ 2.754324197769165, 2.754324197769165, 7.9071993827819824, 7.9071993827819824 ],
			"splitter": 0,
			"rearWing": 4,
			"brakeDuct": [ 4, 4 ]
		},
		"drivetrain":
		{
			"preload": 10
		}
	},
	"trackBopType": 45
}