{
	"carName": "amr_v12_vantage_gt3",
	"basicSetup":
	{
		"tyres":
		{
			"tyreCompound": 0,
			"tyrePressure": [ 50, 53, 55, 56 ]
		},
		"alignment":
		{
			"camber": [ 7, 7, 5, 5 ],
			"toe": [ 40, 40, 40, 40 ],
			"staticCamber": [ -3.1263065338134766, -3.1240532398223877, -2.2341809272766113, -2.2335138320922852 ],
			"toeOutLinear": [ 3.2470477890456095e-05, 3.2474443287355825e-05, -0.00022335369430948049, -0.00022341399744618684 ],
			"casterLF": 21,
			"casterRF": 21,
			"steerRatio": 3
		},
		"electronics":
		{
			"tC1": 1,
			"tC2": 0,
			"abs": 3,
			"eCUMap": 0,
			"fuelMix": 0,
			"telemetryLaps": 0
		},
		"strategy":
		{
			"fuel": 46,
			"nPitStops": 0,
			"tyreSet": 1,
			"frontBrakePadCompound": 0,
			"rearBrakePadCompound": 0,
			"pitStrategy": [
				{
					"fuelToAdd": 0,
					"tyres":
					{
						"tyreCompound": 0,
						"tyrePressure": [ 50, 53, 55, 56 ]
					},
					"tyreSet": 2,
					"frontBrakePadCompound": 0,
					"rearBrakePadCompound": 0
				}
			],
			"fuelPerLap": 2.5539646148681641
		}
	},
	"advancedSetup":
	{
		"mechanicalBalance":
		{
			"aRBFront": 3,
			"aRBRear": 6,
			"wheelRate": [ 3, 3, 10, 10 ],
			"bumpStopRateUp": [ 11, 11, 17, 17 ],
			"bumpStopRateDn": [ 0, 0, 10, 10 ],
			"bumpStopWindow": [ 7, 7, 55, 55 ],
			"brakeTorque": 20,
			"brakeBias": 40
		},
		"dampers":
		{
			"bumpSlow": [ 34, 34, 33, 33 ],
			"bumpFast": [ 42, 42, 41, 41 ],
			"reboundSlow": [ 34, 34, 33, 33 ],
			"reboundFast": [ 42, 42, 41, 41 ]
		},
		"aeroBalance":
		{
			"rideHeight": [ 1, 6, 3, 18 ],
			"rodLength": [ 8.7984848022460938, 8.7984848022460938, -32.362434387207031, -32.362434387207031 ],
			"splitter": 0,
			"rearWing": 10,
			"brakeDuct": [ 4, 2 ]
		},
		"drivetrain":
		{
			"preload": 3
		}
	},
	"trackBopType": 35
}