{
	"carName": "mclaren_720s_gt3",
	"basicSetup":
	{
		"tyres":
		{
			"tyreCompound": 0,
			"tyrePressure": [ 62, 62, 55, 57 ]
		},
		"alignment":
		{
			"camber": [ 0, 0, 0, 0 ],
			"toe": [ 38, 38, 20, 20 ],
			"staticCamber": [ -4.5958094596862793, -4.5958590507507324, -4.6066484451293945, -4.6053190231323242 ],
			"toeOutLinear": [ 0.0017857718048617244, 0.0017857473576441407, 0.00045083556324243546, 0.00045076524838805199 ],
			"casterLF": 11,
			"casterRF": 11,
			"steerRatio": 2
		},
		"electronics":
		{
			"tC1": 3,
			"tC2": 6,
			"abs": 5,
			"eCUMap": 0,
			"fuelMix": 0,
			"telemetryLaps": 0
		},
		"strategy":
		{
			"fuel": 28,
			"nPitStops": 0,
			"tyreSet": 3,
			"frontBrakePadCompound": 0,
			"rearBrakePadCompound": 1,
			"pitStrategy": [
				{
					"fuelToAdd": 65,
					"tyres":
					{
						"tyreCompound": 0,
						"tyrePressure": [ 53, 55, 53, 55 ]
					},
					"tyreSet": 2,
					"frontBrakePadCompound": 0,
					"rearBrakePadCompound": 0
				}
			],
			"fuelPerLap": 3.5726394653320313
		}
	},
	"advancedSetup":
	{
		"mechanicalBalance":
		{
			"aRBFront": 5,
			"aRBRear": 13,
			"wheelRate": [ 2, 2, 3, 3 ],
			"bumpStopRateUp": [ 5, 5, 2, 2 ],
			"bumpStopRateDn": [ 0, 0, 10, 10 ],
			"bumpStopWindow": [ 1, 1, 50, 50 ],
			"brakeTorque": 20,
			"brakeBias": 50
		},
		"dampers":
		{
			"bumpSlow": [ 20, 20, 20, 20 ],
			"bumpFast": [ 23, 23, 30, 30 ],
			"reboundSlow": [ 8, 8, 22, 22 ],
			"reboundFast": [ 20, 20, 27, 27 ]
		},
		"aeroBalance":
		{
			"rideHeight": [ 12, 6, 16, 18 ],
			"rodLength": [ 62.179977416992188, 62.179977416992188, 37.231220245361328, 37.231220245361328 ],
			"splitter": 0,
			"rearWing": 3,
			"brakeDuct": [ 4, 4 ]
		},
		"drivetrain":
		{
			"preload": 3
		}
	},
	"trackBopType": 39
}