{
	"carName": "mclaren_720s_gt3",
	"basicSetup":
	{
		"tyres":
		{
			"tyreCompound": 0,
			"tyrePressure": [ 45, 48, 45, 48 ]
		},
		"alignment":
		{
			"camber": [ 0, 0, 0, 0 ],
			"toe": [ 38, 38, 20, 20 ],
			"staticCamber": [ -4.5961017608642578, -4.5942449569702148, -4.6103487014770508, -4.6082773208618164 ],
			"toeOutLinear": [ 0.0017883515683934093, 0.0017883403925225139, 0.00045142706949263811, 0.0004514179308898747 ],
			"casterLF": 11,
			"casterRF": 11,
			"steerRatio": 2
		},
		"electronics":
		{
			"tC1": 6,
			"tC2": 6,
			"abs": 6,
			"eCUMap": 0,
			"fuelMix": 0,
			"telemetryLaps": 0
		},
		"strategy":
		{
			"fuel": 28,
			"nPitStops": 0,
			"tyreSet": 1,
			"frontBrakePadCompound": 0,
			"rearBrakePadCompound": 1,
			"pitStrategy": [
				{
					"fuelToAdd": 60,
					"tyres":
					{
						"tyreCompound": 0,
						"tyrePressure": [ 45, 48, 45, 48 ]
					},
					"tyreSet": 2,
					"frontBrakePadCompound": 0,
					"rearBrakePadCompound": 0
				}
			],
			"fuelPerLap": 3.5077621936798096
		}
	},
	"advancedSetup":
	{
		"mechanicalBalance":
		{
			"aRBFront": 6,
			"aRBRear": 12,
			"wheelRate": [ 2, 2, 3, 3 ],
			"bumpStopRateUp": [ 5, 5, 2, 2 ],
			"bumpStopRateDn": [ 0, 0, 10, 10 ],
			"bumpStopWindow": [ 1, 1, 50, 50 ],
			"brakeTorque": 20,
			"brakeBias": 50
		},
		"dampers":
		{
			"bumpSlow": [ 20, 20, 20, 20 ],
			"bumpFast": [ 23, 23, 30, 30 ],
			"reboundSlow": [ 8, 8, 22, 22 ],
			"reboundFast": [ 20, 20, 27, 27 ]
		},
		"aeroBalance":
		{
			"rideHeight": [ 12, 6, 16, 18 ],
			"rodLength": [ 62.327880859375, 62.327880859375, 37.335552215576172, 37.335552215576172 ],
			"splitter": 0,
			"rearWing": 6,
			"brakeDuct": [ 4, 4 ]
		},
		"drivetrain":
		{
			"preload": 6
		}
	},
	"trackBopType": 39
}