{
	"carName": "bmw_m4_gt3",
	"basicSetup":
	{
		"tyres":
		{
			"tyreCompound": 0,
			"tyrePressure": [ 49, 53, 49, 52 ]
		},
		"alignment":
		{
			"camber": [ 0, 0, 0, 0 ],
			"toe": [ 5, 5, 8, 8 ],
			"staticCamber": [ -4.1286196708679199, -4.125971794128418, -2.2136926651000977, -2.2116861343383789 ],
			"toeOutLinear": [ 0.00032070852466858923, 0.00032070648740045726, 0.00012599151523318142, 0.00012599557521753013 ],
			"casterLF": 27,
			"casterRF": 27,
			"steerRatio": 3
		},
		"electronics":
		{
			"tC1": 4,
			"tC2": 0,
			"abs": 3,
			"eCUMap": 0,
			"fuelMix": 0,
			"telemetryLaps": 0
		},
		"strategy":
		{
			"fuel": 13,
			"nPitStops": 0,
			"tyreSet": 0,
			"frontBrakePadCompound": 0,
			"rearBrakePadCompound": 0,
			"pitStrategy": [
				{
					"fuelToAdd": 0,
					"tyres":
					{
						"tyreCompound": 0,
						"tyrePressure": [ 49, 53, 49, 52 ]
					},
					"tyreSet": 2,
					"frontBrakePadCompound": 1,
					"rearBrakePadCompound": 1
				}
			],
			"fuelPerLap": 3.4500000476837158
		}
	},
	"advancedSetup":
	{
		"mechanicalBalance":
		{
			"aRBFront": 6,
			"aRBRear": 3,
			"wheelRate": [ 2, 2, 1, 1 ],
			"bumpStopRateUp": [ 5, 5, 4, 4 ],
			"bumpStopRateDn": [ 0, 0, 10, 10 ],
			"bumpStopWindow": [ 10, 10, 50, 50 ],
			"brakeTorque": 20,
			"brakeBias": 13
		},
		"dampers":
		{
			"bumpSlow": [ 24, 24, 20, 20 ],
			"bumpFast": [ 20, 20, 17, 17 ],
			"reboundSlow": [ 28, 28, 24, 22 ],
			"reboundFast": [ 36, 36, 34, 34 ]
		},
		"aeroBalance":
		{
			"rideHeight": [ 0, 11, 5, 18 ],
			"rodLength": [ 22.216991424560547, 22.216991424560547, 2.8205516338348389, 2.8205516338348389 ],
			"splitter": 0,
			"rearWing": 8,
			"brakeDuct": [ 3, 2 ]
		},
		"drivetrain":
		{
			"preload": 0
		}
	},
	"trackBopType": 53
}