{
  "carName": "ferrari_296_gt3",
  "basicSetup": {
    "tyres": {
      "tyreCompound": 1,
      "tyrePressure": [
        75,
        78,
        71,
        74
      ]
    },
    "alignment": {
      "camber": [
        1,
        1,
        1,
        1
      ],
      "toe": [
        32,
        32,
        50,
        50
      ],
      "staticCamber": [
        -4.5224699974060059,
        -4.5210237503051758,
        -4.7901611328125,
        -4.7880082130432129
      ],
      "toeOutLinear": [
        -0.00030141815659590065,
        -0.00030142339528538287,
        0.00030892647919245064,
        0.00030893058283254504
      ],
      "casterLF": 30,
      "casterRF": 30,
      "steerRatio": 2
    },
    "electronics": {
      "tC1": 7,
      "tC2": 0,
      "abs": 3,
      "eCUMap": 0,
      "fuelMix": 0,
      "telemetryLaps": 10
    },
    "strategy": {
      "fuel": 0,
      "nPitStops": 0,
      "tyreSet": 0,
      "frontBrakePadCompound": 0,
      "rearBrakePadCompound": 0,
      "pitStrategy": [
        {
          "fuelToAdd": 0,
          "tyres": {
            "tyreCompound": 0,
            "tyrePressure": [
              75,
              78,
              71,
              74
            ]
          },
          "tyreSet": 2,
          "frontBrakePadCompound": 0,
          "rearBrakePadCompound": 0
        }
      ],
      "fuelPerLap": 3.25
    }
  },
  "advancedSetup": {
    "mechanicalBalance": {
      "aRBFront": 6,
      "aRBRear": 0,
      "wheelRate": [
        3,
        3,
        0,
        0
      ],
      "bumpStopRateUp": [
        0,
        0,
        0,
        0
      ],
      "bumpStopRateDn": [
        0,
        0,
        10,
        10
      ],
      "bumpStopWindow": [
        0,
        0,
        15,
        15
      ],
      "brakeTorque": 20,
      "brakeBias": 0
    },
    "dampers": {
      "bumpSlow": [
        3,
        3,
        2,
        2
      ],
      "bumpFast": [
        2,
        2,
        1,
        1
      ],
      "reboundSlow": [
        8,
        8,
        7,
        7
      ],
      "reboundFast": [
        8,
        8,
        8,
        8
      ]
    },
    "aeroBalance": {
      "rideHeight": [
        0,
        6,
        10,
        18
      ],
      "rodLength": [
        34.358505249023438,
        34.358505249023438,
        44.034652709960938,
        44.034652709960938
      ],
      "splitter": 0,
      "rearWing": 12,
      "brakeDuct": [
        3,
        3
      ]
    },
    "drivetrain": {
      "preload": 2
    }
  },
  "trackBopType": 52
}