{
  "carName": "ferrari_296_gt3",
  "basicSetup": {
    "tyres": {
      "tyreCompound": 0,
      "tyrePressure": [
        48,
        56,
        48,
        55
      ]
    },
    "alignment": {
      "camber": [
        2,
        2,
        3,
        3
      ],
      "toe": [
        0,
        0,
        45,
        45
      ],
      "staticCamber": [
        -4.4974875450134277,
        -4.4923834800720215,
        -4.6075968742370605,
        -4.602900505065918
      ],
      "toeOutLinear": [
        0.00046917656436562538,
        0.00046917633153498173,
        0.0001203506690217182,
        0.0001203394858748652
      ],
      "casterLF": 30,
      "casterRF": 30,
      "steerRatio": 2
    },
    "electronics": {
      "tC1": 6,
      "tC2": 0,
      "abs": 2,
      "eCUMap": 0,
      "fuelMix": 0,
      "telemetryLaps": 10
    },
    "strategy": {
      "fuel": 0,
      "nPitStops": 0,
      "tyreSet": 2,
      "frontBrakePadCompound": 0,
      "rearBrakePadCompound": 0,
      "pitStrategy": [
        {
          "fuelToAdd": 0,
          "tyres": {
            "tyreCompound": 0,
            "tyrePressure": [
              48,
              56,
              48,
              55
            ]
          },
          "tyreSet": 2,
          "frontBrakePadCompound": 0,
          "rearBrakePadCompound": 0
        }
      ],
      "fuelPerLap": 3.25
    }
  },
  "advancedSetup": {
    "mechanicalBalance": {
      "aRBFront": 5,
      "aRBRear": 1,
      "wheelRate": [
        0,
        0,
        0,
        0
      ],
      "bumpStopRateUp": [
        0,
        0,
        0,
        0
      ],
      "bumpStopRateDn": [
        0,
        0,
        10,
        10
      ],
      "bumpStopWindow": [
        16,
        16,
        0,
        0
      ],
      "brakeTorque": 20,
      "brakeBias": 41
    },
    "dampers": {
      "bumpSlow": [
        0,
        0,
        0,
        0
      ],
      "bumpFast": [
        0,
        0,
        0,
        0
      ],
      "reboundSlow": [
        11,
        11,
        11,
        11
      ],
      "reboundFast": [
        11,
        11,
        11,
        11
      ]
    },
    "aeroBalance": {
      "rideHeight": [
        0,
        6,
        10,
        18
      ],
      "rodLength": [
        35.984786987304688,
        35.984786987304688,
        44.348823547363281,
        44.348823547363281
      ],
      "splitter": 0,
      "rearWing": 12,
      "brakeDuct": [
        2,
        4
      ]
    },
    "drivetrain": {
      "preload": 0
    }
  },
  "trackBopType": 52
}