{
	"carName": "porsche_992_gt3_r",
	"basicSetup":
	{
		"tyres":
		{
			"tyreCompound": 0,
			"tyrePressure": [ 46, 60, 40, 49 ]
		},
		"alignment":
		{
			"camber": [ 0, 0, 0, 0 ],
			"toe": [ 28, 28, 54, 54 ],
			"staticCamber": [ -4.5928926467895508, -4.5850057601928711, 0.66468530893325806, 0.6715971827507019 ],
			"toeOutLinear": [ 0.00024463882436975837, 0.00024462657165713608, -0.0073845731094479561, -0.0073846066370606422 ],
			"casterLF": 30,
			"casterRF": 30,
			"steerRatio": 5
		},
		"electronics":
		{
			"tC1": 5,
			"tC2": 0,
			"abs": 3,
			"eCUMap": 7,
			"fuelMix": 0,
			"telemetryLaps": 0
		},
		"strategy":
		{
			"fuel": 13,
			"nPitStops": 0,
			"tyreSet": 0,
			"frontBrakePadCompound": 0,
			"rearBrakePadCompound": 0,
			"pitStrategy": [
				{
					"fuelToAdd": 0,
					"tyres":
					{
						"tyreCompound": 0,
						"tyrePressure": [ 46, 60, 40, 49 ]
					},
					"tyreSet": 2,
					"frontBrakePadCompound": 1,
					"rearBrakePadCompound": 1
				}
			],
			"fuelPerLap": 2.9000000953674316
		}
	},
	"advancedSetup":
	{
		"mechanicalBalance":
		{
			"aRBFront": 5,
			"aRBRear": 3,
			"wheelRate": [ 5, 5, 4, 4 ],
			"bumpStopRateUp": [ 11, 11, 11, 11 ],
			"bumpStopRateDn": [ 0, 0, 10, 10 ],
			"bumpStopWindow": [ 7, 7, 25, 25 ],
			"brakeTorque": 20,
			"brakeBias": 33
		},
		"dampers":
		{
			"bumpSlow": [ 10, 10, 10, 10 ],
			"bumpFast": [ 6, 6, 4, 4 ],
			"reboundSlow": [ 8, 8, 10, 10 ],
			"reboundFast": [ 8, 8, 8, 8 ]
		},
		"aeroBalance":
		{
			"rideHeight": [ 0, 11, 7, 18 ],
			"rodLength": [ 32.005615234375, 32.005615234375, -70.609970092773438, -70.609970092773438 ],
			"splitter": 0,
			"rearWing": 12,
			"brakeDuct": [ 3, 2 ]
		},
		"drivetrain":
		{
			"preload": 16
		}
	},
	"trackBopType": 35
}