{
	"carName": "porsche_992_gt3_r",
	"basicSetup":
	{
		"tyres":
		{
			"tyreCompound": 0,
			"tyrePressure": [ 48, 62, 40, 51 ]
		},
		"alignment":
		{
			"camber": [ 2, 2, 0, 0 ],
			"toe": [ 24, 24, 54, 54 ],
			"staticCamber": [ -4.4082436561584473, -4.3986539840698242, 0.59818172454833984, 0.6081807017326355 ],
			"toeOutLinear": [ 0.00034540402702987194, 0.00034540978958830237, -0.007375058252364397, -0.0073750331066548824 ],
			"casterLF": 30,
			"casterRF": 30,
			"steerRatio": 5
		},
		"electronics":
		{
			"tC1": 5,
			"tC2": 0,
			"abs": 3,
			"eCUMap": 7,
			"fuelMix": 0,
			"telemetryLaps": 0
		},
		"strategy":
		{
			"fuel": 48,
			"nPitStops": 0,
			"tyreSet": 0,
			"frontBrakePadCompound": 0,
			"rearBrakePadCompound": 0,
			"pitStrategy": [
				{
					"fuelToAdd": 0,
					"tyres":
					{
						"tyreCompound": 0,
						"tyrePressure": [ 48, 62, 40, 51 ]
					},
					"tyreSet": 2,
					"frontBrakePadCompound": 1,
					"rearBrakePadCompound": 1
				}
			],
			"fuelPerLap": 2.5508499145507813
		}
	},
	"advancedSetup":
	{
		"mechanicalBalance":
		{
			"aRBFront": 4,
			"aRBRear": 3,
			"wheelRate": [ 5, 5, 4, 4 ],
			"bumpStopRateUp": [ 11, 11, 11, 11 ],
			"bumpStopRateDn": [ 0, 0, 10, 10 ],
			"bumpStopWindow": [ 10, 10, 18, 18 ],
			"brakeTorque": 20,
			"brakeBias": 28
		},
		"dampers":
		{
			"bumpSlow": [ 10, 10, 10, 10 ],
			"bumpFast": [ 6, 6, 4, 4 ],
			"reboundSlow": [ 8, 8, 10, 10 ],
			"reboundFast": [ 8, 8, 8, 8 ]
		},
		"aeroBalance":
		{
			"rideHeight": [ 0, 11, 8, 18 ],
			"rodLength": [ 33.081340789794922, 33.081340789794922, -69.440467834472656, -69.440467834472656 ],
			"splitter": 0,
			"rearWing": 12,
			"brakeDuct": [ 3, 3 ]
		},
		"drivetrain":
		{
			"preload": 16
		}
	},
	"trackBopType": 35
}