{
	"carName": "ferrari_296_gt3",
	"basicSetup": {
		"tyres": {
			"tyreCompound": 1,
			"tyrePressure": [
				57,
				57,
				57,
				57
			]
		},
		"alignment": {
			"camber": [
				2,
				2,
				3,
				3
			],
			"toe": [
				25,
				25,
				50,
				50
			],
			"staticCamber": [
				-4.4377050399780273,
				-4.4377055168151855,
				-4.6942176818847656,
				-4.6942172050476074
			],
			"toeOutLinear": [
				-0.00013282474537845701,
				-0.00013281773135531694,
				0.000296979327686131,
				0.00029697618447244167
			],
			"casterLF": 30,
			"casterRF": 30,
			"steerRatio": 2
		},
		"electronics": {
			"tC1": 6,
			"tC2": 0,
			"abs": 3,
			"eCUMap": 0,
			"fuelMix": 0,
			"telemetryLaps": 2
		},
		"strategy": {
			"fuel": 0,
			"nPitStops": 0,
			"tyreSet": 0,
			"frontBrakePadCompound": 0,
			"rearBrakePadCompound": 0,
			"pitStrategy": [
				{
					"fuelToAdd": 0,
					"tyres": {
						"tyreCompound": 0,
						"tyrePressure": [
							57,
							57,
							57,
							57
						]
					},
					"tyreSet": 2,
					"frontBrakePadCompound": 0,
					"rearBrakePadCompound": 0
				}
			],
			"fuelPerLap": 2.9000000953674316
		}
	},
	"advancedSetup": {
		"mechanicalBalance": {
			"aRBFront": 2,
			"aRBRear": 2,
			"wheelRate": [
				0,
				0,
				0,
				0
			],
			"bumpStopRateUp": [
				2,
				2,
				4,
				4
			],
			"bumpStopRateDn": [
				0,
				0,
				10,
				10
			],
			"bumpStopWindow": [
				10,
				10,
				25,
				25
			],
			"brakeTorque": 20,
			"brakeBias": 0
		},
		"dampers": {
			"bumpSlow": [
				2,
				2,
				2,
				2
			],
			"bumpFast": [
				8,
				8,
				8,
				8
			],
			"reboundSlow": [
				8,
				8,
				8,
				8
			],
			"reboundFast": [
				11,
				11,
				11,
				11
			]
		},
		"aeroBalance": {
			"rideHeight": [
				0,
				6,
				12,
				18
			],
			"rodLength": [
				35.648712158203125,
				35.648712158203125,
				45.791366577148438,
				45.791366577148438
			],
			"splitter": 0,
			"rearWing": 12,
			"brakeDuct": [
				3,
				3
			]
		},
		"drivetrain": {
			"preload": 3
		}
	},
	"trackBopType": 27
}