{
  "carName": "ferrari_296_gt3",
  "basicSetup": {
    "tyres": {
      "tyreCompound": 0,
      "tyrePressure": [
        58,
        52,
        56,
        52
      ]
    },
    "alignment": {
      "camber": [
        0,
        0,
        0,
        0
      ],
      "toe": [
        5,
        5,
        40,
        40
      ],
      "staticCamber": [
        -4.9436092376708984,
        -4.9473843574523926,
        -5.1061325073242188,
        -5.1087932586669922
      ],
      "toeOutLinear": [
        6.2905586673878133e-05,
        6.2906583480071276e-05,
        -8.8818393123801798e-05,
        -8.8801018137019128e-05
      ],
      "casterLF": 30,
      "casterRF": 30,
      "steerRatio": 2
    },
    "electronics": {
      "tC1": 6,
      "tC2": 0,
      "abs": 2,
      "eCUMap": 0,
      "fuelMix": 0,
      "telemetryLaps": 5
    },
    "strategy": {
      "fuel": 0,
      "nPitStops": 0,
      "tyreSet": 5,
      "frontBrakePadCompound": 0,
      "rearBrakePadCompound": 0,
      "pitStrategy": [
        {
          "fuelToAdd": 0,
          "tyres": {
            "tyreCompound": 0,
            "tyrePressure": [
              58,
              52,
              56,
              52
            ]
          },
          "tyreSet": 2,
          "frontBrakePadCompound": 0,
          "rearBrakePadCompound": 0
        }
      ],
      "fuelPerLap": 2.9000000953674316
    }
  },
  "advancedSetup": {
    "mechanicalBalance": {
      "aRBFront": 0,
      "aRBRear": 0,
      "wheelRate": [
        0,
        0,
        0,
        0
      ],
      "bumpStopRateUp": [
        0,
        0,
        0,
        0
      ],
      "bumpStopRateDn": [
        0,
        0,
        10,
        10
      ],
      "bumpStopWindow": [
        10,
        10,
        38,
        38
      ],
      "brakeTorque": 20,
      "brakeBias": 37
    },
    "dampers": {
      "bumpSlow": [
        0,
        0,
        0,
        0
      ],
      "bumpFast": [
        0,
        0,
        0,
        0
      ],
      "reboundSlow": [
        0,
        0,
        11,
        11
      ],
      "reboundFast": [
        0,
        0,
        11,
        11
      ]
    },
    "aeroBalance": {
      "rideHeight": [
        12,
        6,
        14,
        18
      ],
      "rodLength": [
        47.738616943359375,
        47.738616943359375,
        48.097755432128906,
        48.097755432128906
      ],
      "splitter": 0,
      "rearWing": 7,
      "brakeDuct": [
        2,
        4
      ]
    },
    "drivetrain": {
      "preload": 0
    }
  },
  "trackBopType": 27
}