{
	"carName": "ferrari_296_gt3",
	"basicSetup": {
		"tyres": {
			"tyreCompound": 1,
			"tyrePressure": [
				57,
				64,
				45,
				52
			]
		},
		"alignment": {
			"camber": [
				2,
				2,
				1,
				1
			],
			"toe": [
				28,
				28,
				50,
				50
			],
			"staticCamber": [
				-4.4337100982666016,
				-4.4303512573242188,
				-5.011380672454834,
				-5.007016658782959
			],
			"toeOutLinear": [
				-0.00020624948956537992,
				-0.00020623463205993176,
				0.00028284621657803655,
				0.00028284895233809948
			],
			"casterLF": 30,
			"casterRF": 30,
			"steerRatio": 2
		},
		"electronics": {
			"tC1": 6,
			"tC2": 0,
			"abs": 3,
			"eCUMap": 0,
			"fuelMix": 0,
			"telemetryLaps": 5
		},
		"strategy": {
			"fuel": 0,
			"nPitStops": 0,
			"tyreSet": 0,
			"frontBrakePadCompound": 0,
			"rearBrakePadCompound": 0,
			"pitStrategy": [
				{
					"fuelToAdd": 0,
					"tyres": {
						"tyreCompound": 0,
						"tyrePressure": [
							57,
							64,
							45,
							52
						]
					},
					"tyreSet": 2,
					"frontBrakePadCompound": 0,
					"rearBrakePadCompound": 0
				}
			],
			"fuelPerLap": 2.9000000953674316
		}
	},
	"advancedSetup": {
		"mechanicalBalance": {
			"aRBFront": 4,
			"aRBRear": 2,
			"wheelRate": [
				0,
				0,
				0,
				0
			],
			"bumpStopRateUp": [
				4,
				4,
				7,
				7
			],
			"bumpStopRateDn": [
				0,
				0,
				10,
				10
			],
			"bumpStopWindow": [
				8,
				8,
				20,
				20
			],
			"brakeTorque": 20,
			"brakeBias": 0
		},
		"dampers": {
			"bumpSlow": [
				2,
				2,
				2,
				2
			],
			"bumpFast": [
				11,
				11,
				10,
				10
			],
			"reboundSlow": [
				9,
				9,
				9,
				9
			],
			"reboundFast": [
				11,
				11,
				11,
				11
			]
		},
		"aeroBalance": {
			"rideHeight": [
				0,
				6,
				14,
				18
			],
			"rodLength": [
				35.675750732421875,
				35.675750732421875,
				48.035675048828125,
				48.035675048828125
			],
			"splitter": 0,
			"rearWing": 12,
			"brakeDuct": [
				3,
				3
			]
		},
		"drivetrain": {
			"preload": 3
		}
	},
	"trackBopType": 27
}