{
	"carName": "ferrari_296_gt3",
	"basicSetup":
	{
		"tyres":
		{
			"tyreCompound": 0,
			"tyrePressure": [ 59, 55, 50, 46 ]
		},
		"alignment":
		{
			"camber": [ 2, 2, 2, 2 ],
			"toe": [ 26, 26, 40, 40 ],
			"staticCamber": [ -4.5116934776306152, -4.5141215324401855, -4.6772379875183105, -4.6801199913024902 ],
			"toeOutLinear": [ -0.00024003600992728025, -0.00024003892031032592, -6.3715400756336749e-05, -6.371084600687027e-05 ],
			"casterLF": 30,
			"casterRF": 30,
			"steerRatio": 1
		},
		"electronics":
		{
			"tC1": 6,
			"tC2": 0,
			"abs": 4,
			"eCUMap": 0,
			"fuelMix": 0,
			"telemetryLaps": 5
		},
		"strategy":
		{
			"fuel": 103,
			"nPitStops": 0,
			"tyreSet": 8,
			"frontBrakePadCompound": 1,
			"rearBrakePadCompound": 1,
			"pitStrategy": [
				{
					"fuelToAdd": 0,
					"tyres":
					{
						"tyreCompound": 0,
						"tyrePressure": [ 41, 58, 45, 56 ]
					},
					"tyreSet": 2,
					"frontBrakePadCompound": 1,
					"rearBrakePadCompound": 1
				}
			],
			"fuelPerLap": 2.6245167255401611
		}
	},
	"advancedSetup":
	{
		"mechanicalBalance":
		{
			"aRBFront": 1,
			"aRBRear": 3,
			"wheelRate": [ 2, 2, 3, 3 ],
			"bumpStopRateUp": [ 4, 4, 8, 8 ],
			"bumpStopRateDn": [ 0, 0, 10, 10 ],
			"bumpStopWindow": [ 6, 6, 12, 12 ],
			"brakeTorque": 20,
			"brakeBias": 24
		},
		"dampers":
		{
			"bumpSlow": [ 5, 5, 3, 3 ],
			"bumpFast": [ 6, 6, 6, 6 ],
			"reboundSlow": [ 7, 7, 7, 7 ],
			"reboundFast": [ 6, 6, 9, 9 ]
		},
		"aeroBalance":
		{
			"rideHeight": [ 3, 6, 9, 18 ],
			"rodLength": [ 38.794586181640625, 38.794586181640625, 42.57989501953125, 42.57989501953125 ],
			"splitter": 0,
			"rearWing": 12,
			"brakeDuct": [ 4, 5 ]
		},
		"drivetrain":
		{
			"preload": 4
		}
	},
	"trackBopType": 27
}