{
	"carName": "mclaren_720s_gt3_evo",
	"basicSetup":
	{
		"tyres":
		{
			"tyreCompound": 0,
			"tyrePressure": [ 44, 55, 41, 52 ]
		},
		"alignment":
		{
			"camber": [ 0, 0, 0, 0 ],
			"toe": [ 33, 33, 24, 24 ],
			"staticCamber": [ -4.6291828155517578, -4.6218910217285156, -4.9164795875549316, -4.9092264175415039 ],
			"toeOutLinear": [ 0.0016538620693609118, 0.001653874758630991, 0.0003008908242918551, 0.00030088704079389572 ],
			"casterLF": 34,
			"casterRF": 34,
			"steerRatio": 1
		},
		"electronics":
		{
			"tC1": 3,
			"tC2": 0,
			"abs": 2,
			"eCUMap": 0,
			"fuelMix": 0,
			"telemetryLaps": 0
		},
		"strategy":
		{
			"fuel": 13,
			"nPitStops": 0,
			"tyreSet": 0,
			"frontBrakePadCompound": 0,
			"rearBrakePadCompound": 0,
			"pitStrategy": [
				{
					"fuelToAdd": 0,
					"tyres":
					{
						"tyreCompound": 0,
						"tyrePressure": [ 44, 55, 41, 52 ]
					},
					"tyreSet": 0,
					"frontBrakePadCompound": 1,
					"rearBrakePadCompound": 1
				}
			],
			"fuelPerLap": 2.8499999046325684
		}
	},
	"advancedSetup":
	{
		"mechanicalBalance":
		{
			"aRBFront": 7,
			"aRBRear": 8,
			"wheelRate": [ 3, 3, 3, 3 ],
			"bumpStopRateUp": [ 7, 7, 11, 11 ],
			"bumpStopRateDn": [ 0, 0, 10, 10 ],
			"bumpStopWindow": [ 12, 12, 20, 20 ],
			"brakeTorque": 20,
			"brakeBias": 25
		},
		"dampers":
		{
			"bumpSlow": [ 26, 26, 20, 20 ],
			"bumpFast": [ 27, 27, 16, 16 ],
			"reboundSlow": [ 12, 12, 27, 27 ],
			"reboundFast": [ 33, 33, 28, 28 ]
		},
		"aeroBalance":
		{
			"rideHeight": [ 0, 6, 9, 18 ],
			"rodLength": [ 51.797695159912109, 51.797695159912109, 39.024078369140625, 39.024078369140625 ],
			"splitter": 3,
			"rearWing": 11,
			"brakeDuct": [ 3, 2 ]
		},
		"drivetrain":
		{
			"preload": 8
		}
	},
	"trackBopType": 35
}