{
	"carName": "bmw_m4_gt3",
	"basicSetup":
	{
		"tyres":
		{
			"tyreCompound": 0,
			"tyrePressure": [ 52, 54, 52, 54 ]
		},
		"alignment":
		{
			"camber": [ 0, 0, 0, 0 ],
			"toe": [ 10, 10, 10, 10 ],
			"staticCamber": [ -4.1136136054992676, -4.1123156547546387, -2.5129094123840332, -2.5116016864776611 ],
			"toeOutLinear": [ 0.0002088721957989037, 0.00020887408754788339, 3.2669631764292717e-05, 3.266985368099995e-05 ],
			"casterLF": 25,
			"casterRF": 25,
			"steerRatio": 3
		},
		"electronics":
		{
			"tC1": 3,
			"tC2": 0,
			"abs": 3,
			"eCUMap": 0,
			"fuelMix": 0,
			"telemetryLaps": 0
		},
		"strategy":
		{
			"fuel": 13,
			"nPitStops": 0,
			"tyreSet": 0,
			"frontBrakePadCompound": 0,
			"rearBrakePadCompound": 0,
			"pitStrategy": [
				{
					"fuelToAdd": 0,
					"tyres":
					{
						"tyreCompound": 0,
						"tyrePressure": [ 52, 54, 52, 54 ]
					},
					"tyreSet": 2,
					"frontBrakePadCompound": 1,
					"rearBrakePadCompound": 1
				}
			],
			"fuelPerLap": 2.7000000476837158
		}
	},
	"advancedSetup":
	{
		"mechanicalBalance":
		{
			"aRBFront": 4,
			"aRBRear": 4,
			"wheelRate": [ 2, 2, 2, 2 ],
			"bumpStopRateUp": [ 6, 6, 3, 3 ],
			"bumpStopRateDn": [ 0, 0, 10, 10 ],
			"bumpStopWindow": [ 10, 10, 30, 30 ],
			"brakeTorque": 20,
			"brakeBias": 12
		},
		"dampers":
		{
			"bumpSlow": [ 25, 25, 20, 20 ],
			"bumpFast": [ 23, 23, 22, 22 ],
			"reboundSlow": [ 27, 27, 20, 20 ],
			"reboundFast": [ 34, 34, 35, 35 ]
		},
		"aeroBalance":
		{
			"rideHeight": [ 0, 11, 10, 18 ],
			"rodLength": [ 21.731590270996094, 21.731590270996094, 3.8936421871185303, 3.8936421871185303 ],
			"splitter": 0,
			"rearWing": 8,
			"brakeDuct": [ 3, 2 ]
		},
		"drivetrain":
		{
			"preload": 0
		}
	},
	"trackBopType": 36
}