{
	"carName": "porsche_991ii_gt3_r",
	"basicSetup":
	{
		"tyres":
		{
			"tyreCompound": 0,
			"tyrePressure": [ 56, 57, 50, 51 ]
		},
		"alignment":
		{
			"camber": [ 0, 0, 3, 3 ],
			"toe": [ 38, 38, 55, 55 ],
			"staticCamber": [ -5.1543049812316895, -5.1536984443664551, -0.13620340824127197, -0.13545328378677368 ],
			"toeOutLinear": [ -0.00017895434575621039, -0.00017896224744617939, -0.0059435418806970119, -0.0059435348957777023 ],
			"casterLF": 11,
			"casterRF": 11,
			"steerRatio": 5
		},
		"electronics":
		{
			"tC1": 2,
			"tC2": 2,
			"abs": 4,
			"eCUMap": 7,
			"fuelMix": 0,
			"telemetryLaps": 0
		},
		"strategy":
		{
			"fuel": 46,
			"nPitStops": 0,
			"tyreSet": 1,
			"frontBrakePadCompound": 0,
			"rearBrakePadCompound": 0,
			"pitStrategy": [
				{
					"fuelToAdd": 0,
					"tyres":
					{
						"tyreCompound": 0,
						"tyrePressure": [ 56, 57, 50, 51 ]
					},
					"tyreSet": 2,
					"frontBrakePadCompound": 1,
					"rearBrakePadCompound": 1
				}
			],
			"fuelPerLap": 3.7999999523162842
		}
	},
	"advancedSetup":
	{
		"mechanicalBalance":
		{
			"aRBFront": 4,
			"aRBRear": 3,
			"wheelRate": [ 7, 7, 5, 5 ],
			"bumpStopRateUp": [ 9, 9, 2, 2 ],
			"bumpStopRateDn": [ 0, 0, 10, 10 ],
			"bumpStopWindow": [ 1, 1, 50, 50 ],
			"brakeTorque": 20,
			"brakeBias": 53
		},
		"dampers":
		{
			"bumpSlow": [ 12, 12, 5, 5 ],
			"bumpFast": [ 6, 6, 5, 5 ],
			"reboundSlow": [ 12, 12, 6, 6 ],
			"reboundFast": [ 7, 7, 12, 12 ]
		},
		"aeroBalance":
		{
			"rideHeight": [ 2, 11, 15, 18 ],
			"rodLength": [ 52.134223937988281, 52.134223937988281, -51.853015899658203, -51.853015899658203 ],
			"splitter": 2,
			"rearWing": 10,
			"brakeDuct": [ 4, 3 ]
		},
		"drivetrain":
		{
			"preload": 4
		}
	},
	"trackBopType": 33
}