{
	"carName": "amr_v8_vantage_gt4",
	"basicSetup":
	{
		"tyres":
		{
			"tyreCompound": 0,
			"tyrePressure": [ 41, 41, 41, 41 ]
		},
		"alignment":
		{
			"camber": [ 0, 0, 8, 8 ],
			"toe": [ 30, 30, 50, 50 ],
			"staticCamber": [ -4.9175171852111816, -4.9175205230712891, -3.9413270950317383, -3.9413275718688965 ],
			"toeOutLinear": [ 0.00018405370065011084, 0.000184052245458588, 0.00026033641188405454, 0.00026033376343548298 ],
			"casterLF": 3,
			"casterRF": 3,
			"steerRatio": 1
		},
		"electronics":
		{
			"tC1": 1,
			"tC2": 0,
			"abs": 3,
			"eCUMap": 0,
			"fuelMix": 0,
			"telemetryLaps": 0
		},
		"strategy":
		{
			"fuel": 60,
			"nPitStops": 0,
			"tyreSet": 1,
			"frontBrakePadCompound": 0,
			"rearBrakePadCompound": 0,
			"pitStrategy": [
				{
					"fuelToAdd": 0,
					"tyres":
					{
						"tyreCompound": 0,
						"tyrePressure": [ 41, 41, 41, 41 ]
					},
					"tyreSet": 2,
					"frontBrakePadCompound": 1,
					"rearBrakePadCompound": 1
				}
			],
			"fuelPerLap": 11.5
		}
	},
	"advancedSetup":
	{
		"mechanicalBalance":
		{
			"aRBFront": 2,
			"aRBRear": 2,
			"wheelRate": [ 2, 2, 2, 2 ],
			"bumpStopRateUp": [ 5, 5, 4, 4 ],
			"bumpStopRateDn": [ 0, 0, 10, 10 ],
			"bumpStopWindow": [ 0, 0, 0, 0 ],
			"brakeTorque": 20,
			"brakeBias": 40
		},
		"dampers":
		{
			"bumpSlow": [ 9, 9, 14, 14 ],
			"bumpFast": [ 0, 0, 0, 0 ],
			"reboundSlow": [ 10, 10, 14, 14 ],
			"reboundFast": [ 0, 0, 0, 0 ]
		},
		"aeroBalance":
		{
			"rideHeight": [ 0, 6, 3, 18 ],
			"rodLength": [ 52.324676513671875, 52.324676513671875, 57.983821868896484, 57.983821868896484 ],
			"splitter": 0,
			"rearWing": 1,
			"brakeDuct": [ 4, 3 ]
		},
		"drivetrain":
		{
			"preload": 3
		}
	},
	"trackBopType": 8
}