{
	"carName": "mercedes_amg_gt3_evo",
	"basicSetup":
	{
		"tyres":
		{
			"tyreCompound": 0,
			"tyrePressure": [ 52, 62, 48, 55 ]
		},
		"alignment":
		{
			"camber": [ 3, 3, 1, 1 ],
			"toe": [ 30, 30, 45, 45 ],
			"staticCamber": [ -3.7000224590301514, -3.6945128440856934, -4.0308566093444824, -4.0255527496337891 ],
			"toeOutLinear": [ 0.00021375063806772232, 0.00021206757810432464, 4.8422669351566583e-05, 4.8479898396180943e-05 ],
			"casterLF": 44,
			"casterRF": 44,
			"steerRatio": 2
		},
		"electronics":
		{
			"tC1": 3,
			"tC2": 0,
			"abs": 3,
			"eCUMap": 0,
			"fuelMix": 0,
			"telemetryLaps": 0
		},
		"strategy":
		{
			"fuel": 48,
			"nPitStops": 0,
			"tyreSet": 0,
			"frontBrakePadCompound": 0,
			"rearBrakePadCompound": 0,
			"pitStrategy": [
				{
					"fuelToAdd": 0,
					"tyres":
					{
						"tyreCompound": 0,
						"tyrePressure": [ 52, 62, 48, 55 ]
					},
					"tyreSet": 2,
					"frontBrakePadCompound": 1,
					"rearBrakePadCompound": 1
				}
			],
			"fuelPerLap": 3.293471097946167
		}
	},
	"advancedSetup":
	{
		"mechanicalBalance":
		{
			"aRBFront": 4,
			"aRBRear": 2,
			"wheelRate": [ 1, 1, 1, 1 ],
			"bumpStopRateUp": [ 7, 7, 5, 5 ],
			"bumpStopRateDn": [ 0, 0, 10, 10 ],
			"bumpStopWindow": [ 4, 4, 35, 35 ],
			"brakeTorque": 20,
			"brakeBias": 18
		},
		"dampers":
		{
			"bumpSlow": [ 6, 6, 5, 5 ],
			"bumpFast": [ 4, 4, 4, 4 ],
			"reboundSlow": [ 5, 5, 5, 5 ],
			"reboundFast": [ 5, 5, 7, 7 ]
		},
		"aeroBalance":
		{
			"rideHeight": [ 2, 6, 0, 18 ],
			"rodLength": [ -0.27111941576004028, -0.27111941576004028, 64.552444458007813, 64.552444458007813 ],
			"splitter": 0,
			"rearWing": 1,
			"brakeDuct": [ 3, 2 ]
		},
		"drivetrain":
		{
			"preload": 8
		}
	},
	"trackBopType": 31
}