{
	"carName": "amr_v12_vantage_gt3",
	"basicSetup":
	{
		"tyres":
		{
			"tyreCompound": 0,
			"tyrePressure": [ 58, 58, 61, 58 ]
		},
		"alignment":
		{
			"camber": [ 2, 2, 0, 0 ],
			"toe": [ 30, 30, 60, 60 ],
			"staticCamber": [ -3.6860828399658203, -3.6859924793243408, -2.7848854064941406, -2.7872447967529297 ],
			"toeOutLinear": [ 0.00040842770249582827, 0.00040843937313184142, 0.00039087288314476609, 0.00039078097324818373 ],
			"casterLF": 3,
			"casterRF": 3,
			"steerRatio": 3
		},
		"electronics":
		{
			"tC1": 2,
			"tC2": 0,
			"abs": 5,
			"eCUMap": 0,
			"fuelMix": 0,
			"telemetryLaps": 0
		},
		"strategy":
		{
			"fuel": 48,
			"nPitStops": 0,
			"tyreSet": 2,
			"frontBrakePadCompound": 0,
			"rearBrakePadCompound": 0,
			"pitStrategy": [
				{
					"fuelToAdd": 0,
					"tyres":
					{
						"tyreCompound": 0,
						"tyrePressure": [ 55, 48, 58, 54 ]
					},
					"tyreSet": 2,
					"frontBrakePadCompound": 1,
					"rearBrakePadCompound": 1
				}
			],
			"fuelPerLap": 2.6552658081054688
		}
	},
	"advancedSetup":
	{
		"mechanicalBalance":
		{
			"aRBFront": 4,
			"aRBRear": 6,
			"wheelRate": [ 8, 8, 11, 11 ],
			"bumpStopRateUp": [ 5, 5, 14, 14 ],
			"bumpStopRateDn": [ 0, 0, 10, 10 ],
			"bumpStopWindow": [ 10, 10, 55, 55 ],
			"brakeTorque": 20,
			"brakeBias": 35
		},
		"dampers":
		{
			"bumpSlow": [ 22, 22, 12, 12 ],
			"bumpFast": [ 10, 10, 15, 15 ],
			"reboundSlow": [ 25, 25, 20, 20 ],
			"reboundFast": [ 30, 30, 25, 25 ]
		},
		"aeroBalance":
		{
			"rideHeight": [ 3, 6, 5, 18 ],
			"rodLength": [ 7.8636336326599121, 7.8636336326599121, -30.682876586914063, -30.682876586914063 ],
			"splitter": 0,
			"rearWing": 10,
			"brakeDuct": [ 4, 3 ]
		},
		"drivetrain":
		{
			"preload": 2
		}
	},
	"trackBopType": 27
}