{
	"carName": "honda_nsx_gt3_evo",
	"basicSetup":
	{
		"tyres":
		{
			"tyreCompound": 0,
			"tyrePressure": [ 53, 51, 56, 52 ]
		},
		"alignment":
		{
			"camber": [ 10, 10, 0, 0 ],
			"toe": [ 15, 15, 40, 40 ],
			"staticCamber": [ -2.1732072830200195, -2.1744158267974854, -3.2786629199981689, -3.2815051078796387 ],
			"toeOutLinear": [ 0.0011057376395910978, 0.0011057412484660745, 0.00032021201332099736, 0.00032019175705499947 ],
			"casterLF": 0,
			"casterRF": 0,
			"steerRatio": 0
		},
		"electronics":
		{
			"tC1": 2,
			"tC2": 0,
			"abs": 2,
			"eCUMap": 2,
			"fuelMix": 0,
			"telemetryLaps": 4
		},
		"strategy":
		{
			"fuel": 22,
			"nPitStops": 0,
			"tyreSet": 0,
			"frontBrakePadCompound": 0,
			"rearBrakePadCompound": 0,
			"pitStrategy": [
				{
					"fuelToAdd": 0,
					"tyres":
					{
						"tyreCompound": 0,
						"tyrePressure": [ 53, 51, 56, 52 ]
					},
					"tyreSet": 2,
					"frontBrakePadCompound": 0,
					"rearBrakePadCompound": 0
				}
			],
			"fuelPerLap": 2.7999999523162842
		}
	},
	"advancedSetup":
	{
		"mechanicalBalance":
		{
			"aRBFront": 6,
			"aRBRear": 5,
			"wheelRate": [ 7, 7, 6, 6 ],
			"bumpStopRateUp": [ 7, 7, 6, 6 ],
			"bumpStopRateDn": [ 0, 0, 10, 10 ],
			"bumpStopWindow": [ 17, 17, 60, 60 ],
			"brakeTorque": 20,
			"brakeBias": 25
		},
		"dampers":
		{
			"bumpSlow": [ 8, 8, 7, 7 ],
			"bumpFast": [ 5, 5, 7, 7 ],
			"reboundSlow": [ 11, 11, 7, 7 ],
			"reboundFast": [ 11, 11, 12, 12 ]
		},
		"aeroBalance":
		{
			"rideHeight": [ 0, 6, 18, 18 ],
			"rodLength": [ -12.002431869506836, -12.002431869506836, 5.2929239273071289, 5.2929239273071289 ],
			"splitter": 0,
			"rearWing": 9,
			"brakeDuct": [ 4, 4 ]
		},
		"drivetrain":
		{
			"preload": 10
		}
	},
	"trackBopType": 36
}