{
	"carName": "ferrari_488_gt3_evo",
	"basicSetup":
	{
		"tyres":
		{
			"tyreCompound": 0,
			"tyrePressure": [ 46, 57, 45, 55 ]
		},
		"alignment":
		{
			"camber": [ 0, 0, 0, 0 ],
			"toe": [ 0, 0, 0, 0 ],
			"staticCamber": [ -3.2196841239929199, -3.2126948833465576, -2.3928234577178955, -2.3857245445251465 ],
			"toeOutLinear": [ 0.0019145063124597073, 0.0019144939724355936, -0.0015066668856889009, -0.0015067311469465494 ],
			"casterLF": 68,
			"casterRF": 68,
			"steerRatio": 4
		},
		"electronics":
		{
			"tC1": 7,
			"tC2": 0,
			"abs": 5,
			"eCUMap": 0,
			"fuelMix": 0,
			"telemetryLaps": 0
		},
		"strategy":
		{
			"fuel": 12,
			"nPitStops": 0,
			"tyreSet": 12,
			"frontBrakePadCompound": 0,
			"rearBrakePadCompound": 0,
			"pitStrategy": [
				{
					"fuelToAdd": 0,
					"tyres":
					{
						"tyreCompound": 0,
						"tyrePressure": [ 50, 55, 50, 53 ]
					},
					"tyreSet": 2,
					"frontBrakePadCompound": 1,
					"rearBrakePadCompound": 1
				}
			],
			"fuelPerLap": 3.249955415725708
		}
	},
	"advancedSetup":
	{
		"mechanicalBalance":
		{
			"aRBFront": 19,
			"aRBRear": 33,
			"wheelRate": [ 4, 4, 7, 7 ],
			"bumpStopRateUp": [ 8, 8, 7, 7 ],
			"bumpStopRateDn": [ 0, 0, 10, 10 ],
			"bumpStopWindow": [ 10, 10, 0, 0 ],
			"brakeTorque": 20,
			"brakeBias": 35
		},
		"dampers":
		{
			"bumpSlow": [ 11, 11, 10, 10 ],
			"bumpFast": [ 1, 1, 2, 2 ],
			"reboundSlow": [ 11, 11, 11, 11 ],
			"reboundFast": [ 3, 3, 3, 3 ]
		},
		"aeroBalance":
		{
			"rideHeight": [ 4, 6, 9, 18 ],
			"rodLength": [ -27.261398315429688, -27.261398315429688, -23.271026611328125, -23.271026611328125 ],
			"splitter": 0,
			"rearWing": 14,
			"brakeDuct": [ 3, 2 ]
		},
		"drivetrain":
		{
			"preload": 28
		}
	},
	"trackBopType": 27
}