{
	"carName": "bmw_m4_gt3",
	"basicSetup":
	{
		"tyres":
		{
			"tyreCompound": 0,
			"tyrePressure": [ 49, 49, 46, 47 ]
		},
		"alignment":
		{
			"camber": [ 3, 3, 3, 3 ],
			"toe": [ 10, 10, 2, 2 ],
			"staticCamber": [ -3.8201971054077148, -3.8203504085540771, -2.2876832485198975, -2.286890983581543 ],
			"toeOutLinear": [ 0.00019698597316164523, 0.00019698793767020106, 0.0001767943031154573, 0.00017678382573649287 ],
			"casterLF": 21,
			"casterRF": 21,
			"steerRatio": 3
		},
		"electronics":
		{
			"tC1": 4,
			"tC2": 0,
			"abs": 3,
			"eCUMap": 0,
			"fuelMix": 0,
			"telemetryLaps": 0
		},
		"strategy":
		{
			"fuel": 48,
			"nPitStops": 0,
			"tyreSet": 0,
			"frontBrakePadCompound": 0,
			"rearBrakePadCompound": 0,
			"pitStrategy": [
				{
					"fuelToAdd": 0,
					"tyres":
					{
						"tyreCompound": 0,
						"tyrePressure": [ 49, 49, 46, 47 ]
					},
					"tyreSet": 2,
					"frontBrakePadCompound": 1,
					"rearBrakePadCompound": 1
				}
			],
			"fuelPerLap": 3.1630935668945313
		}
	},
	"advancedSetup":
	{
		"mechanicalBalance":
		{
			"aRBFront": 4,
			"aRBRear": 3,
			"wheelRate": [ 3, 3, 3, 3 ],
			"bumpStopRateUp": [ 6, 6, 8, 8 ],
			"bumpStopRateDn": [ 0, 0, 10, 10 ],
			"bumpStopWindow": [ 8, 8, 30, 30 ],
			"brakeTorque": 20,
			"brakeBias": 15
		},
		"dampers":
		{
			"bumpSlow": [ 18, 18, 26, 26 ],
			"bumpFast": [ 15, 15, 20, 20 ],
			"reboundSlow": [ 22, 22, 24, 24 ],
			"reboundFast": [ 37, 37, 25, 25 ]
		},
		"aeroBalance":
		{
			"rideHeight": [ 0, 11, 11, 18 ],
			"rodLength": [ 21.062545776367188, 21.062545776367188, 4.4463109970092773, 4.4463109970092773 ],
			"splitter": 0,
			"rearWing": 8,
			"brakeDuct": [ 3, 3 ]
		},
		"drivetrain":
		{
			"preload": 0
		}
	},
	"trackBopType": 42
}