{
	"carName": "bmw_m4_gt3",
	"basicSetup":
	{
		"tyres":
		{
			"tyreCompound": 0,
			"tyrePressure": [ 49, 49, 46, 47 ]
		},
		"alignment":
		{
			"camber": [ 0, 0, 0, 0 ],
			"toe": [ 10, 10, 7, 7 ],
			"staticCamber": [ -4.120854377746582, -4.1206202507019043, -2.7633047103881836, -2.7623212337493896 ],
			"toeOutLinear": [ 0.00019695528317242861, 0.00019696040544658899, 4.2611562093952671e-05, 4.2609925003489479e-05 ],
			"casterLF": 21,
			"casterRF": 21,
			"steerRatio": 3
		},
		"electronics":
		{
			"tC1": 4,
			"tC2": 0,
			"abs": 3,
			"eCUMap": 0,
			"fuelMix": 0,
			"telemetryLaps": 0
		},
		"strategy":
		{
			"fuel": 15,
			"nPitStops": 0,
			"tyreSet": 0,
			"frontBrakePadCompound": 0,
			"rearBrakePadCompound": 0,
			"pitStrategy": [
				{
					"fuelToAdd": 0,
					"tyres":
					{
						"tyreCompound": 0,
						"tyrePressure": [ 49, 49, 46, 47 ]
					},
					"tyreSet": 2,
					"frontBrakePadCompound": 1,
					"rearBrakePadCompound": 1
				}
			],
			"fuelPerLap": 3.1661651134490967
		}
	},
	"advancedSetup":
	{
		"mechanicalBalance":
		{
			"aRBFront": 4,
			"aRBRear": 4,
			"wheelRate": [ 3, 3, 3, 3 ],
			"bumpStopRateUp": [ 6, 6, 8, 8 ],
			"bumpStopRateDn": [ 0, 0, 10, 10 ],
			"bumpStopWindow": [ 8, 8, 30, 30 ],
			"brakeTorque": 20,
			"brakeBias": 15
		},
		"dampers":
		{
			"bumpSlow": [ 18, 18, 26, 26 ],
			"bumpFast": [ 15, 15, 20, 20 ],
			"reboundSlow": [ 22, 22, 24, 24 ],
			"reboundFast": [ 37, 37, 25, 25 ]
		},
		"aeroBalance":
		{
			"rideHeight": [ 0, 11, 14, 18 ],
			"rodLength": [ 20.918235778808594, 20.918235778808594, 6.6006903648376465, 6.6006903648376465 ],
			"splitter": 0,
			"rearWing": 8,
			"brakeDuct": [ 3, 3 ]
		},
		"drivetrain":
		{
			"preload": 0
		}
	},
	"trackBopType": 42
}