{
	"carName": "porsche_992_gt3_r",
	"basicSetup":
	{
		"tyres":
		{
			"tyreCompound": 0,
			"tyrePressure": [ 53, 60, 42, 47 ]
		},
		"alignment":
		{
			"camber": [ 0, 0, 0, 0 ],
			"toe": [ 26, 26, 55, 55 ],
			"staticCamber": [ -4.5890507698059082, -4.5853676795959473, 0.62029010057449341, 0.6240578293800354 ],
			"toeOutLinear": [ 0.00029618237749673426, 0.0002961786522064358, -0.0074206427671015263, -0.0074206390418112278 ],
			"casterLF": 30,
			"casterRF": 30,
			"steerRatio": 5
		},
		"electronics":
		{
			"tC1": 3,
			"tC2": 0,
			"abs": 3,
			"eCUMap": 7,
			"fuelMix": 0,
			"telemetryLaps": 0
		},
		"strategy":
		{
			"fuel": 13,
			"nPitStops": 0,
			"tyreSet": 0,
			"frontBrakePadCompound": 0,
			"rearBrakePadCompound": 0,
			"pitStrategy": [
				{
					"fuelToAdd": 0,
					"tyres":
					{
						"tyreCompound": 0,
						"tyrePressure": [ 51, 57, 42, 47 ]
					},
					"tyreSet": 2,
					"frontBrakePadCompound": 1,
					"rearBrakePadCompound": 1
				}
			],
			"fuelPerLap": 2.7000000476837158
		}
	},
	"advancedSetup":
	{
		"mechanicalBalance":
		{
			"aRBFront": 3,
			"aRBRear": 4,
			"wheelRate": [ 4, 4, 4, 4 ],
			"bumpStopRateUp": [ 9, 9, 9, 9 ],
			"bumpStopRateDn": [ 0, 0, 10, 10 ],
			"bumpStopWindow": [ 9, 9, 10, 10 ],
			"brakeTorque": 20,
			"brakeBias": 29
		},
		"dampers":
		{
			"bumpSlow": [ 10, 10, 9, 9 ],
			"bumpFast": [ 5, 5, 4, 4 ],
			"reboundSlow": [ 10, 10, 9, 9 ],
			"reboundFast": [ 9, 9, 10, 10 ]
		},
		"aeroBalance":
		{
			"rideHeight": [ 0, 11, 8, 18 ],
			"rodLength": [ 32.664176940917969, 32.664176940917969, -70.221977233886719, -70.221977233886719 ],
			"splitter": 0,
			"rearWing": 12,
			"brakeDuct": [ 3, 2 ]
		},
		"drivetrain":
		{
			"preload": 8
		}
	},
	"trackBopType": 46
}