{
	"carName": "lamborghini_huracan_gt3_evo2",
	"basicSetup":
	{
		"tyres":
		{
			"tyreCompound": 0,
			"tyrePressure": [ 50, 50, 46, 46 ]
		},
		"alignment":
		{
			"camber": [ 0, 0, 0, 0 ],
			"toe": [ 28, 28, 50, 50 ],
			"staticCamber": [ -3.9365370273590088, -3.9365329742431641, -3.1682560443878174, -3.1682548522949219 ],
			"toeOutLinear": [ 0.00069472799077630043, 0.00069475197233259678, 0.00030804777634330094, 0.00030805499409325421 ],
			"casterLF": 28,
			"casterRF": 28,
			"steerRatio": 1
		},
		"electronics":
		{
			"tC1": 4,
			"tC2": 0,
			"abs": 3,
			"eCUMap": 3,
			"fuelMix": 0,
			"telemetryLaps": 0
		},
		"strategy":
		{
			"fuel": 13,
			"nPitStops": 0,
			"tyreSet": 0,
			"frontBrakePadCompound": 0,
			"rearBrakePadCompound": 0,
			"pitStrategy": [
				{
					"fuelToAdd": 0,
					"tyres":
					{
						"tyreCompound": 0,
						"tyrePressure": [ 50, 50, 46, 46 ]
					},
					"tyreSet": 2,
					"frontBrakePadCompound": 1,
					"rearBrakePadCompound": 1
				}
			],
			"fuelPerLap": 2.5
		}
	},
	"advancedSetup":
	{
		"mechanicalBalance":
		{
			"aRBFront": 5,
			"aRBRear": 1,
			"wheelRate": [ 1, 1, 1, 1 ],
			"bumpStopRateUp": [ 3, 3, 5, 5 ],
			"bumpStopRateDn": [ 0, 0, 10, 10 ],
			"bumpStopWindow": [ 8, 8, 30, 30 ],
			"brakeTorque": 20,
			"brakeBias": 26
		},
		"dampers":
		{
			"bumpSlow": [ 23, 23, 15, 15 ],
			"bumpFast": [ 18, 18, 20, 20 ],
			"reboundSlow": [ 17, 17, 24, 24 ],
			"reboundFast": [ 22, 22, 36, 36 ]
		},
		"aeroBalance":
		{
			"rideHeight": [ 3, 6, 11, 18 ],
			"rodLength": [ -0.11865808069705963, -0.11865808069705963, 11.725351333618164, 11.725351333618164 ],
			"splitter": 0,
			"rearWing": 12,
			"brakeDuct": [ 3, 2 ]
		},
		"drivetrain":
		{
			"preload": 8
		}
	},
	"trackBopType": 45
}