{
	"carName": "bmw_m4_gt3",
	"basicSetup":
	{
		"tyres":
		{
			"tyreCompound": 0,
			"tyrePressure": [ 45, 57, 44, 52 ]
		},
		"alignment":
		{
			"camber": [ 0, 0, 0, 0 ],
			"toe": [ 7, 7, 10, 10 ],
			"staticCamber": [ -4.1299266815185547, -4.1218075752258301, -2.6529197692871094, -2.6474306583404541 ],
			"toeOutLinear": [ 0.00026381073985248804, 0.00026380896451883018, 6.6805528149416205e-06, 6.6986376623390242e-06 ],
			"casterLF": 23,
			"casterRF": 23,
			"steerRatio": 3
		},
		"electronics":
		{
			"tC1": 3,
			"tC2": 0,
			"abs": 2,
			"eCUMap": 0,
			"fuelMix": 0,
			"telemetryLaps": 0
		},
		"strategy":
		{
			"fuel": 13,
			"nPitStops": 0,
			"tyreSet": 0,
			"frontBrakePadCompound": 0,
			"rearBrakePadCompound": 0,
			"pitStrategy": [
				{
					"fuelToAdd": 0,
					"tyres":
					{
						"tyreCompound": 0,
						"tyrePressure": [ 45, 57, 44, 52 ]
					},
					"tyreSet": 2,
					"frontBrakePadCompound": 1,
					"rearBrakePadCompound": 1
				}
			],
			"fuelPerLap": 2.9000000953674316
		}
	},
	"advancedSetup":
	{
		"mechanicalBalance":
		{
			"aRBFront": 5,
			"aRBRear": 4,
			"wheelRate": [ 2, 2, 3, 3 ],
			"bumpStopRateUp": [ 6, 6, 4, 4 ],
			"bumpStopRateDn": [ 0, 0, 10, 10 ],
			"bumpStopWindow": [ 12, 12, 25, 25 ],
			"brakeTorque": 20,
			"brakeBias": 13
		},
		"dampers":
		{
			"bumpSlow": [ 18, 18, 17, 17 ],
			"bumpFast": [ 18, 18, 20, 20 ],
			"reboundSlow": [ 24, 24, 24, 24 ],
			"reboundFast": [ 35, 35, 27, 27 ]
		},
		"aeroBalance":
		{
			"rideHeight": [ 0, 11, 12, 18 ],
			"rodLength": [ 22.948169708251953, 22.948169708251953, 4.6678686141967773, 4.6678686141967773 ],
			"splitter": 0,
			"rearWing": 8,
			"brakeDuct": [ 3, 2 ]
		},
		"drivetrain":
		{
			"preload": 10
		}
	},
	"trackBopType": 35
}