{
	"carName": "mclaren_720s_gt3",
	"basicSetup":
	{
		"tyres":
		{
			"tyreCompound": 0,
			"tyrePressure": [ 60, 70, 57, 64 ]
		},
		"alignment":
		{
			"camber": [ 2, 2, 5, 5 ],
			"toe": [ 42, 42, 12, 12 ],
			"staticCamber": [ -4.4064068794250488, -4.4019198417663574, -3.5558712482452393, -3.5499811172485352 ],
			"toeOutLinear": [ 0.0014845972182229161, 0.0014845971018075943, 0.00015388889005407691, 0.00015385987353511155 ],
			"casterLF": 11,
			"casterRF": 11,
			"steerRatio": 1
		},
		"electronics":
		{
			"tC1": 3,
			"tC2": 6,
			"abs": 4,
			"eCUMap": 0,
			"fuelMix": 0,
			"telemetryLaps": 0
		},
		"strategy":
		{
			"fuel": 113,
			"nPitStops": 0,
			"tyreSet": 0,
			"frontBrakePadCompound": 0,
			"rearBrakePadCompound": 0,
			"pitStrategy": [
				{
					"fuelToAdd": 0,
					"tyres":
					{
						"tyreCompound": 0,
						"tyrePressure": [ 60, 70, 57, 64 ]
					},
					"tyreSet": 2,
					"frontBrakePadCompound": 1,
					"rearBrakePadCompound": 1
				}
			],
			"fuelPerLap": 3.7300000190734863
		}
	},
	"advancedSetup":
	{
		"mechanicalBalance":
		{
			"aRBFront": 7,
			"aRBRear": 4,
			"wheelRate": [ 3, 3, 1, 1 ],
			"bumpStopRateUp": [ 9, 9, 7, 7 ],
			"bumpStopRateDn": [ 0, 0, 10, 10 ],
			"bumpStopWindow": [ 10, 10, 50, 50 ],
			"brakeTorque": 20,
			"brakeBias": 25
		},
		"dampers":
		{
			"bumpSlow": [ 24, 24, 34, 34 ],
			"bumpFast": [ 21, 21, 20, 20 ],
			"reboundSlow": [ 14, 14, 30, 30 ],
			"reboundFast": [ 18, 18, 23, 23 ]
		},
		"aeroBalance":
		{
			"rideHeight": [ 0, 6, 0, 18 ],
			"rodLength": [ 57.351287841796875, 57.351287841796875, 37.201416015625, 37.201416015625 ],
			"splitter": 0,
			"rearWing": 0,
			"brakeDuct": [ 3, 2 ]
		},
		"drivetrain":
		{
			"preload": 10
		}
	},
	"trackBopType": 31
}