{
	"carName": "nissan_gt_r_gt3_2018",
	"basicSetup":
	{
		"tyres":
		{
			"tyreCompound": 0,
			"tyrePressure": [ 48, 61, 43, 51 ]
		},
		"alignment":
		{
			"camber": [ 0, 0, 0, 0 ],
			"toe": [ 10, 10, 6, 6 ],
			"staticCamber": [ -3.3236916065216064, -3.3144643306732178, -2.8558285236358643, -2.8497905731201172 ],
			"toeOutLinear": [ -0.00041081066592596471, -0.00041076706838794053, 0.00018308122525922954, 0.00018303230172023177 ],
			"casterLF": 31,
			"casterRF": 31,
			"steerRatio": 3
		},
		"electronics":
		{
			"tC1": 3,
			"tC2": 0,
			"abs": 4,
			"eCUMap": 0,
			"fuelMix": 0,
			"telemetryLaps": 5
		},
		"strategy":
		{
			"fuel": 118,
			"nPitStops": 0,
			"tyreSet": 10,
			"frontBrakePadCompound": 1,
			"rearBrakePadCompound": 1,
			"pitStrategy": [
				{
					"fuelToAdd": 120,
					"tyres":
					{
						"tyreCompound": 0,
						"tyrePressure": [ 61, 61, 58, 59 ]
					},
					"tyreSet": 2,
					"frontBrakePadCompound": 1,
					"rearBrakePadCompound": 1
				}
			],
			"fuelPerLap": 3.2121124267578125
		}
	},
	"advancedSetup":
	{
		"mechanicalBalance":
		{
			"aRBFront": 7,
			"aRBRear": 6,
			"wheelRate": [ 2, 2, 2, 2 ],
			"bumpStopRateUp": [ 8, 8, 5, 5 ],
			"bumpStopRateDn": [ 0, 0, 10, 10 ],
			"bumpStopWindow": [ 9, 9, 17, 17 ],
			"brakeTorque": 20,
			"brakeBias": 38
		},
		"dampers":
		{
			"bumpSlow": [ 27, 27, 16, 16 ],
			"bumpFast": [ 35, 35, 35, 35 ],
			"reboundSlow": [ 23, 23, 36, 36 ],
			"reboundFast": [ 35, 35, 35, 35 ]
		},
		"aeroBalance":
		{
			"rideHeight": [ 0, 11, 1, 18 ],
			"rodLength": [ -4.3616523742675781, -4.3616523742675781, -1.3446485996246338, -1.3446485996246338 ],
			"splitter": 0,
			"rearWing": 2,
			"brakeDuct": [ 3, 3 ]
		},
		"drivetrain":
		{
			"preload": 7
		}
	},
	"trackBopType": 32
}