{
	"carName": "mclaren_720s_gt3_evo",
	"basicSetup":
	{
		"tyres":
		{
			"tyreCompound": 0,
			"tyrePressure": [ 45, 56, 42, 51 ]
		},
		"alignment":
		{
			"camber": [ 2, 2, 0, 0 ],
			"toe": [ 38, 38, 22, 22 ],
			"staticCamber": [ -4.4219846725463867, -4.4145393371582031, -4.3643522262573242, -4.3581728935241699 ],
			"toeOutLinear": [ 0.0015722134849056602, 0.0015722077805548906, 0.00027976310229860246, 0.00027975934790447354 ],
			"casterLF": 35,
			"casterRF": 35,
			"steerRatio": 1
		},
		"electronics":
		{
			"tC1": 3,
			"tC2": 0,
			"abs": 3,
			"eCUMap": 0,
			"fuelMix": 0,
			"telemetryLaps": 0
		},
		"strategy":
		{
			"fuel": 48,
			"nPitStops": 0,
			"tyreSet": 0,
			"frontBrakePadCompound": 0,
			"rearBrakePadCompound": 0,
			"pitStrategy": [
				{
					"fuelToAdd": 0,
					"tyres":
					{
						"tyreCompound": 0,
						"tyrePressure": [ 45, 56, 42, 51 ]
					},
					"tyreSet": 0,
					"frontBrakePadCompound": 1,
					"rearBrakePadCompound": 1
				}
			],
			"fuelPerLap": 2.6600000858306885
		}
	},
	"advancedSetup":
	{
		"mechanicalBalance":
		{
			"aRBFront": 8,
			"aRBRear": 4,
			"wheelRate": [ 3, 3, 1, 1 ],
			"bumpStopRateUp": [ 9, 9, 9, 9 ],
			"bumpStopRateDn": [ 0, 0, 10, 10 ],
			"bumpStopWindow": [ 4, 4, 15, 15 ],
			"brakeTorque": 20,
			"brakeBias": 20
		},
		"dampers":
		{
			"bumpSlow": [ 24, 24, 22, 22 ],
			"bumpFast": [ 22, 22, 14, 14 ],
			"reboundSlow": [ 10, 10, 25, 25 ],
			"reboundFast": [ 25, 25, 27, 27 ]
		},
		"aeroBalance":
		{
			"rideHeight": [ 0, 6, 0, 18 ],
			"rodLength": [ 52.389305114746094, 52.389305114746094, 36.756797790527344, 36.756797790527344 ],
			"splitter": 0,
			"rearWing": 2,
			"brakeDuct": [ 3, 2 ]
		},
		"drivetrain":
		{
			"preload": 8
		}
	},
	"trackBopType": 32
}