{
  "carName": "ferrari_296_gt3",
  "basicSetup": {
    "tyres": {
      "tyreCompound": 1,
      "tyrePressure": [
        59,
        66,
        46,
        53
      ]
    },
    "alignment": {
      "camber": [
        0,
        0,
        1,
        1
      ],
      "toe": [
        30,
        30,
        50,
        50
      ],
      "staticCamber": [
        -4.6317267417907715,
        -4.6282601356506348,
        -5.0108857154846191,
        -5.0065317153930664
      ],
      "toeOutLinear": [
        -0.00025677861412987113,
        -0.00025678021484054625,
        0.00028290736372582614,
        0.00028291417402215302
      ],
      "casterLF": 30,
      "casterRF": 30,
      "steerRatio": 2
    },
    "electronics": {
      "tC1": 6,
      "tC2": 0,
      "abs": 3,
      "eCUMap": 0,
      "fuelMix": 0,
      "telemetryLaps": 5
    },
    "strategy": {
      "fuel": 0,
      "nPitStops": 0,
      "tyreSet": 0,
      "frontBrakePadCompound": 0,
      "rearBrakePadCompound": 0,
      "pitStrategy": [
        {
          "fuelToAdd": 0,
          "tyres": {
            "tyreCompound": 0,
            "tyrePressure": [
              59,
              66,
              46,
              53
            ]
          },
          "tyreSet": 2,
          "frontBrakePadCompound": 0,
          "rearBrakePadCompound": 0
        }
      ],
      "fuelPerLap": 2.2999999523162842
    }
  },
  "advancedSetup": {
    "mechanicalBalance": {
      "aRBFront": 4,
      "aRBRear": 0,
      "wheelRate": [
        0,
        0,
        0,
        0
      ],
      "bumpStopRateUp": [
        2,
        2,
        2,
        2
      ],
      "bumpStopRateDn": [
        0,
        0,
        10,
        10
      ],
      "bumpStopWindow": [
        4,
        4,
        25,
        25
      ],
      "brakeTorque": 20,
      "brakeBias": 0
    },
    "dampers": {
      "bumpSlow": [
        2,
        2,
        2,
        2
      ],
      "bumpFast": [
        11,
        11,
        11,
        11
      ],
      "reboundSlow": [
        6,
        6,
        7,
        7
      ],
      "reboundFast": [
        11,
        11,
        11,
        11
      ]
    },
    "aeroBalance": {
      "rideHeight": [
        0,
        6,
        14,
        18
      ],
      "rodLength": [
        35.772483825683594,
        35.772483825683594,
        48.025611877441406,
        48.025611877441406
      ],
      "splitter": 0,
      "rearWing": 12,
      "brakeDuct": [
        3,
        3
      ]
    },
    "drivetrain": {
      "preload": 4
    }
  },
  "trackBopType": 36
}