{
  "carName": "ferrari_296_gt3",
  "basicSetup": {
    "tyres": {
      "tyreCompound": 0,
      "tyrePressure": [
        54,
        57,
        47,
        49
      ]
    },
    "alignment": {
      "camber": [
        0,
        0,
        1,
        1
      ],
      "toe": [
        5,
        5,
        40,
        40
      ],
      "staticCamber": [
        -4.6866393089294434,
        -4.6847424507141113,
        -5.0171074867248535,
        -5.0157537460327148
      ],
      "toeOutLinear": [
        0.00034624780528247356,
        0.00034625004627741873,
        -8.9852139353752136e-05,
        -8.9869041403289884e-05
      ],
      "casterLF": 30,
      "casterRF": 30,
      "steerRatio": 3
    },
    "electronics": {
      "tC1": 6,
      "tC2": 0,
      "abs": 2,
      "eCUMap": 0,
      "fuelMix": 0,
      "telemetryLaps": 5
    },
    "strategy": {
      "fuel": 0,
      "nPitStops": 0,
      "tyreSet": 0,
      "frontBrakePadCompound": 0,
      "rearBrakePadCompound": 0,
      "pitStrategy": [
        {
          "fuelToAdd": 0,
          "tyres": {
            "tyreCompound": 0,
            "tyrePressure": [
              54,
              57,
              47,
              49
            ]
          },
          "tyreSet": 2,
          "frontBrakePadCompound": 0,
          "rearBrakePadCompound": 0
        }
      ],
      "fuelPerLap": 2.7999999523162842
    }
  },
  "advancedSetup": {
    "mechanicalBalance": {
      "aRBFront": 2,
      "aRBRear": 0,
      "wheelRate": [
        0,
        0,
        0,
        0
      ],
      "bumpStopRateUp": [
        0,
        0,
        0,
        0
      ],
      "bumpStopRateDn": [
        0,
        0,
        10,
        10
      ],
      "bumpStopWindow": [
        10,
        10,
        38,
        38
      ],
      "brakeTorque": 20,
      "brakeBias": 34
    },
    "dampers": {
      "bumpSlow": [
        0,
        0,
        0,
        0
      ],
      "bumpFast": [
        0,
        0,
        0,
        0
      ],
      "reboundSlow": [
        0,
        0,
        11,
        11
      ],
      "reboundFast": [
        0,
        0,
        11,
        11
      ]
    },
    "aeroBalance": {
      "rideHeight": [
        0,
        6,
        14,
        18
      ],
      "rodLength": [
        35.995681762695313,
        35.995681762695313,
        48.359474182128906,
        48.359474182128906
      ],
      "splitter": 0,
      "rearWing": 12,
      "brakeDuct": [
        3,
        3
      ]
    },
    "drivetrain": {
      "preload": 0
    }
  },
  "trackBopType": 34
}