{
	"carName": "ferrari_296_gt3",
	"basicSetup": {
		"tyres": {
			"tyreCompound": 1,
			"tyrePressure": [
				53,
				59,
				41,
				48
			]
		},
		"alignment": {
			"camber": [
				2,
				2,
				3,
				3
			],
			"toe": [
				28,
				28,
				50,
				50
			],
			"staticCamber": [
				-4.43438720703125,
				-4.4319405555725098,
				-4.8096427917480469,
				-4.8052363395690918
			],
			"toeOutLinear": [
				-0.00020733718702103943,
				-0.00020734003919642419,
				0.000283057801425457,
				0.00028308280161581933
			],
			"casterLF": 30,
			"casterRF": 30,
			"steerRatio": 2
		},
		"electronics": {
			"tC1": 6,
			"tC2": 0,
			"abs": 3,
			"eCUMap": 0,
			"fuelMix": 0,
			"telemetryLaps": 5
		},
		"strategy": {
			"fuel": 0,
			"nPitStops": 0,
			"tyreSet": 0,
			"frontBrakePadCompound": 0,
			"rearBrakePadCompound": 0,
			"pitStrategy": [
				{
					"fuelToAdd": 0,
					"tyres": {
						"tyreCompound": 0,
						"tyrePressure": [
							57,
							64,
							45,
							52
						]
					},
					"tyreSet": 2,
					"frontBrakePadCompound": 1,
					"rearBrakePadCompound": 1
				}
			],
			"fuelPerLap": 2.7999999523162842
		}
	},
	"advancedSetup": {
		"mechanicalBalance": {
			"aRBFront": 5,
			"aRBRear": 2,
			"wheelRate": [
				0,
				0,
				0,
				0
			],
			"bumpStopRateUp": [
				5,
				5,
				9,
				9
			],
			"bumpStopRateDn": [
				0,
				0,
				10,
				10
			],
			"bumpStopWindow": [
				8,
				8,
				18,
				18
			],
			"brakeTorque": 20,
			"brakeBias": 0
		},
		"dampers": {
			"bumpSlow": [
				2,
				2,
				2,
				2
			],
			"bumpFast": [
				7,
				7,
				7,
				7
			],
			"reboundSlow": [
				10,
				10,
				10,
				10
			],
			"reboundFast": [
				11,
				11,
				11,
				11
			]
		},
		"aeroBalance": {
			"rideHeight": [
				0,
				6,
				14,
				18
			],
			"rodLength": [
				35.794609069824219,
				35.794609069824219,
				48.0780029296875,
				48.0780029296875
			],
			"splitter": 0,
			"rearWing": 12,
			"brakeDuct": [
				3,
				3
			]
		},
		"drivetrain": {
			"preload": 4
		}
	},
	"trackBopType": 34
}