{
	"carName": "ferrari_296_gt3",
	"basicSetup":
	{
		"tyres":
		{
			"tyreCompound": 0,
			"tyrePressure": [ 54, 56, 48, 49 ]
		},
		"alignment":
		{
			"camber": [ 0, 0, 2, 2 ],
			"toe": [ 30, 30, 40, 40 ],
			"staticCamber": [ -4.6358866691589355, -4.634608268737793, -4.713191032409668, -4.7125062942504883 ],
			"toeOutLinear": [ -0.00026632691151462495, -0.00026632935623638332, -6.7170076363254339e-05, -6.7176420998293906e-05 ],
			"casterLF": 30,
			"casterRF": 30,
			"steerRatio": 2
		},
		"electronics":
		{
			"tC1": 5,
			"tC2": 0,
			"abs": 4,
			"eCUMap": 0,
			"fuelMix": 0,
			"telemetryLaps": 5
		},
		"strategy":
		{
			"fuel": 10,
			"nPitStops": 0,
			"tyreSet": 0,
			"frontBrakePadCompound": 0,
			"rearBrakePadCompound": 0,
			"pitStrategy": [
				{
					"fuelToAdd": 0,
					"tyres":
					{
						"tyreCompound": 0,
						"tyrePressure": [ 41, 58, 45, 56 ]
					},
					"tyreSet": 2,
					"frontBrakePadCompound": 1,
					"rearBrakePadCompound": 1
				}
			],
			"fuelPerLap": 2.8279526233673096
		}
	},
	"advancedSetup":
	{
		"mechanicalBalance":
		{
			"aRBFront": 2,
			"aRBRear": 4,
			"wheelRate": [ 1, 1, 6, 6 ],
			"bumpStopRateUp": [ 5, 5, 10, 10 ],
			"bumpStopRateDn": [ 0, 0, 10, 10 ],
			"bumpStopWindow": [ 3, 3, 11, 11 ],
			"brakeTorque": 20,
			"brakeBias": 25
		},
		"dampers":
		{
			"bumpSlow": [ 6, 6, 7, 7 ],
			"bumpFast": [ 8, 8, 5, 5 ],
			"reboundSlow": [ 8, 8, 7, 7 ],
			"reboundFast": [ 10, 10, 9, 9 ]
		},
		"aeroBalance":
		{
			"rideHeight": [ 0, 6, 10, 18 ],
			"rodLength": [ 35.797927856445313, 35.797927856445313, 39.772605895996094, 39.772605895996094 ],
			"splitter": 0,
			"rearWing": 11,
			"brakeDuct": [ 4, 5 ]
		},
		"drivetrain":
		{
			"preload": 5
		}
	},
	"trackBopType": 34
}