{
	"carName": "ford_mustang_gt3",
	"basicSetup":
	{
		"tyres":
		{
			"tyreCompound": 0,
			"tyrePressure": [ 46, 52, 48, 50 ]
		},
		"alignment":
		{
			"camber": [ 0, 0, 0, 0 ],
			"toe": [ 7, 7, 18, 18 ],
			"staticCamber": [ -4.3709354400634766, -4.3667049407958984, -1.7598896026611328, -1.7585334777832031 ],
			"toeOutLinear": [ 0.00031339403358288109, 0.00031339973793365061, 0.00052726734429597855, 0.00052708928706124425 ],
			"casterLF": 40,
			"casterRF": 40,
			"steerRatio": 3
		},
		"electronics":
		{
			"tC1": 7,
			"tC2": 0,
			"abs": 4,
			"eCUMap": 0,
			"fuelMix": 0,
			"telemetryLaps": 0
		},
		"strategy":
		{
			"fuel": 23,
			"nPitStops": 0,
			"tyreSet": 0,
			"frontBrakePadCompound": 0,
			"rearBrakePadCompound": 0,
			"pitStrategy": [
				{
					"fuelToAdd": 0,
					"tyres":
					{
						"tyreCompound": 0,
						"tyrePressure": [ 46, 52, 48, 50 ]
					},
					"tyreSet": 2,
					"frontBrakePadCompound": 1,
					"rearBrakePadCompound": 1
				}
			],
			"fuelPerLap": 2.8499999046325684
		}
	},
	"advancedSetup":
	{
		"mechanicalBalance":
		{
			"aRBFront": 5,
			"aRBRear": 2,
			"wheelRate": [ 2, 2, 1, 1 ],
			"bumpStopRateUp": [ 4, 4, 4, 4 ],
			"bumpStopRateDn": [ 0, 0, 10, 10 ],
			"bumpStopWindow": [ 12, 12, 40, 40 ],
			"brakeTorque": 20,
			"brakeBias": 17
		},
		"dampers":
		{
			"bumpSlow": [ 6, 6, 5, 5 ],
			"bumpFast": [ 4, 4, 5, 5 ],
			"reboundSlow": [ 6, 6, 4, 4 ],
			"reboundFast": [ 5, 5, 8, 8 ]
		},
		"aeroBalance":
		{
			"rideHeight": [ 5, 11, 7, 18 ],
			"rodLength": [ 32.573509216308594, 32.573509216308594, -21.771244049072266, -21.771244049072266 ],
			"splitter": 0,
			"rearWing": 8,
			"brakeDuct": [ 3, 3 ]
		},
		"drivetrain":
		{
			"preload": 0
		}
	},
	"trackBopType": 28
}