{
	"carName": "amr_v12_vantage_gt3",
	"basicSetup":
	{
		"tyres":
		{
			"tyreCompound": 1,
			"tyrePressure": [ 72, 72, 71, 71 ]
		},
		"alignment":
		{
			"camber": [ 2, 2, 5, 5 ],
			"toe": [ 30, 30, 55, 55 ],
			"staticCamber": [ -3.7823266983032227, -3.7823152542114258, -2.3565559387207031, -2.3565561771392822 ],
			"toeOutLinear": [ 0.00038982456317171454, 0.00038983509875833988, 0.00026690275990404189, 0.00026689920923672616 ],
			"casterLF": 20,
			"casterRF": 20,
			"steerRatio": 3
		},
		"electronics":
		{
			"tC1": 3,
			"tC2": 0,
			"abs": 5,
			"eCUMap": 6,
			"fuelMix": 0,
			"telemetryLaps": 0
		},
		"strategy":
		{
			"fuel": 48,
			"nPitStops": 0,
			"tyreSet": 0,
			"frontBrakePadCompound": 2,
			"rearBrakePadCompound": 2,
			"pitStrategy": [
				{
					"fuelToAdd": 50,
					"tyres":
					{
						"tyreCompound": 0,
						"tyrePressure": [ 72, 72, 71, 71 ]
					},
					"tyreSet": 2,
					"frontBrakePadCompound": 2,
					"rearBrakePadCompound": 2
				}
			],
			"fuelPerLap": 2.0669059753417969
		}
	},
	"advancedSetup":
	{
		"mechanicalBalance":
		{
			"aRBFront": 5,
			"aRBRear": 0,
			"wheelRate": [ 7, 7, 7, 7 ],
			"bumpStopRateUp": [ 5, 5, 4, 4 ],
			"bumpStopRateDn": [ 0, 0, 10, 10 ],
			"bumpStopWindow": [ 7, 7, 55, 55 ],
			"brakeTorque": 20,
			"brakeBias": 36
		},
		"dampers":
		{
			"bumpSlow": [ 22, 22, 12, 12 ],
			"bumpFast": [ 8, 8, 15, 15 ],
			"reboundSlow": [ 22, 22, 20, 20 ],
			"reboundFast": [ 25, 25, 30, 30 ]
		},
		"aeroBalance":
		{
			"rideHeight": [ 9, 6, 9, 18 ],
			"rodLength": [ 14.77734375, 14.77734375, -24.06608772277832, -24.06608772277832 ],
			"splitter": 0,
			"rearWing": 10,
			"brakeDuct": [ 3, 3 ]
		},
		"drivetrain":
		{
			"preload": 3
		}
	},
	"trackBopType": 36
}