{
	"carName": "ferrari_296_gt3",
	"basicSetup": {
		"tyres": {
			"tyreCompound": 1,
			"tyrePressure": [
				59,
				66,
				47,
				54
			]
		},
		"alignment": {
			"camber": [
				2,
				2,
				1,
				1
			],
			"toe": [
				28,
				28,
				50,
				50
			],
			"staticCamber": [
				-4.4328737258911133,
				-4.4294195175170898,
				-4.9063396453857422,
				-4.9019942283630371
			],
			"toeOutLinear": [
				-0.00020535792282316834,
				-0.00020535917428787798,
				0.00029579686815850437,
				0.00029580687987618148
			],
			"casterLF": 30,
			"casterRF": 30,
			"steerRatio": 2
		},
		"electronics": {
			"tC1": 6,
			"tC2": 0,
			"abs": 4,
			"eCUMap": 0,
			"fuelMix": 0,
			"telemetryLaps": 5
		},
		"strategy": {
			"fuel": 0,
			"nPitStops": 0,
			"tyreSet": 0,
			"frontBrakePadCompound": 0,
			"rearBrakePadCompound": 0,
			"pitStrategy": [
				{
					"fuelToAdd": 0,
					"tyres": {
						"tyreCompound": 0,
						"tyrePressure": [
							59,
							66,
							47,
							54
						]
					},
					"tyreSet": 2,
					"frontBrakePadCompound": 0,
					"rearBrakePadCompound": 0
				}
			],
			"fuelPerLap": 2.5099999904632568
		}
	},
	"advancedSetup": {
		"mechanicalBalance": {
			"aRBFront": 4,
			"aRBRear": 2,
			"wheelRate": [
				0,
				0,
				1,
				1
			],
			"bumpStopRateUp": [
				2,
				2,
				9,
				8
			],
			"bumpStopRateDn": [
				0,
				0,
				10,
				10
			],
			"bumpStopWindow": [
				7,
				7,
				25,
				25
			],
			"brakeTorque": 20,
			"brakeBias": 0
		},
		"dampers": {
			"bumpSlow": [
				2,
				2,
				2,
				2
			],
			"bumpFast": [
				3,
				3,
				11,
				11
			],
			"reboundSlow": [
				11,
				11,
				3,
				3
			],
			"reboundFast": [
				11,
				11,
				11,
				11
			]
		},
		"aeroBalance": {
			"rideHeight": [
				0,
				6,
				12,
				18
			],
			"rodLength": [
				35.636177062988281,
				35.636177062988281,
				44.961921691894531,
				44.961921691894531
			],
			"splitter": 0,
			"rearWing": 12,
			"brakeDuct": [
				3,
				3
			]
		},
		"drivetrain": {
			"preload": 0
		}
	},
	"trackBopType": 44
}