{
	"carName": "nissan_gt_r_gt3_2018",
	"basicSetup":
	{
		"tyres":
		{
			"tyreCompound": 0,
			"tyrePressure": [ 54, 52, 49, 48 ]
		},
		"alignment":
		{
			"camber": [ 0, 0, 0, 0 ],
			"toe": [ 10, 10, 10, 10 ],
			"staticCamber": [ -3.3574800491333008, -3.358828067779541, -2.9542744159698486, -2.9550199508666992 ],
			"toeOutLinear": [ -0.00036742052179761231, -0.00036742567317560315, 0.0002568532363511622, 0.00025685961009003222 ],
			"casterLF": 25,
			"casterRF": 25,
			"steerRatio": 3
		},
		"electronics":
		{
			"tC1": 3,
			"tC2": 0,
			"abs": 4,
			"eCUMap": 0,
			"fuelMix": 0,
			"telemetryLaps": 5
		},
		"strategy":
		{
			"fuel": 118,
			"nPitStops": 0,
			"tyreSet": 8,
			"frontBrakePadCompound": 1,
			"rearBrakePadCompound": 1,
			"pitStrategy": [
				{
					"fuelToAdd": 120,
					"tyres":
					{
						"tyreCompound": 0,
						"tyrePressure": [ 61, 61, 58, 59 ]
					},
					"tyreSet": 2,
					"frontBrakePadCompound": 1,
					"rearBrakePadCompound": 1
				}
			],
			"fuelPerLap": 4.0232162475585938
		}
	},
	"advancedSetup":
	{
		"mechanicalBalance":
		{
			"aRBFront": 5,
			"aRBRear": 4,
			"wheelRate": [ 2, 2, 3, 3 ],
			"bumpStopRateUp": [ 8, 8, 5, 5 ],
			"bumpStopRateDn": [ 0, 0, 10, 10 ],
			"bumpStopWindow": [ 16, 16, 25, 25 ],
			"brakeTorque": 20,
			"brakeBias": 38
		},
		"dampers":
		{
			"bumpSlow": [ 27, 27, 16, 16 ],
			"bumpFast": [ 35, 35, 35, 35 ],
			"reboundSlow": [ 36, 36, 30, 30 ],
			"reboundFast": [ 35, 35, 35, 35 ]
		},
		"aeroBalance":
		{
			"rideHeight": [ 1, 11, 5, 18 ],
			"rodLength": [ -3.6417760848999023, -3.6417760848999023, 0.3354833722114563, 0.3354833722114563 ],
			"splitter": 0,
			"rearWing": 3,
			"brakeDuct": [ 3, 3 ]
		},
		"drivetrain":
		{
			"preload": 6
		}
	},
	"trackBopType": 33
}