{
	"carName": "ferrari_488_gt3_evo",
	"basicSetup":
	{
		"tyres":
		{
			"tyreCompound": 0,
			"tyrePressure": [ 51, 61, 47, 56 ]
		},
		"alignment":
		{
			"camber": [ 0, 0, 0, 0 ],
			"toe": [ 20, 20, 0, 0 ],
			"staticCamber": [ -3.1042068004608154, -3.0985038280487061, -2.3397343158721924, -2.3570256233215332 ],
			"toeOutLinear": [ 0.0010853124549612403, 0.0010853081475943327, -0.001516020274721086, -0.0015224475646391511 ],
			"casterLF": 94,
			"casterRF": 94,
			"steerRatio": 4
		},
		"electronics":
		{
			"tC1": 8,
			"tC2": 0,
			"abs": 5,
			"eCUMap": 0,
			"fuelMix": 0,
			"telemetryLaps": 0
		},
		"strategy":
		{
			"fuel": 10,
			"nPitStops": 0,
			"tyreSet": 4,
			"frontBrakePadCompound": 0,
			"rearBrakePadCompound": 0,
			"pitStrategy": [
				{
					"fuelToAdd": 0,
					"tyres":
					{
						"tyreCompound": 0,
						"tyrePressure": [ 45, 54, 47, 55 ]
					},
					"tyreSet": 2,
					"frontBrakePadCompound": 1,
					"rearBrakePadCompound": 1
				}
			],
			"fuelPerLap": 2.9852168560028076
		}
	},
	"advancedSetup":
	{
		"mechanicalBalance":
		{
			"aRBFront": 18,
			"aRBRear": 49,
			"wheelRate": [ 6, 6, 8, 8 ],
			"bumpStopRateUp": [ 12, 12, 12, 12 ],
			"bumpStopRateDn": [ 0, 0, 10, 10 ],
			"bumpStopWindow": [ 8, 8, 0, 0 ],
			"brakeTorque": 20,
			"brakeBias": 22
		},
		"dampers":
		{
			"bumpSlow": [ 9, 9, 5, 5 ],
			"bumpFast": [ 12, 12, 12, 12 ],
			"reboundSlow": [ 11, 11, 11, 11 ],
			"reboundFast": [ 8, 8, 10, 10 ]
		},
		"aeroBalance":
		{
			"rideHeight": [ 3, 6, 8, 18 ],
			"rodLength": [ -30.04704475402832, -30.04704475402832, -26.543172836303711, -26.543172836303711 ],
			"splitter": 0,
			"rearWing": 13,
			"brakeDuct": [ 3, 2 ]
		},
		"drivetrain":
		{
			"preload": 7
		}
	},
	"trackBopType": 52
}