{
	"carName": "lamborghini_huracan_gt3_evo2",
	"basicSetup":
	{
		"tyres":
		{
			"tyreCompound": 0,
			"tyrePressure": [ 49, 52, 45, 49 ]
		},
		"alignment":
		{
			"camber": [ 0, 0, 0, 0 ],
			"toe": [ 34, 34, 52, 52 ],
			"staticCamber": [ -3.8998124599456787, -3.8978090286254883, -3.3054544925689697, -3.3025004863739014 ],
			"toeOutLinear": [ 0.00066031719325110316, 0.00066031300229951739, 0.00042180600576102734, 0.00042180484160780907 ],
			"casterLF": 28,
			"casterRF": 28,
			"steerRatio": 1
		},
		"electronics":
		{
			"tC1": 4,
			"tC2": 1,
			"abs": 3,
			"eCUMap": 3,
			"fuelMix": 0,
			"telemetryLaps": 0
		},
		"strategy":
		{
			"fuel": 47,
			"nPitStops": 0,
			"tyreSet": 1,
			"frontBrakePadCompound": 0,
			"rearBrakePadCompound": 0,
			"pitStrategy": [
				{
					"fuelToAdd": 50,
					"tyres":
					{
						"tyreCompound": 0,
						"tyrePressure": [ 49, 52, 45, 49 ]
					},
					"tyreSet": 2,
					"frontBrakePadCompound": 1,
					"rearBrakePadCompound": 1
				}
			],
			"fuelPerLap": 2.2935028076171875
		}
	},
	"advancedSetup":
	{
		"mechanicalBalance":
		{
			"aRBFront": 8,
			"aRBRear": 7,
			"wheelRate": [ 3, 3, 4, 4 ],
			"bumpStopRateUp": [ 0, 0, 5, 5 ],
			"bumpStopRateDn": [ 0, 0, 10, 10 ],
			"bumpStopWindow": [ 28, 28, 60, 60 ],
			"brakeTorque": 20,
			"brakeBias": 24
		},
		"dampers":
		{
			"bumpSlow": [ 24, 24, 20, 20 ],
			"bumpFast": [ 18, 18, 22, 22 ],
			"reboundSlow": [ 16, 16, 24, 24 ],
			"reboundFast": [ 28, 28, 36, 36 ]
		},
		"aeroBalance":
		{
			"rideHeight": [ 0, 6, 13, 18 ],
			"rodLength": [ -6.4704470634460449, -6.4704470634460449, 11.227627754211426, 11.227627754211426 ],
			"splitter": 0,
			"rearWing": 12,
			"brakeDuct": [ 3, 2 ]
		},
		"drivetrain":
		{
			"preload": 0
		}
	},
	"trackBopType": 46
}