{
	"carName": "lamborghini_huracan_gt3_evo2",
	"basicSetup":
	{
		"tyres":
		{
			"tyreCompound": 0,
			"tyrePressure": [ 56, 59, 49, 54 ]
		},
		"alignment":
		{
			"camber": [ 0, 0, 0, 0 ],
			"toe": [ 28, 28, 52, 52 ],
			"staticCamber": [ -3.9106855392456055, -3.9089422225952148, -2.5348412990570068, -2.5313179492950439 ],
			"toeOutLinear": [ 0.00078719534212723374, 0.00078719865996390581, 0.00038746220525354147, 0.00038751281681470573 ],
			"casterLF": 26,
			"casterRF": 26,
			"steerRatio": 1
		},
		"electronics":
		{
			"tC1": 5,
			"tC2": 0,
			"abs": 3,
			"eCUMap": 3,
			"fuelMix": 0,
			"telemetryLaps": 0
		},
		"strategy":
		{
			"fuel": 16,
			"nPitStops": 0,
			"tyreSet": 0,
			"frontBrakePadCompound": 0,
			"rearBrakePadCompound": 0,
			"pitStrategy": [
				{
					"fuelToAdd": 0,
					"tyres":
					{
						"tyreCompound": 0,
						"tyrePressure": [ 56, 59, 49, 54 ]
					},
					"tyreSet": 2,
					"frontBrakePadCompound": 1,
					"rearBrakePadCompound": 1
				}
			],
			"fuelPerLap": 4.2399997711181641
		}
	},
	"advancedSetup":
	{
		"mechanicalBalance":
		{
			"aRBFront": 4,
			"aRBRear": 4,
			"wheelRate": [ 2, 2, 2, 2 ],
			"bumpStopRateUp": [ 7, 7, 5, 5 ],
			"bumpStopRateDn": [ 0, 0, 10, 10 ],
			"bumpStopWindow": [ 12, 12, 22, 22 ],
			"brakeTorque": 20,
			"brakeBias": 21
		},
		"dampers":
		{
			"bumpSlow": [ 18, 18, 21, 21 ],
			"bumpFast": [ 20, 20, 16, 16 ],
			"reboundSlow": [ 17, 17, 24, 24 ],
			"reboundFast": [ 28, 28, 22, 22 ]
		},
		"aeroBalance":
		{
			"rideHeight": [ 0, 6, 1, 18 ],
			"rodLength": [ -5.5105857849121094, -5.5105857849121094, -0.302631676197052, -0.302631676197052 ],
			"splitter": 0,
			"rearWing": 4,
			"brakeDuct": [ 3, 2 ]
		},
		"drivetrain":
		{
			"preload": 10
		}
	},
	"trackBopType": 33
}