{
	"carName": "amr_v12_vantage_gt3",
	"basicSetup":
	{
		"tyres":
		{
			"tyreCompound": 0,
			"tyrePressure": [ 47, 50, 48, 51 ]
		},
		"alignment":
		{
			"camber": [ 2, 2, 0, 0 ],
			"toe": [ 40, 40, 40, 40 ],
			"staticCamber": [ -3.6326401233673096, -3.6303350925445557, -2.7402422428131104, -2.7382194995880127 ],
			"toeOutLinear": [ 3.2707539503462613e-05, 3.2712647225707769e-05, -0.00022138799249660224, -0.0002213974657934159 ],
			"casterLF": 21,
			"casterRF": 21,
			"steerRatio": 3
		},
		"electronics":
		{
			"tC1": 1,
			"tC2": 0,
			"abs": 4,
			"eCUMap": 0,
			"fuelMix": 0,
			"telemetryLaps": 0
		},
		"strategy":
		{
			"fuel": 10,
			"nPitStops": 0,
			"tyreSet": 3,
			"frontBrakePadCompound": 0,
			"rearBrakePadCompound": 0,
			"pitStrategy": [
				{
					"fuelToAdd": 0,
					"tyres":
					{
						"tyreCompound": 0,
						"tyrePressure": [ 40, 41, 40, 42 ]
					},
					"tyreSet": 2,
					"frontBrakePadCompound": 0,
					"rearBrakePadCompound": 0
				}
			],
			"fuelPerLap": 2.75
		}
	},
	"advancedSetup":
	{
		"mechanicalBalance":
		{
			"aRBFront": 2,
			"aRBRear": 6,
			"wheelRate": [ 0, 0, 7, 7 ],
			"bumpStopRateUp": [ 7, 7, 14, 14 ],
			"bumpStopRateDn": [ 0, 0, 10, 10 ],
			"bumpStopWindow": [ 14, 14, 55, 55 ],
			"brakeTorque": 20,
			"brakeBias": 50
		},
		"dampers":
		{
			"bumpSlow": [ 33, 33, 33, 33 ],
			"bumpFast": [ 40, 40, 40, 40 ],
			"reboundSlow": [ 33, 33, 33, 33 ],
			"reboundFast": [ 40, 40, 40, 40 ]
		},
		"aeroBalance":
		{
			"rideHeight": [ 1, 6, 3, 18 ],
			"rodLength": [ 13.532995223999023, 13.532995223999023, -30.287771224975586, -30.287771224975586 ],
			"splitter": 0,
			"rearWing": 10,
			"brakeDuct": [ 4, 2 ]
		},
		"drivetrain":
		{
			"preload": 3
		}
	},
	"trackBopType": 36
}