{
	"carName": "ford_mustang_gt3",
	"basicSetup":
	{
		"tyres":
		{
			"tyreCompound": 0,
			"tyrePressure": [ 53, 52, 54, 53 ]
		},
		"alignment":
		{
			"camber": [ 0, 0, 0, 0 ],
			"toe": [ 6, 6, 13, 13 ],
			"staticCamber": [ -4.2441987991333008, -4.2448825836181641, -1.9777069091796875, -1.9783501625061035 ],
			"toeOutLinear": [ 0.00034031877294182777, 0.00034031789982691407, 0.00034714993671514094, 0.00034715305082499981 ],
			"casterLF": 40,
			"casterRF": 40,
			"steerRatio": 3
		},
		"electronics":
		{
			"tC1": 4,
			"tC2": 0,
			"abs": 3,
			"eCUMap": 0,
			"fuelMix": 0,
			"telemetryLaps": 0
		},
		"strategy":
		{
			"fuel": 13,
			"nPitStops": 0,
			"tyreSet": 0,
			"frontBrakePadCompound": 0,
			"rearBrakePadCompound": 0,
			"pitStrategy": [
				{
					"fuelToAdd": 0,
					"tyres":
					{
						"tyreCompound": 0,
						"tyrePressure": [ 53, 52, 54, 53 ]
					},
					"tyreSet": 2,
					"frontBrakePadCompound": 1,
					"rearBrakePadCompound": 1
				}
			],
			"fuelPerLap": 2.9000000953674316
		}
	},
	"advancedSetup":
	{
		"mechanicalBalance":
		{
			"aRBFront": 3,
			"aRBRear": 6,
			"wheelRate": [ 2, 2, 3, 3 ],
			"bumpStopRateUp": [ 2, 2, 3, 3 ],
			"bumpStopRateDn": [ 0, 0, 10, 10 ],
			"bumpStopWindow": [ 14, 14, 20, 20 ],
			"brakeTorque": 20,
			"brakeBias": 12
		},
		"dampers":
		{
			"bumpSlow": [ 7, 7, 4, 4 ],
			"bumpFast": [ 4, 4, 5, 5 ],
			"reboundSlow": [ 7, 7, 5, 5 ],
			"reboundFast": [ 5, 5, 9, 9 ]
		},
		"aeroBalance":
		{
			"rideHeight": [ 0, 11, 12, 18 ],
			"rodLength": [ 27.55224609375, 27.55224609375, -22.368379592895508, -22.368379592895508 ],
			"splitter": 0,
			"rearWing": 8,
			"brakeDuct": [ 3, 2 ]
		},
		"drivetrain":
		{
			"preload": 0
		}
	},
	"trackBopType": 44
}