{
	"carName": "ford_mustang_gt3",
	"basicSetup":
	{
		"tyres":
		{
			"tyreCompound": 0,
			"tyrePressure": [ 50, 52, 50, 51 ]
		},
		"alignment":
		{
			"camber": [ 0, 0, 0, 0 ],
			"toe": [ 5, 5, 3, 3 ],
			"staticCamber": [ -4.3757534027099609, -4.3738532066345215, -2.7091515064239502, -2.7081623077392578 ],
			"toeOutLinear": [ 0.00036572042154148221, 0.0003657264169305563, -7.9540099250152707e-05, -7.9577308497391641e-05 ],
			"casterLF": 40,
			"casterRF": 40,
			"steerRatio": 1
		},
		"electronics":
		{
			"tC1": 5,
			"tC2": 1,
			"abs": 2,
			"eCUMap": 0,
			"fuelMix": 0,
			"telemetryLaps": 99
		},
		"strategy":
		{
			"fuel": 11,
			"nPitStops": 0,
			"tyreSet": 0,
			"frontBrakePadCompound": 0,
			"rearBrakePadCompound": 0,
			"pitStrategy": [
				{
					"fuelToAdd": 0,
					"tyres":
					{
						"tyreCompound": 0,
						"tyrePressure": [ 50, 52, 50, 51 ]
					},
					"tyreSet": 2,
					"frontBrakePadCompound": 0,
					"rearBrakePadCompound": 0
				}
			],
			"fuelPerLap": 2.4598243236541748
		}
	},
	"advancedSetup":
	{
		"mechanicalBalance":
		{
			"aRBFront": 8,
			"aRBRear": 0,
			"wheelRate": [ 0, 0, 2, 2 ],
			"bumpStopRateUp": [ 24, 24, 26, 26 ],
			"bumpStopRateDn": [ 0, 0, 10, 10 ],
			"bumpStopWindow": [ 32, 32, 18, 18 ],
			"brakeTorque": 20,
			"brakeBias": 1
		},
		"dampers":
		{
			"bumpSlow": [ 1, 1, 2, 2 ],
			"bumpFast": [ 10, 10, 10, 10 ],
			"reboundSlow": [ 6, 6, 4, 4 ],
			"reboundFast": [ 11, 11, 11, 11 ]
		},
		"aeroBalance":
		{
			"rideHeight": [ 5, 11, 30, 18 ],
			"rodLength": [ 36.797283172607422, 36.797283172607422, -1.5804334878921509, -1.5804334878921509 ],
			"splitter": 0,
			"rearWing": 8,
			"brakeDuct": [ 2, 2 ]
		},
		"drivetrain":
		{
			"preload": 0
		}
	},
	"trackBopType": 45
}