{
	"carName": "lamborghini_huracan_gt3_evo2",
	"basicSetup":
	{
		"tyres":
		{
			"tyreCompound": 0,
			"tyrePressure": [ 45, 55, 43, 51 ]
		},
		"alignment":
		{
			"camber": [ 0, 0, 0, 0 ],
			"toe": [ 25, 25, 48, 48 ],
			"staticCamber": [ -3.9178156852722168, -3.910536527633667, -3.5509762763977051, -3.5443446636199951 ],
			"toeOutLinear": [ 0.00083642499521374702, 0.00083639472723007202, 0.00024857884272933006, 0.00024858367396518588 ],
			"casterLF": 30,
			"casterRF": 30,
			"steerRatio": 1
		},
		"electronics":
		{
			"tC1": 3,
			"tC2": 0,
			"abs": 3,
			"eCUMap": 3,
			"fuelMix": 0,
			"telemetryLaps": 0
		},
		"strategy":
		{
			"fuel": 48,
			"nPitStops": 0,
			"tyreSet": 0,
			"frontBrakePadCompound": 0,
			"rearBrakePadCompound": 0,
			"pitStrategy": [
				{
					"fuelToAdd": 0,
					"tyres":
					{
						"tyreCompound": 0,
						"tyrePressure": [ 45, 55, 43, 51 ]
					},
					"tyreSet": 2,
					"frontBrakePadCompound": 1,
					"rearBrakePadCompound": 1
				}
			],
			"fuelPerLap": 2.2787704467773438
		}
	},
	"advancedSetup":
	{
		"mechanicalBalance":
		{
			"aRBFront": 4,
			"aRBRear": 5,
			"wheelRate": [ 1, 1, 1, 1 ],
			"bumpStopRateUp": [ 5, 5, 7, 7 ],
			"bumpStopRateDn": [ 0, 0, 10, 10 ],
			"bumpStopWindow": [ 18, 18, 20, 20 ],
			"brakeTorque": 20,
			"brakeBias": 24
		},
		"dampers":
		{
			"bumpSlow": [ 20, 20, 17, 17 ],
			"bumpFast": [ 15, 15, 15, 15 ],
			"reboundSlow": [ 20, 20, 18, 18 ],
			"reboundFast": [ 28, 28, 27, 27 ]
		},
		"aeroBalance":
		{
			"rideHeight": [ 0, 6, 17, 18 ],
			"rodLength": [ -2.6442716121673584, -2.6442716121673584, 18.698970794677734, 18.698970794677734 ],
			"splitter": 0,
			"rearWing": 12,
			"brakeDuct": [ 3, 5 ]
		},
		"drivetrain":
		{
			"preload": 0
		}
	},
	"trackBopType": 37
}