{
	"carName": "lamborghini_huracan_gt3_evo2",
	"basicSetup":
	{
		"tyres":
		{
			"tyreCompound": 0,
			"tyrePressure": [ 45, 55, 43, 51 ]
		},
		"alignment":
		{
			"camber": [ 0, 0, 0, 0 ],
			"toe": [ 25, 25, 48, 48 ],
			"staticCamber": [ -3.9170174598693848, -3.9098184108734131, -3.3616271018981934, -3.3551344871520996 ],
			"toeOutLinear": [ 0.00083899596938863397, 0.00083901215111836791, 0.00024600696633569896, 0.00024600073811598122 ],
			"casterLF": 30,
			"casterRF": 30,
			"steerRatio": 1
		},
		"electronics":
		{
			"tC1": 4,
			"tC2": 0,
			"abs": 3,
			"eCUMap": 3,
			"fuelMix": 0,
			"telemetryLaps": 0
		},
		"strategy":
		{
			"fuel": 13,
			"nPitStops": 0,
			"tyreSet": 0,
			"frontBrakePadCompound": 0,
			"rearBrakePadCompound": 0,
			"pitStrategy": [
				{
					"fuelToAdd": 0,
					"tyres":
					{
						"tyreCompound": 0,
						"tyrePressure": [ 45, 55, 43, 51 ]
					},
					"tyreSet": 2,
					"frontBrakePadCompound": 1,
					"rearBrakePadCompound": 1
				}
			],
			"fuelPerLap": 2.2787704467773438
		}
	},
	"advancedSetup":
	{
		"mechanicalBalance":
		{
			"aRBFront": 5,
			"aRBRear": 4,
			"wheelRate": [ 2, 2, 1, 1 ],
			"bumpStopRateUp": [ 5, 5, 11, 11 ],
			"bumpStopRateDn": [ 0, 0, 10, 10 ],
			"bumpStopWindow": [ 14, 14, 20, 20 ],
			"brakeTorque": 20,
			"brakeBias": 27
		},
		"dampers":
		{
			"bumpSlow": [ 20, 20, 17, 17 ],
			"bumpFast": [ 15, 15, 15, 15 ],
			"reboundSlow": [ 20, 20, 18, 18 ],
			"reboundFast": [ 28, 28, 27, 27 ]
		},
		"aeroBalance":
		{
			"rideHeight": [ 0, 6, 14, 18 ],
			"rodLength": [ -5.2615280151367188, -5.2615280151367188, 14.818913459777832, 14.818913459777832 ],
			"splitter": 0,
			"rearWing": 12,
			"brakeDuct": [ 3, 3 ]
		},
		"drivetrain":
		{
			"preload": 0
		}
	},
	"trackBopType": 37
}