{
  "carName": "ferrari_296_gt3",
  "basicSetup": {
    "tyres": {
      "tyreCompound": 0,
      "tyrePressure": [
        49,
        55,
        52,
        55
      ]
    },
    "alignment": {
      "camber": [
        0,
        0,
        0,
        0
      ],
      "toe": [
        5,
        5,
        40,
        40
      ],
      "staticCamber": [
        -4.6879534721374512,
        -4.6841392517089844,
        -5.0641484260559082,
        -5.0621500015258789
      ],
      "toeOutLinear": [
        0.00034598784986883402,
        0.00034599218633957207,
        -8.3569029811769724e-05,
        -8.3597740740515292e-05
      ],
      "casterLF": 30,
      "casterRF": 30,
      "steerRatio": 2
    },
    "electronics": {
      "tC1": 6,
      "tC2": 0,
      "abs": 2,
      "eCUMap": 0,
      "fuelMix": 0,
      "telemetryLaps": 5
    },
    "strategy": {
      "fuel": 0,
      "nPitStops": 0,
      "tyreSet": 2,
      "frontBrakePadCompound": 0,
      "rearBrakePadCompound": 0,
      "pitStrategy": [
        {
          "fuelToAdd": 0,
          "tyres": {
            "tyreCompound": 0,
            "tyrePressure": [
              49,
              55,
              52,
              55
            ]
          },
          "tyreSet": 2,
          "frontBrakePadCompound": 0,
          "rearBrakePadCompound": 0
        }
      ],
      "fuelPerLap": 2.4500000476837158
    }
  },
  "advancedSetup": {
    "mechanicalBalance": {
      "aRBFront": 5,
      "aRBRear": 0,
      "wheelRate": [
        0,
        0,
        0,
        0
      ],
      "bumpStopRateUp": [
        0,
        0,
        0,
        0
      ],
      "bumpStopRateDn": [
        0,
        0,
        10,
        10
      ],
      "bumpStopWindow": [
        10,
        10,
        38,
        38
      ],
      "brakeTorque": 20,
      "brakeBias": 38
    },
    "dampers": {
      "bumpSlow": [
        0,
        0,
        0,
        0
      ],
      "bumpFast": [
        0,
        0,
        0,
        0
      ],
      "reboundSlow": [
        11,
        11,
        11,
        11
      ],
      "reboundFast": [
        11,
        11,
        11,
        11
      ]
    },
    "aeroBalance": {
      "rideHeight": [
        0,
        6,
        13,
        18
      ],
      "rodLength": [
        35.93463134765625,
        35.93463134765625,
        47.236846923828125,
        47.236846923828125
      ],
      "splitter": 0,
      "rearWing": 12,
      "brakeDuct": [
        2,
        3
      ]
    },
    "drivetrain": {
      "preload": 0
    }
  },
  "trackBopType": 28
}