{
	"carName": "ferrari_296_gt3",
	"basicSetup": {
		"tyres": {
			"tyreCompound": 1,
			"tyrePressure": [
				60,
				67,
				48,
				55
			]
		},
		"alignment": {
			"camber": [
				2,
				2,
				1,
				1
			],
			"toe": [
				28,
				28,
				50,
				50
			],
			"staticCamber": [
				-4.4332575798034668,
				-4.4298086166381836,
				-5.009918212890625,
				-5.0055861473083496
			],
			"toeOutLinear": [
				-0.00020575859525706619,
				-0.00020576269889716059,
				0.00028302648570388556,
				0.00028304234729148448
			],
			"casterLF": 30,
			"casterRF": 30,
			"steerRatio": 2
		},
		"electronics": {
			"tC1": 6,
			"tC2": 0,
			"abs": 3,
			"eCUMap": 0,
			"fuelMix": 0,
			"telemetryLaps": 5
		},
		"strategy": {
			"fuel": 0,
			"nPitStops": 0,
			"tyreSet": 0,
			"frontBrakePadCompound": 0,
			"rearBrakePadCompound": 0,
			"pitStrategy": [
				{
					"fuelToAdd": 0,
					"tyres": {
						"tyreCompound": 0,
						"tyrePressure": [
							60,
							67,
							48,
							55
						]
					},
					"tyreSet": 2,
					"frontBrakePadCompound": 0,
					"rearBrakePadCompound": 0
				}
			],
			"fuelPerLap": 2.4500000476837158
		}
	},
	"advancedSetup": {
		"mechanicalBalance": {
			"aRBFront": 4,
			"aRBRear": 2,
			"wheelRate": [
				1,
				1,
				1,
				1
			],
			"bumpStopRateUp": [
				3,
				3,
				7,
				7
			],
			"bumpStopRateDn": [
				0,
				0,
				10,
				10
			],
			"bumpStopWindow": [
				8,
				8,
				18,
				18
			],
			"brakeTorque": 20,
			"brakeBias": 0
		},
		"dampers": {
			"bumpSlow": [
				2,
				2,
				2,
				2
			],
			"bumpFast": [
				11,
				11,
				11,
				11
			],
			"reboundSlow": [
				6,
				6,
				8,
				8
			],
			"reboundFast": [
				11,
				11,
				11,
				11
			]
		},
		"aeroBalance": {
			"rideHeight": [
				0,
				6,
				14,
				18
			],
			"rodLength": [
				35.166740417480469,
				35.166740417480469,
				46.956947326660156,
				46.956947326660156
			],
			"splitter": 0,
			"rearWing": 12,
			"brakeDuct": [
				3,
				3
			]
		},
		"drivetrain": {
			"preload": 6
		}
	},
	"trackBopType": 28
}