{
	"carName": "ferrari_296_gt3",
	"basicSetup":
	{
		"tyres":
		{
			"tyreCompound": 0,
			"tyrePressure": [ 50, 54, 41, 51 ]
		},
		"alignment":
		{
			"camber": [ 3, 3, 1, 1 ],
			"toe": [ 25, 25, 32, 32 ],
			"staticCamber": [ -4.4063320159912109, -4.4037084579467773, -4.8288779258728027, -4.8218326568603516 ],
			"toeOutLinear": [ 2.0079862224520184e-05, 2.0076757209608331e-05, -0.0003609098494052887, -0.00036087160697206855 ],
			"casterLF": 14,
			"casterRF": 14,
			"steerRatio": 1
		},
		"electronics":
		{
			"tC1": 6,
			"tC2": 0,
			"abs": 5,
			"eCUMap": 0,
			"fuelMix": 0,
			"telemetryLaps": 5
		},
		"strategy":
		{
			"fuel": 9,
			"nPitStops": 0,
			"tyreSet": 4,
			"frontBrakePadCompound": 0,
			"rearBrakePadCompound": 0,
			"pitStrategy": [
				{
					"fuelToAdd": 0,
					"tyres":
					{
						"tyreCompound": 0,
						"tyrePressure": [ 41, 58, 45, 56 ]
					},
					"tyreSet": 2,
					"frontBrakePadCompound": 1,
					"rearBrakePadCompound": 1
				}
			],
			"fuelPerLap": 2.3537468910217285
		}
	},
	"advancedSetup":
	{
		"mechanicalBalance":
		{
			"aRBFront": 1,
			"aRBRear": 3,
			"wheelRate": [ 0, 0, 3, 3 ],
			"bumpStopRateUp": [ 0, 0, 4, 4 ],
			"bumpStopRateDn": [ 0, 0, 10, 10 ],
			"bumpStopWindow": [ 10, 10, 17, 17 ],
			"brakeTorque": 20,
			"brakeBias": 39
		},
		"dampers":
		{
			"bumpSlow": [ 8, 8, 10, 10 ],
			"bumpFast": [ 5, 5, 3, 3 ],
			"reboundSlow": [ 8, 8, 7, 7 ],
			"reboundFast": [ 10, 10, 11, 11 ]
		},
		"aeroBalance":
		{
			"rideHeight": [ 0, 6, 10, 18 ],
			"rodLength": [ 36.74627685546875, 36.74627685546875, 42.766670227050781, 42.766670227050781 ],
			"splitter": 0,
			"rearWing": 12,
			"brakeDuct": [ 4, 4 ]
		},
		"drivetrain":
		{
			"preload": 10
		}
	},
	"trackBopType": 28
}