{
	"carName": "mclaren_720s_gt3_evo",
	"basicSetup":
	{
		"tyres":
		{
			"tyreCompound": 0,
			"tyrePressure": [ 54, 54, 49, 50 ]
		},
		"alignment":
		{
			"camber": [ 3, 3, 1, 1 ],
			"toe": [ 36, 36, 23, 23 ],
			"staticCamber": [ -4.324040412902832, -4.3240585327148438, -4.9522905349731445, -4.9517221450805664 ],
			"toeOutLinear": [ 0.0016486451495438814, 0.0016486300155520439, 0.00026772721321322024, 0.00026772636920213699 ],
			"casterLF": 34,
			"casterRF": 34,
			"steerRatio": 1
		},
		"electronics":
		{
			"tC1": 3,
			"tC2": 0,
			"abs": 3,
			"eCUMap": 0,
			"fuelMix": 0,
			"telemetryLaps": 0
		},
		"strategy":
		{
			"fuel": 48,
			"nPitStops": 0,
			"tyreSet": 0,
			"frontBrakePadCompound": 0,
			"rearBrakePadCompound": 0,
			"pitStrategy": [
				{
					"fuelToAdd": 0,
					"tyres":
					{
						"tyreCompound": 0,
						"tyrePressure": [ 54, 54, 49, 50 ]
					},
					"tyreSet": 0,
					"frontBrakePadCompound": 1,
					"rearBrakePadCompound": 1
				}
			],
			"fuelPerLap": 2.9288511276245117
		}
	},
	"advancedSetup":
	{
		"mechanicalBalance":
		{
			"aRBFront": 9,
			"aRBRear": 7,
			"wheelRate": [ 4, 4, 4, 4 ],
			"bumpStopRateUp": [ 9, 9, 7, 7 ],
			"bumpStopRateDn": [ 0, 0, 10, 10 ],
			"bumpStopWindow": [ 8, 8, 16, 16 ],
			"brakeTorque": 20,
			"brakeBias": 23
		},
		"dampers":
		{
			"bumpSlow": [ 27, 27, 20, 20 ],
			"bumpFast": [ 18, 18, 17, 17 ],
			"reboundSlow": [ 25, 25, 26, 26 ],
			"reboundFast": [ 33, 33, 30, 30 ]
		},
		"aeroBalance":
		{
			"rideHeight": [ 2, 6, 11, 18 ],
			"rodLength": [ 53.620983123779297, 53.620983123779297, 40.585700988769531, 40.585700988769531 ],
			"splitter": 3,
			"rearWing": 11,
			"brakeDuct": [ 3, 2 ]
		},
		"drivetrain":
		{
			"preload": 8
		}
	},
	"trackBopType": 44
}