{
	"carName": "porsche_992_gt3_cup",
	"basicSetup":
	{
		"tyres":
		{
			"tyreCompound": 0,
			"tyrePressure": [ 34, 32, 28, 24 ]
		},
		"alignment":
		{
			"camber": [ 10, 10, 4, 4 ],
			"toe": [ 35, 35, 45, 45 ],
			"staticCamber": [ -4.4710798263549805, -4.4723138809204102, -3.347160816192627, -3.3515300750732422 ],
			"toeOutLinear": [ 0.00042711978312581778, 0.00042711838614195585, -0.0004288387717679143, -0.00042891019256785512 ],
			"casterLF": 0,
			"casterRF": 0,
			"steerRatio": 3
		},
		"electronics":
		{
			"tC1": 0,
			"tC2": 0,
			"abs": 7,
			"eCUMap": 0,
			"fuelMix": 0,
			"telemetryLaps": 0
		},
		"strategy":
		{
			"fuel": 28,
			"nPitStops": 0,
			"tyreSet": 6,
			"frontBrakePadCompound": 0,
			"rearBrakePadCompound": 0,
			"pitStrategy": [
				{
					"fuelToAdd": 62,
					"tyres":
					{
						"tyreCompound": 0,
						"tyrePressure": [ 24, 19, 18, 12 ]
					},
					"tyreSet": 2,
					"frontBrakePadCompound": 0,
					"rearBrakePadCompound": 0
				}
			],
			"fuelPerLap": 1.4835023880004883
		}
	},
	"advancedSetup":
	{
		"mechanicalBalance":
		{
			"aRBFront": 9,
			"aRBRear": 11,
			"wheelRate": [ 0, 0, 0, 0 ],
			"bumpStopRateUp": [ 0, 0, 0, 0 ],
			"bumpStopRateDn": [ 0, 0, 10, 10 ],
			"bumpStopWindow": [ 0, 0, 0, 0 ],
			"brakeTorque": 20,
			"brakeBias": 35
		},
		"dampers":
		{
			"bumpSlow": [ 0, 0, 0, 0 ],
			"bumpFast": [ 0, 0, 0, 0 ],
			"reboundSlow": [ 0, 0, 0, 0 ],
			"reboundFast": [ 0, 0, 0, 0 ]
		},
		"aeroBalance":
		{
			"rideHeight": [ 3, 11, 0, 18 ],
			"rodLength": [ 24.242898941040039, 24.242898941040039, -1.2790279388427734, -1.2790279388427734 ],
			"splitter": 0,
			"rearWing": 10,
			"brakeDuct": [ 4, 4 ]
		},
		"drivetrain":
		{
			"preload": 0
		}
	},
	"trackBopType": 43
}