{
	"carName": "bmw_m4_gt3",
	"basicSetup":
	{
		"tyres":
		{
			"tyreCompound": 0,
			"tyrePressure": [ 50, 53, 49, 50 ]
		},
		"alignment":
		{
			"camber": [ 0, 0, 0, 0 ],
			"toe": [ 6, 6, 7, 7 ],
			"staticCamber": [ -4.1228470802307129, -4.1208853721618652, -2.142880916595459, -2.1422157287597656 ],
			"toeOutLinear": [ 0.00029269850347191095, 0.00029269821243360639, 0.00015755323693156242, 0.00015756837092339993 ],
			"casterLF": 25,
			"casterRF": 25,
			"steerRatio": 3
		},
		"electronics":
		{
			"tC1": 4,
			"tC2": 0,
			"abs": 3,
			"eCUMap": 0,
			"fuelMix": 0,
			"telemetryLaps": 0
		},
		"strategy":
		{
			"fuel": 13,
			"nPitStops": 0,
			"tyreSet": 0,
			"frontBrakePadCompound": 0,
			"rearBrakePadCompound": 0,
			"pitStrategy": [
				{
					"fuelToAdd": 0,
					"tyres":
					{
						"tyreCompound": 0,
						"tyrePressure": [ 50, 53, 49, 50 ]
					},
					"tyreSet": 2,
					"frontBrakePadCompound": 1,
					"rearBrakePadCompound": 1
				}
			],
			"fuelPerLap": 3.2999999523162842
		}
	},
	"advancedSetup":
	{
		"mechanicalBalance":
		{
			"aRBFront": 5,
			"aRBRear": 1,
			"wheelRate": [ 2, 2, 1, 1 ],
			"bumpStopRateUp": [ 6, 6, 2, 2 ],
			"bumpStopRateDn": [ 0, 0, 10, 10 ],
			"bumpStopWindow": [ 10, 10, 40, 40 ],
			"brakeTorque": 20,
			"brakeBias": 12
		},
		"dampers":
		{
			"bumpSlow": [ 24, 24, 22, 22 ],
			"bumpFast": [ 22, 22, 24, 24 ],
			"reboundSlow": [ 26, 26, 20, 20 ],
			"reboundFast": [ 35, 35, 27, 27 ]
		},
		"aeroBalance":
		{
			"rideHeight": [ 0, 11, 4, 18 ],
			"rodLength": [ 21.862796783447266, 21.862796783447266, 1.3807564973831177, 1.3807564973831177 ],
			"splitter": 0,
			"rearWing": 8,
			"brakeDuct": [ 3, 2 ]
		},
		"drivetrain":
		{
			"preload": 0
		}
	},
	"trackBopType": 34
}