{
	"carName": "amr_v8_vantage_gt3",
	"basicSetup":
	{
		"tyres":
		{
			"tyreCompound": 0,
			"tyrePressure": [ 50, 55, 50, 53 ]
		},
		"alignment":
		{
			"camber": [ 0, 0, 0, 0 ],
			"toe": [ 26, 26, 46, 46 ],
			"staticCamber": [ -5.3474545478820801, -5.343501091003418, -5.0740752220153809, -5.0717487335205078 ],
			"toeOutLinear": [ 0.00026619288837537169, 0.00026618869742378592, 0.00019475842418614775, 0.00019479393085930496 ],
			"casterLF": 18,
			"casterRF": 18,
			"steerRatio": 1
		},
		"electronics":
		{
			"tC1": 1,
			"tC2": 8,
			"abs": 3,
			"eCUMap": 0,
			"fuelMix": 0,
			"telemetryLaps": 0
		},
		"strategy":
		{
			"fuel": 18,
			"nPitStops": 0,
			"tyreSet": 0,
			"frontBrakePadCompound": 0,
			"rearBrakePadCompound": 0,
			"pitStrategy": [
				{
					"fuelToAdd": 0,
					"tyres":
					{
						"tyreCompound": 0,
						"tyrePressure": [ 50, 55, 50, 53 ]
					},
					"tyreSet": 2,
					"frontBrakePadCompound": 1,
					"rearBrakePadCompound": 1
				}
			],
			"fuelPerLap": 2.75
		}
	},
	"advancedSetup":
	{
		"mechanicalBalance":
		{
			"aRBFront": 4,
			"aRBRear": 2,
			"wheelRate": [ 2, 2, 2, 2 ],
			"bumpStopRateUp": [ 4, 4, 5, 5 ],
			"bumpStopRateDn": [ 0, 0, 10, 10 ],
			"bumpStopWindow": [ 10, 10, 50, 50 ],
			"brakeTorque": 20,
			"brakeBias": 27
		},
		"dampers":
		{
			"bumpSlow": [ 25, 25, 18, 18 ],
			"bumpFast": [ 20, 20, 20, 20 ],
			"reboundSlow": [ 24, 24, 24, 24 ],
			"reboundFast": [ 28, 28, 30, 30 ]
		},
		"aeroBalance":
		{
			"rideHeight": [ 0, 6, 23, 18 ],
			"rodLength": [ 58.076675415039063, 58.076675415039063, 70.290863037109375, 70.290863037109375 ],
			"splitter": 0,
			"rearWing": 10,
			"brakeDuct": [ 3, 3 ]
		},
		"drivetrain":
		{
			"preload": 0
		}
	},
	"trackBopType": 35
}