{
	"carName": "ferrari_296_gt3",
	"basicSetup":
	{
		"tyres":
		{
			"tyreCompound": 0,
			"tyrePressure": [ 54, 56, 49, 50 ]
		},
		"alignment":
		{
			"camber": [ 0, 0, 0, 0 ],
			"toe": [ 26, 26, 50, 50 ],
			"staticCamber": [ -4.6430277824401855, -4.6417608261108398, -4.9176373481750488, -4.916959285736084 ],
			"toeOutLinear": [ -0.00016360425797756761, -0.00016360089648514986, 0.00030581574537791312, 0.00030580410384573042 ],
			"casterLF": 30,
			"casterRF": 30,
			"steerRatio": 3
		},
		"electronics":
		{
			"tC1": 6,
			"tC2": 0,
			"abs": 3,
			"eCUMap": 0,
			"fuelMix": 0,
			"telemetryLaps": 0
		},
		"strategy":
		{
			"fuel": 13,
			"nPitStops": 0,
			"tyreSet": 0,
			"frontBrakePadCompound": 0,
			"rearBrakePadCompound": 0,
			"pitStrategy": [
				{
					"fuelToAdd": 0,
					"tyres":
					{
						"tyreCompound": 0,
						"tyrePressure": [ 54, 56, 49, 50 ]
					},
					"tyreSet": 2,
					"frontBrakePadCompound": 1,
					"rearBrakePadCompound": 1
				}
			],
			"fuelPerLap": 2.2999999523162842
		}
	},
	"advancedSetup":
	{
		"mechanicalBalance":
		{
			"aRBFront": 4,
			"aRBRear": 3,
			"wheelRate": [ 3, 3, 2, 2 ],
			"bumpStopRateUp": [ 4, 4, 7, 7 ],
			"bumpStopRateDn": [ 0, 0, 10, 10 ],
			"bumpStopWindow": [ 10, 10, 20, 20 ],
			"brakeTorque": 20,
			"brakeBias": 30
		},
		"dampers":
		{
			"bumpSlow": [ 7, 7, 5, 5 ],
			"bumpFast": [ 5, 5, 4, 4 ],
			"reboundSlow": [ 6, 6, 5, 5 ],
			"reboundFast": [ 5, 5, 8, 8 ]
		},
		"aeroBalance":
		{
			"rideHeight": [ 0, 6, 10, 18 ],
			"rodLength": [ 34.667434692382813, 34.667434692382813, 42.608894348144531, 42.608894348144531 ],
			"splitter": 0,
			"rearWing": 12,
			"brakeDuct": [ 3, 2 ]
		},
		"drivetrain":
		{
			"preload": 10
		}
	},
	"trackBopType": 36
}