{
  "carName": "ferrari_296_gt3",
  "basicSetup": {
    "tyres": {
      "tyreCompound": 0,
      "tyrePressure": [
        51,
        49,
        48,
        51
      ]
    },
    "alignment": {
      "camber": [
        0,
        0,
        0,
        0
      ],
      "toe": [
        0,
        0,
        40,
        40
      ],
      "staticCamber": [
        -4.8101105690002441,
        -4.8113932609558105,
        -5.2200627326965332,
        -5.2180385589599609
      ],
      "toeOutLinear": [
        0.00034772756043821573,
        0.00034772971412166953,
        -0.00010267665493302047,
        -0.0001026394238579087
      ],
      "casterLF": 30,
      "casterRF": 30,
      "steerRatio": 2
    },
    "electronics": {
      "tC1": 5,
      "tC2": 0,
      "abs": 2,
      "eCUMap": 0,
      "fuelMix": 0,
      "telemetryLaps": 2
    },
    "strategy": {
      "fuel": 0,
      "nPitStops": 0,
      "tyreSet": 2,
      "frontBrakePadCompound": 0,
      "rearBrakePadCompound": 0,
      "pitStrategy": [
        {
          "fuelToAdd": 0,
          "tyres": {
            "tyreCompound": 0,
            "tyrePressure": [
              51,
              49,
              48,
              51
            ]
          },
          "tyreSet": 2,
          "frontBrakePadCompound": 0,
          "rearBrakePadCompound": 0
        }
      ],
      "fuelPerLap": 3.1500000953674316
    }
  },
  "advancedSetup": {
    "mechanicalBalance": {
      "aRBFront": 5,
      "aRBRear": 0,
      "wheelRate": [
        1,
        1,
        0,
        0
      ],
      "bumpStopRateUp": [
        0,
        0,
        3,
        3
      ],
      "bumpStopRateDn": [
        0,
        0,
        10,
        10
      ],
      "bumpStopWindow": [
        16,
        16,
        38,
        38
      ],
      "brakeTorque": 20,
      "brakeBias": 38
    },
    "dampers": {
      "bumpSlow": [
        0,
        0,
        0,
        0
      ],
      "bumpFast": [
        0,
        0,
        0,
        0
      ],
      "reboundSlow": [
        11,
        11,
        11,
        11
      ],
      "reboundFast": [
        11,
        11,
        11,
        11
      ]
    },
    "aeroBalance": {
      "rideHeight": [
        5,
        6,
        16,
        18
      ],
      "rodLength": [
        40.509574890136719,
        40.509574890136719,
        50.377067565917969,
        50.377067565917969
      ],
      "splitter": 0,
      "rearWing": 12,
      "brakeDuct": [
        2,
        3
      ]
    },
    "drivetrain": {
      "preload": 0
    }
  },
  "trackBopType": 42
}