{
	"carName": "ferrari_296_gt3",
	"basicSetup":
	{
		"tyres":
		{
			"tyreCompound": 0,
			"tyrePressure": [ 46, 46, 40, 41 ]
		},
		"alignment":
		{
			"camber": [ 3, 3, 1, 1 ],
			"toe": [ 30, 30, 40, 40 ],
			"staticCamber": [ -4.3220529556274414, -4.3220529556274414, -4.743412971496582, -4.7426638603210449 ],
			"toeOutLinear": [ -0.0003241660597268492, -0.00032416355679742992, -6.019263673806563e-05, -6.0199887229828164e-05 ],
			"casterLF": 20,
			"casterRF": 20,
			"steerRatio": 1
		},
		"electronics":
		{
			"tC1": 8,
			"tC2": 0,
			"abs": 5,
			"eCUMap": 0,
			"fuelMix": 0,
			"telemetryLaps": 5
		},
		"strategy":
		{
			"fuel": 103,
			"nPitStops": 0,
			"tyreSet": 3,
			"frontBrakePadCompound": 1,
			"rearBrakePadCompound": 1,
			"pitStrategy": [
				{
					"fuelToAdd": 0,
					"tyres":
					{
						"tyreCompound": 0,
						"tyrePressure": [ 41, 58, 45, 56 ]
					},
					"tyreSet": 2,
					"frontBrakePadCompound": 1,
					"rearBrakePadCompound": 1
				}
			],
			"fuelPerLap": 2.8655040264129639
		}
	},
	"advancedSetup":
	{
		"mechanicalBalance":
		{
			"aRBFront": 1,
			"aRBRear": 3,
			"wheelRate": [ 2, 2, 2, 2 ],
			"bumpStopRateUp": [ 0, 0, 4, 4 ],
			"bumpStopRateDn": [ 0, 0, 10, 10 ],
			"bumpStopWindow": [ 6, 6, 12, 12 ],
			"brakeTorque": 20,
			"brakeBias": 43
		},
		"dampers":
		{
			"bumpSlow": [ 7, 7, 9, 9 ],
			"bumpFast": [ 6, 6, 3, 3 ],
			"reboundSlow": [ 10, 10, 4, 4 ],
			"reboundFast": [ 11, 11, 8, 8 ]
		},
		"aeroBalance":
		{
			"rideHeight": [ 0, 6, 8, 18 ],
			"rodLength": [ 36.333950042724609, 36.333950042724609, 43.339179992675781, 43.339179992675781 ],
			"splitter": 0,
			"rearWing": 12,
			"brakeDuct": [ 4, 5 ]
		},
		"drivetrain":
		{
			"preload": 6
		}
	},
	"trackBopType": 42
}