{
	"carName": "ferrari_296_gt3",
	"basicSetup":
	{
		"tyres":
		{
			"tyreCompound": 0,
			"tyrePressure": [ 47, 47, 42, 42 ]
		},
		"alignment":
		{
			"camber": [ 3, 3, 1, 1 ],
			"toe": [ 30, 30, 40, 40 ],
			"staticCamber": [ -4.3364768028259277, -4.3364720344543457, -4.8037543296813965, -4.8037524223327637 ],
			"toeOutLinear": [ -0.0002952398790512234, -0.00029523708508349955, -6.6236643760930747e-05, -6.6241285821888596e-05 ],
			"casterLF": 26,
			"casterRF": 26,
			"steerRatio": 1
		},
		"electronics":
		{
			"tC1": 6,
			"tC2": 0,
			"abs": 4,
			"eCUMap": 0,
			"fuelMix": 0,
			"telemetryLaps": 0
		},
		"strategy":
		{
			"fuel": 103,
			"nPitStops": 0,
			"tyreSet": 2,
			"frontBrakePadCompound": 1,
			"rearBrakePadCompound": 1,
			"pitStrategy": [
				{
					"fuelToAdd": 0,
					"tyres":
					{
						"tyreCompound": 0,
						"tyrePressure": [ 41, 58, 45, 56 ]
					},
					"tyreSet": 2,
					"frontBrakePadCompound": 1,
					"rearBrakePadCompound": 1
				}
			],
			"fuelPerLap": 3.1500000953674316
		}
	},
	"advancedSetup":
	{
		"mechanicalBalance":
		{
			"aRBFront": 1,
			"aRBRear": 3,
			"wheelRate": [ 2, 2, 3, 3 ],
			"bumpStopRateUp": [ 4, 4, 8, 8 ],
			"bumpStopRateDn": [ 0, 0, 10, 10 ],
			"bumpStopWindow": [ 6, 6, 12, 12 ],
			"brakeTorque": 20,
			"brakeBias": 24
		},
		"dampers":
		{
			"bumpSlow": [ 7, 7, 9, 9 ],
			"bumpFast": [ 6, 6, 3, 3 ],
			"reboundSlow": [ 10, 10, 5, 5 ],
			"reboundFast": [ 10, 10, 7, 7 ]
		},
		"aeroBalance":
		{
			"rideHeight": [ 0, 6, 9, 18 ],
			"rodLength": [ 36.885391235351563, 36.885391235351563, 44.076950073242188, 44.076950073242188 ],
			"splitter": 0,
			"rearWing": 12,
			"brakeDuct": [ 3, 5 ]
		},
		"drivetrain":
		{
			"preload": 5
		}
	},
	"trackBopType": 42
}