{
	"carName": "nissan_gt_r_gt3_2018",
	"basicSetup":
	{
		"tyres":
		{
			"tyreCompound": 0,
			"tyrePressure": [ 49, 54, 48, 55 ]
		},
		"alignment":
		{
			"camber": [ 0, 0, 0, 0 ],
			"toe": [ 20, 20, 0, 0 ],
			"staticCamber": [ -3.2804462909698486, -3.2771763801574707, -2.8965048789978027, -2.8917324542999268 ],
			"toeOutLinear": [ -0.00074353680247440934, -0.00074352120282128453, 8.108944894047454e-05, 8.1115365901496261e-05 ],
			"casterLF": 28,
			"casterRF": 28,
			"steerRatio": 2
		},
		"electronics":
		{
			"tC1": 3,
			"tC2": 0,
			"abs": 5,
			"eCUMap": 0,
			"fuelMix": 0,
			"telemetryLaps": 0
		},
		"strategy":
		{
			"fuel": 38,
			"nPitStops": 0,
			"tyreSet": 2,
			"frontBrakePadCompound": 0,
			"rearBrakePadCompound": 0,
			"pitStrategy": [
				{
					"fuelToAdd": 45,
					"tyres":
					{
						"tyreCompound": 0,
						"tyrePressure": [ 49, 54, 48, 55 ]
					},
					"tyreSet": 2,
					"frontBrakePadCompound": 0,
					"rearBrakePadCompound": 0
				}
			],
			"fuelPerLap": 2.9000000953674316
		}
	},
	"advancedSetup":
	{
		"mechanicalBalance":
		{
			"aRBFront": 3,
			"aRBRear": 7,
			"wheelRate": [ 3, 3, 3, 3 ],
			"bumpStopRateUp": [ 0, 0, 0, 0 ],
			"bumpStopRateDn": [ 0, 0, 10, 10 ],
			"bumpStopWindow": [ 28, 28, 38, 38 ],
			"brakeTorque": 20,
			"brakeBias": 35
		},
		"dampers":
		{
			"bumpSlow": [ 20, 20, 14, 14 ],
			"bumpFast": [ 22, 22, 18, 18 ],
			"reboundSlow": [ 22, 22, 20, 20 ],
			"reboundFast": [ 30, 30, 30, 30 ]
		},
		"aeroBalance":
		{
			"rideHeight": [ 0, 11, 3, 18 ],
			"rodLength": [ -6.5495891571044922, -6.5495891571044922, -4.7280802726745605, -4.7280802726745605 ],
			"splitter": 0,
			"rearWing": 2,
			"brakeDuct": [ 3, 2 ]
		},
		"drivetrain":
		{
			"preload": 14
		}
	},
	"trackBopType": 35
}