{
	"carName": "nissan_gt_r_gt3_2018",
	"basicSetup":
	{
		"tyres":
		{
			"tyreCompound": 0,
			"tyrePressure": [ 47, 62, 41, 51 ]
		},
		"alignment":
		{
			"camber": [ 2, 2, 2, 2 ],
			"toe": [ 10, 10, 0, 0 ],
			"staticCamber": [ -3.135216236114502, -3.1245718002319336, -2.9750924110412598, -2.9676487445831299 ],
			"toeOutLinear": [ -0.00038456029142253101, -0.00038451291038654745, 7.4940027843695134e-05, 7.4909257818944752e-05 ],
			"casterLF": 13,
			"casterRF": 13,
			"steerRatio": 2
		},
		"electronics":
		{
			"tC1": 1,
			"tC2": 0,
			"abs": 4,
			"eCUMap": 0,
			"fuelMix": 0,
			"telemetryLaps": 5
		},
		"strategy":
		{
			"fuel": 108,
			"nPitStops": 0,
			"tyreSet": 7,
			"frontBrakePadCompound": 1,
			"rearBrakePadCompound": 1,
			"pitStrategy": [
				{
					"fuelToAdd": 0,
					"tyres":
					{
						"tyreCompound": 0,
						"tyrePressure": [ 45, 48, 45, 49 ]
					},
					"tyreSet": 2,
					"frontBrakePadCompound": 1,
					"rearBrakePadCompound": 1
				}
			],
			"fuelPerLap": 2.7642109394073486
		}
	},
	"advancedSetup":
	{
		"mechanicalBalance":
		{
			"aRBFront": 7,
			"aRBRear": 2,
			"wheelRate": [ 0, 0, 0, 0 ],
			"bumpStopRateUp": [ 4, 4, 6, 6 ],
			"bumpStopRateDn": [ 0, 0, 10, 10 ],
			"bumpStopWindow": [ 5, 5, 16, 16 ],
			"brakeTorque": 20,
			"brakeBias": 33
		},
		"dampers":
		{
			"bumpSlow": [ 18, 18, 9, 9 ],
			"bumpFast": [ 40, 40, 35, 35 ],
			"reboundSlow": [ 32, 32, 27, 27 ],
			"reboundFast": [ 40, 40, 37, 37 ]
		},
		"aeroBalance":
		{
			"rideHeight": [ 0, 11, 13, 18 ],
			"rodLength": [ -2.1708829402923584, -2.1708829402923584, 15.166410446166992, 15.166410446166992 ],
			"splitter": 0,
			"rearWing": 4,
			"brakeDuct": [ 4, 5 ]
		},
		"drivetrain":
		{
			"preload": 3
		}
	},
	"trackBopType": 35
}