{
	"carName": "nissan_gt_r_gt3_2018",
	"basicSetup":
	{
		"tyres":
		{
			"tyreCompound": 1,
			"tyrePressure": [ 82, 82, 82, 82 ]
		},
		"alignment":
		{
			"camber": [ 9, 9, 5, 5 ],
			"toe": [ 5, 5, 20, 20 ],
			"staticCamber": [ -3.2450578212738037, -3.2389097213745117, -2.6871068477630615, -2.682978630065918 ],
			"toeOutLinear": [ 7.8443823440466076e-05, 8.1603553553577513e-05, 0.00042290831333957613, 0.00042266902164556086 ],
			"casterLF": 3,
			"casterRF": 3,
			"steerRatio": 3
		},
		"electronics":
		{
			"tC1": 2,
			"tC2": 0,
			"abs": 6,
			"eCUMap": 0,
			"fuelMix": 0,
			"telemetryLaps": 0
		},
		"strategy":
		{
			"fuel": 18,
			"nPitStops": 0,
			"tyreSet": 0,
			"frontBrakePadCompound": 2,
			"rearBrakePadCompound": 2,
			"pitStrategy": [
				{
					"fuelToAdd": 0,
					"tyres":
					{
						"tyreCompound": 0,
						"tyrePressure": [ 72, 72, 71, 71 ]
					},
					"tyreSet": 2,
					"frontBrakePadCompound": 2,
					"rearBrakePadCompound": 2
				}
			],
			"fuelPerLap": 2.7241683006286621
		}
	},
	"advancedSetup":
	{
		"mechanicalBalance":
		{
			"aRBFront": 5,
			"aRBRear": 3,
			"wheelRate": [ 2, 2, 3, 3 ],
			"bumpStopRateUp": [ 7, 7, 2, 2 ],
			"bumpStopRateDn": [ 0, 0, 10, 10 ],
			"bumpStopWindow": [ 3, 3, 15, 15 ],
			"brakeTorque": 20,
			"brakeBias": 25
		},
		"dampers":
		{
			"bumpSlow": [ 15, 15, 12, 12 ],
			"bumpFast": [ 10, 10, 10, 10 ],
			"reboundSlow": [ 15, 15, 18, 18 ],
			"reboundFast": [ 20, 20, 17, 17 ]
		},
		"aeroBalance":
		{
			"rideHeight": [ 9, 11, 16, 18 ],
			"rodLength": [ 2.9370512962341309, 2.9370512962341309, 7.2787060737609863, 7.2787060737609863 ],
			"splitter": 0,
			"rearWing": 4,
			"brakeDuct": [ 4, 4 ]
		},
		"drivetrain":
		{
			"preload": 10
		}
	},
	"trackBopType": 11
}