{
	"carName": "ford_mustang_gt3",
	"basicSetup":
	{
		"tyres":
		{
			"tyreCompound": 0,
			"tyrePressure": [ 49, 50, 51, 51 ]
		},
		"alignment":
		{
			"camber": [ 0, 0, 0, 0 ],
			"toe": [ 8, 9, 16, 16 ],
			"staticCamber": [ -4.2465023994445801, -4.2444190979003906, -1.9096604585647583, -1.9111512899398804 ],
			"toeOutLinear": [ 0.00028761895373463631, 0.00026151572819799185, 0.00045497354585677385, 0.00045496469829231501 ],
			"casterLF": 40,
			"casterRF": 40,
			"steerRatio": 3
		},
		"electronics":
		{
			"tC1": 5,
			"tC2": 0,
			"abs": 3,
			"eCUMap": 0,
			"fuelMix": 0,
			"telemetryLaps": 0
		},
		"strategy":
		{
			"fuel": 48,
			"nPitStops": 0,
			"tyreSet": 0,
			"frontBrakePadCompound": 0,
			"rearBrakePadCompound": 0,
			"pitStrategy": [
				{
					"fuelToAdd": 0,
					"tyres":
					{
						"tyreCompound": 0,
						"tyrePressure": [ 49, 50, 51, 51 ]
					},
					"tyreSet": 2,
					"frontBrakePadCompound": 0,
					"rearBrakePadCompound": 0
				}
			],
			"fuelPerLap": 3.9320793151855469
		}
	},
	"advancedSetup":
	{
		"mechanicalBalance":
		{
			"aRBFront": 4,
			"aRBRear": 3,
			"wheelRate": [ 2, 2, 1, 1 ],
			"bumpStopRateUp": [ 4, 4, 4, 4 ],
			"bumpStopRateDn": [ 0, 0, 10, 10 ],
			"bumpStopWindow": [ 15, 15, 20, 20 ],
			"brakeTorque": 20,
			"brakeBias": 11
		},
		"dampers":
		{
			"bumpSlow": [ 6, 6, 6, 6 ],
			"bumpFast": [ 5, 5, 5, 5 ],
			"reboundSlow": [ 7, 7, 6, 6 ],
			"reboundFast": [ 7, 7, 10, 10 ]
		},
		"aeroBalance":
		{
			"rideHeight": [ 0, 11, 10, 18 ],
			"rodLength": [ 27.062738418579102, 27.062738418579102, -18.920698165893555, -18.920698165893555 ],
			"splitter": 0,
			"rearWing": 6,
			"brakeDuct": [ 4, 3 ]
		},
		"drivetrain":
		{
			"preload": 0
		}
	},
	"trackBopType": 10
}