{
  "carName": "ferrari_296_gt3",
  "basicSetup": {
    "tyres": {
      "tyreCompound": 1,
      "tyrePressure": [
        47,
        67,
        45,
        58
      ]
    },
    "alignment": {
      "camber": [
        2,
        2,
        3,
        3
      ],
      "toe": [
        24,
        24,
        48,
        48
      ],
      "staticCamber": [
        -4.4478583335876465,
        -4.4390277862548828,
        -4.811647891998291,
        -4.8035464286804199
      ],
      "toeOutLinear": [
        -0.00011216071288799867,
        -0.00011217144492547959,
        0.00020866071281488985,
        0.00020865691476501524
      ],
      "casterLF": 30,
      "casterRF": 30,
      "steerRatio": 1
    },
    "electronics": {
      "tC1": 6,
      "tC2": 0,
      "abs": 3,
      "eCUMap": 0,
      "fuelMix": 0,
      "telemetryLaps": 5
    },
    "strategy": {
      "fuel": 0,
      "nPitStops": 0,
      "tyreSet": 0,
      "frontBrakePadCompound": 0,
      "rearBrakePadCompound": 0,
      "pitStrategy": [
        {
          "fuelToAdd": 0,
          "tyres": {
            "tyreCompound": 0,
            "tyrePressure": [
              47,
              67,
              45,
              58
            ]
          },
          "tyreSet": 2,
          "frontBrakePadCompound": 0,
          "rearBrakePadCompound": 0
        }
      ],
      "fuelPerLap": 2.4500000476837158
    }
  },
  "advancedSetup": {
    "mechanicalBalance": {
      "aRBFront": 4,
      "aRBRear": 2,
      "wheelRate": [
        1,
        1,
        1,
        1
      ],
      "bumpStopRateUp": [
        2,
        2,
        2,
        2
      ],
      "bumpStopRateDn": [
        0,
        0,
        10,
        10
      ],
      "bumpStopWindow": [
        14,
        14,
        30,
        30
      ],
      "brakeTorque": 20,
      "brakeBias": 0
    },
    "dampers": {
      "bumpSlow": [
        2,
        2,
        2,
        2
      ],
      "bumpFast": [
        3,
        3,
        4,
        4
      ],
      "reboundSlow": [
        6,
        6,
        9,
        9
      ],
      "reboundFast": [
        8,
        8,
        9,
        9
      ]
    },
    "aeroBalance": {
      "rideHeight": [
        0,
        6,
        14,
        18
      ],
      "rodLength": [
        35.5235595703125,
        35.5235595703125,
        47.244422912597656,
        47.244422912597656
      ],
      "splitter": 0,
      "rearWing": 12,
      "brakeDuct": [
        3,
        3
      ]
    },
    "drivetrain": {
      "preload": 2
    }
  },
  "trackBopType": 37
}