{
  "carName": "ferrari_296_gt3",
  "basicSetup": {
    "tyres": {
      "tyreCompound": 0,
      "tyrePressure": [
        44,
        61,
        41,
        53
      ]
    },
    "alignment": {
      "camber": [
        0,
        0,
        0,
        0
      ],
      "toe": [
        0,
        0,
        40,
        40
      ],
      "staticCamber": [
        -4.7051534652709961,
        -4.6947393417358398,
        -5.2319579124450684,
        -5.2237505912780762
      ],
      "toeOutLinear": [
        0.00046343691064976156,
        0.00046342541463673115,
        -0.00010376991122029722,
        -0.00010379922605352476
      ],
      "casterLF": 30,
      "casterRF": 30,
      "steerRatio": 2
    },
    "electronics": {
      "tC1": 5,
      "tC2": 0,
      "abs": 2,
      "eCUMap": 0,
      "fuelMix": 0,
      "telemetryLaps": 5
    },
    "strategy": {
      "fuel": 0,
      "nPitStops": 0,
      "tyreSet": 5,
      "frontBrakePadCompound": 0,
      "rearBrakePadCompound": 0,
      "pitStrategy": [
        {
          "fuelToAdd": 0,
          "tyres": {
            "tyreCompound": 0,
            "tyrePressure": [
              57,
              57,
              57,
              57
            ]
          },
          "tyreSet": 2,
          "frontBrakePadCompound": 0,
          "rearBrakePadCompound": 0
        }
      ],
      "fuelPerLap": 2.4500000476837158
    }
  },
  "advancedSetup": {
    "mechanicalBalance": {
      "aRBFront": 6,
      "aRBRear": 1,
      "wheelRate": [
        0,
        0,
        0,
        0
      ],
      "bumpStopRateUp": [
        0,
        0,
        0,
        0
      ],
      "bumpStopRateDn": [
        0,
        0,
        10,
        10
      ],
      "bumpStopWindow": [
        16,
        16,
        38,
        38
      ],
      "brakeTorque": 20,
      "brakeBias": 30
    },
    "dampers": {
      "bumpSlow": [
        0,
        0,
        0,
        0
      ],
      "bumpFast": [
        0,
        0,
        0,
        0
      ],
      "reboundSlow": [
        11,
        11,
        11,
        11
      ],
      "reboundFast": [
        11,
        11,
        11,
        11
      ]
    },
    "aeroBalance": {
      "rideHeight": [
        0,
        6,
        16,
        18
      ],
      "rodLength": [
        36.310768127441406,
        36.310768127441406,
        50.762973785400391,
        50.762973785400391
      ],
      "splitter": 0,
      "rearWing": 12,
      "brakeDuct": [
        3,
        3
      ]
    },
    "drivetrain": {
      "preload": 0
    }
  },
  "trackBopType": 37
}