{
	"carName": "ferrari_296_gt3",
	"basicSetup":
	{
		"tyres":
		{
			"tyreCompound": 0,
			"tyrePressure": [ 42, 58, 37, 50 ]
		},
		"alignment":
		{
			"camber": [ 3, 3, 1, 1 ],
			"toe": [ 30, 30, 35, 36 ],
			"staticCamber": [ -4.4816761016845703, -4.4707403182983398, -5.0143766403198242, -5.0049395561218262 ],
			"toeOutLinear": [ -0.0001656628301134333, -0.00016566962585784495, -0.00027102979947812855, -0.00023468372819479555 ],
			"casterLF": 14,
			"casterRF": 14,
			"steerRatio": 1
		},
		"electronics":
		{
			"tC1": 7,
			"tC2": 0,
			"abs": 5,
			"eCUMap": 0,
			"fuelMix": 0,
			"telemetryLaps": 5
		},
		"strategy":
		{
			"fuel": 103,
			"nPitStops": 0,
			"tyreSet": 3,
			"frontBrakePadCompound": 1,
			"rearBrakePadCompound": 1,
			"pitStrategy": [
				{
					"fuelToAdd": 0,
					"tyres":
					{
						"tyreCompound": 0,
						"tyrePressure": [ 41, 58, 45, 56 ]
					},
					"tyreSet": 2,
					"frontBrakePadCompound": 1,
					"rearBrakePadCompound": 1
				}
			],
			"fuelPerLap": 2.2845458984375
		}
	},
	"advancedSetup":
	{
		"mechanicalBalance":
		{
			"aRBFront": 2,
			"aRBRear": 5,
			"wheelRate": [ 2, 2, 5, 5 ],
			"bumpStopRateUp": [ 5, 5, 4, 4 ],
			"bumpStopRateDn": [ 0, 0, 10, 10 ],
			"bumpStopWindow": [ 5, 5, 15, 15 ],
			"brakeTorque": 20,
			"brakeBias": 41
		},
		"dampers":
		{
			"bumpSlow": [ 9, 9, 9, 9 ],
			"bumpFast": [ 5, 5, 2, 2 ],
			"reboundSlow": [ 10, 10, 5, 5 ],
			"reboundFast": [ 10, 10, 11, 11 ]
		},
		"aeroBalance":
		{
			"rideHeight": [ 3, 6, 13, 18 ],
			"rodLength": [ 39.795833587646484, 39.795833587646484, 46.183948516845703, 46.183948516845703 ],
			"splitter": 0,
			"rearWing": 12,
			"brakeDuct": [ 5, 5 ]
		},
		"drivetrain":
		{
			"preload": 10
		}
	},
	"trackBopType": 37
}