{
	"carName": "ferrari_296_gt3",
	"basicSetup":
	{
		"tyres":
		{
			"tyreCompound": 0,
			"tyrePressure": [ 42, 57, 37, 50 ]
		},
		"alignment":
		{
			"camber": [ 3, 3, 1, 1 ],
			"toe": [ 37, 37, 40, 40 ],
			"staticCamber": [ -4.4603304862976074, -4.4500646591186523, -4.9642038345336914, -4.9544320106506348 ],
			"toeOutLinear": [ -0.00034926281659863889, -0.00034926572698168457, -8.3135790191590786e-05, -8.3151127910241485e-05 ],
			"casterLF": 14,
			"casterRF": 14,
			"steerRatio": 1
		},
		"electronics":
		{
			"tC1": 7,
			"tC2": 0,
			"abs": 5,
			"eCUMap": 0,
			"fuelMix": 0,
			"telemetryLaps": 5
		},
		"strategy":
		{
			"fuel": 103,
			"nPitStops": 0,
			"tyreSet": 3,
			"frontBrakePadCompound": 1,
			"rearBrakePadCompound": 1,
			"pitStrategy": [
				{
					"fuelToAdd": 0,
					"tyres":
					{
						"tyreCompound": 0,
						"tyrePressure": [ 41, 58, 45, 56 ]
					},
					"tyreSet": 2,
					"frontBrakePadCompound": 1,
					"rearBrakePadCompound": 1
				}
			],
			"fuelPerLap": 2.2585525512695312
		}
	},
	"advancedSetup":
	{
		"mechanicalBalance":
		{
			"aRBFront": 2,
			"aRBRear": 5,
			"wheelRate": [ 2, 2, 5, 5 ],
			"bumpStopRateUp": [ 5, 5, 0, 0 ],
			"bumpStopRateDn": [ 0, 0, 10, 10 ],
			"bumpStopWindow": [ 5, 5, 15, 15 ],
			"brakeTorque": 20,
			"brakeBias": 41
		},
		"dampers":
		{
			"bumpSlow": [ 9, 9, 9, 9 ],
			"bumpFast": [ 5, 5, 2, 2 ],
			"reboundSlow": [ 10, 10, 5, 5 ],
			"reboundFast": [ 10, 10, 11, 11 ]
		},
		"aeroBalance":
		{
			"rideHeight": [ 3, 6, 12, 18 ],
			"rodLength": [ 39.785186767578125, 39.785186767578125, 45.178794860839844, 45.178794860839844 ],
			"splitter": 0,
			"rearWing": 12,
			"brakeDuct": [ 5, 5 ]
		},
		"drivetrain":
		{
			"preload": 10
		}
	},
	"trackBopType": 37
}