{
	"carName": "mercedes_amg_gt3_evo",
	"basicSetup":
	{
		"tyres":
		{
			"tyreCompound": 0,
			"tyrePressure": [ 45, 52, 44, 49 ]
		},
		"alignment":
		{
			"camber": [ 0, 0, 0, 0 ],
			"toe": [ 25, 25, 52, 52 ],
			"staticCamber": [ -3.9228389263153076, -3.9180796146392822, -4.2032089233398438, -4.199735164642334 ],
			"toeOutLinear": [ 0.00032754222047515213, 0.00032755555002950132, 0.00032059077057056129, 0.00032082898542284966 ],
			"casterLF": 44,
			"casterRF": 44,
			"steerRatio": 3
		},
		"electronics":
		{
			"tC1": 3,
			"tC2": 0,
			"abs": 3,
			"eCUMap": 0,
			"fuelMix": 0,
			"telemetryLaps": 0
		},
		"strategy":
		{
			"fuel": 13,
			"nPitStops": 0,
			"tyreSet": 0,
			"frontBrakePadCompound": 0,
			"rearBrakePadCompound": 0,
			"pitStrategy": [
				{
					"fuelToAdd": 0,
					"tyres":
					{
						"tyreCompound": 0,
						"tyrePressure": [ 45, 52, 44, 49 ]
					},
					"tyreSet": 2,
					"frontBrakePadCompound": 1,
					"rearBrakePadCompound": 1
				}
			],
			"fuelPerLap": 3.5999999046325684
		}
	},
	"advancedSetup":
	{
		"mechanicalBalance":
		{
			"aRBFront": 2,
			"aRBRear": 5,
			"wheelRate": [ 1, 1, 2, 2 ],
			"bumpStopRateUp": [ 9, 9, 7, 7 ],
			"bumpStopRateDn": [ 0, 0, 10, 10 ],
			"bumpStopWindow": [ 30, 30, 30, 30 ],
			"brakeTorque": 20,
			"brakeBias": 18
		},
		"dampers":
		{
			"bumpSlow": [ 7, 7, 6, 6 ],
			"bumpFast": [ 4, 4, 5, 5 ],
			"reboundSlow": [ 6, 6, 4, 4 ],
			"reboundFast": [ 6, 6, 9, 9 ]
		},
		"aeroBalance":
		{
			"rideHeight": [ 0, 6, 13, 18 ],
			"rodLength": [ -1.972271203994751, -1.972271203994751, 71.879051208496094, 71.879051208496094 ],
			"splitter": 0,
			"rearWing": 9,
			"brakeDuct": [ 3, 3 ]
		},
		"drivetrain":
		{
			"preload": 16
		}
	},
	"trackBopType": 52
}