{
	"carName": "mclaren_720s_gt3_evo",
	"basicSetup":
	{
		"tyres":
		{
			"tyreCompound": 1,
			"tyrePressure": [ 72, 72, 71, 71 ]
		},
		"alignment":
		{
			"camber": [ 8, 8, 15, 15 ],
			"toe": [ 38, 38, 20, 20 ],
			"staticCamber": [ -3.7891397476196289, -3.7891409397125244, -3.7825167179107666, -3.7825167179107666 ],
			"toeOutLinear": [ 0.0017773314611986279, 0.0017773562576621771, 0.00017902167746797204, 0.00017902147374115884 ],
			"casterLF": 11,
			"casterRF": 11,
			"steerRatio": 2
		},
		"electronics":
		{
			"tC1": 5,
			"tC2": 5,
			"abs": 5,
			"eCUMap": 10,
			"fuelMix": 0,
			"telemetryLaps": 0
		},
		"strategy":
		{
			"fuel": 50,
			"nPitStops": 0,
			"tyreSet": 0,
			"frontBrakePadCompound": 2,
			"rearBrakePadCompound": 2,
			"pitStrategy": [
				{
					"fuelToAdd": 0,
					"tyres":
					{
						"tyreCompound": 0,
						"tyrePressure": [ 72, 72, 71, 71 ]
					},
					"tyreSet": 2,
					"frontBrakePadCompound": 2,
					"rearBrakePadCompound": 2
				}
			],
			"fuelPerLap": 3.2000000476837158
		}
	},
	"advancedSetup":
	{
		"mechanicalBalance":
		{
			"aRBFront": 1,
			"aRBRear": 11,
			"wheelRate": [ 2, 2, 3, 3 ],
			"bumpStopRateUp": [ 5, 5, 2, 2 ],
			"bumpStopRateDn": [ 0, 0, 10, 10 ],
			"bumpStopWindow": [ 1, 1, 0, 0 ],
			"brakeTorque": 20,
			"brakeBias": 35
		},
		"dampers":
		{
			"bumpSlow": [ 20, 20, 20, 20 ],
			"bumpFast": [ 23, 23, 30, 30 ],
			"reboundSlow": [ 8, 8, 22, 22 ],
			"reboundFast": [ 20, 20, 27, 27 ]
		},
		"aeroBalance":
		{
			"rideHeight": [ 12, 6, 16, 18 ],
			"rodLength": [ 64.14129638671875, 64.14129638671875, 45.330844879150391, 45.330844879150391 ],
			"splitter": 0,
			"rearWing": 6,
			"brakeDuct": [ 4, 4 ]
		},
		"drivetrain":
		{
			"preload": 10
		}
	},
	"trackBopType": 34
}