{
	"carName": "porsche_992_gt3_r",
	"basicSetup":
	{
		"tyres":
		{
			"tyreCompound": 0,
			"tyrePressure": [ 54, 61, 45, 51 ]
		},
		"alignment":
		{
			"camber": [ 2, 2, 3, 3 ],
			"toe": [ 32, 32, 45, 45 ],
			"staticCamber": [ -4.6131048202514648, -4.6081838607788086, 0.22967028617858887, 0.23534718155860901 ],
			"toeOutLinear": [ 0.00011316966265439987, 0.00011316041491227224, -0.0067542372271418571, -0.0067542078904807568 ],
			"casterLF": 30,
			"casterRF": 30,
			"steerRatio": 5
		},
		"electronics":
		{
			"tC1": 4,
			"tC2": 4,
			"abs": 4,
			"eCUMap": 7,
			"fuelMix": 0,
			"telemetryLaps": 0
		},
		"strategy":
		{
			"fuel": 48,
			"nPitStops": 0,
			"tyreSet": 0,
			"frontBrakePadCompound": 0,
			"rearBrakePadCompound": 0,
			"pitStrategy": [
				{
					"fuelToAdd": 0,
					"tyres":
					{
						"tyreCompound": 0,
						"tyrePressure": [ 54, 61, 45, 51 ]
					},
					"tyreSet": 2,
					"frontBrakePadCompound": 1,
					"rearBrakePadCompound": 1
				}
			],
			"fuelPerLap": 2.2875347137451172
		}
	},
	"advancedSetup":
	{
		"mechanicalBalance":
		{
			"aRBFront": 2,
			"aRBRear": 2,
			"wheelRate": [ 3, 3, 1, 1 ],
			"bumpStopRateUp": [ 5, 5, 3, 3 ],
			"bumpStopRateDn": [ 0, 0, 10, 10 ],
			"bumpStopWindow": [ 5, 5, 10, 10 ],
			"brakeTorque": 20,
			"brakeBias": 34
		},
		"dampers":
		{
			"bumpSlow": [ 14, 14, 14, 14 ],
			"bumpFast": [ 4, 4, 6, 6 ],
			"reboundSlow": [ 12, 12, 10, 10 ],
			"reboundFast": [ 4, 4, 8, 8 ]
		},
		"aeroBalance":
		{
			"rideHeight": [ 7, 11, 20, 18 ],
			"rodLength": [ 42.647262573242188, 42.647262573242188, -55.0838623046875, -55.0838623046875 ],
			"splitter": 0,
			"rearWing": 12,
			"brakeDuct": [ 3, 2 ]
		},
		"drivetrain":
		{
			"preload": 22
		}
	},
	"trackBopType": 36
}