{
	"carName": "mercedes_amg_gt3_evo",
	"basicSetup":
	{
		"tyres":
		{
			"tyreCompound": 0,
			"tyrePressure": [ 41, 57, 44, 49 ]
		},
		"alignment":
		{
			"camber": [ 0, 0, 0, 0 ],
			"toe": [ 25, 25, 50, 50 ],
			"staticCamber": [ -3.9274768829345703, -3.9164524078369141, -4.1845183372497559, -4.1809015274047852 ],
			"toeOutLinear": [ 0.00026052867178805172, 0.00026055678608827293, 0.00019994586182292551, 0.00020111142657697201 ],
			"casterLF": 44,
			"casterRF": 44,
			"steerRatio": 2
		},
		"electronics":
		{
			"tC1": 5,
			"tC2": 0,
			"abs": 3,
			"eCUMap": 0,
			"fuelMix": 0,
			"telemetryLaps": 0
		},
		"strategy":
		{
			"fuel": 13,
			"nPitStops": 0,
			"tyreSet": 0,
			"frontBrakePadCompound": 0,
			"rearBrakePadCompound": 0,
			"pitStrategy": [
				{
					"fuelToAdd": 0,
					"tyres":
					{
						"tyreCompound": 0,
						"tyrePressure": [ 41, 57, 44, 49 ]
					},
					"tyreSet": 2,
					"frontBrakePadCompound": 1,
					"rearBrakePadCompound": 1
				}
			],
			"fuelPerLap": 2.9300000667572021
		}
	},
	"advancedSetup":
	{
		"mechanicalBalance":
		{
			"aRBFront": 4,
			"aRBRear": 5,
			"wheelRate": [ 2, 2, 2, 2 ],
			"bumpStopRateUp": [ 5, 5, 7, 7 ],
			"bumpStopRateDn": [ 0, 0, 10, 10 ],
			"bumpStopWindow": [ 12, 12, 25, 25 ],
			"brakeTorque": 20,
			"brakeBias": 24
		},
		"dampers":
		{
			"bumpSlow": [ 8, 8, 4, 4 ],
			"bumpFast": [ 5, 5, 5, 5 ],
			"reboundSlow": [ 7, 7, 5, 5 ],
			"reboundFast": [ 9, 9, 8, 8 ]
		},
		"aeroBalance":
		{
			"rideHeight": [ 0, 6, 8, 18 ],
			"rodLength": [ -1.5224997997283936, -1.5224997997283936, 67.5152587890625, 67.5152587890625 ],
			"splitter": 10,
			"rearWing": 9,
			"brakeDuct": [ 3, 2 ]
		},
		"drivetrain":
		{
			"preload": 10
		}
	},
	"trackBopType": 35
}