{
	"carName": "bmw_m4_gt3",
	"basicSetup":
	{
		"tyres":
		{
			"tyreCompound": 0,
			"tyrePressure": [ 49, 54, 46, 52 ]
		},
		"alignment":
		{
			"camber": [ 0, 0, 0, 0 ],
			"toe": [ 7, 7, 12, 12 ],
			"staticCamber": [ -4.1749367713928223, -4.1716427803039551, -2.3477640151977539, -2.3437552452087402 ],
			"toeOutLinear": [ 0.0002621590974740684, 0.00026215700199827552, 2.4587052394053899e-05, 2.4567176296841353e-05 ],
			"casterLF": 23,
			"casterRF": 23,
			"steerRatio": 2
		},
		"electronics":
		{
			"tC1": 4,
			"tC2": 0,
			"abs": 3,
			"eCUMap": 0,
			"fuelMix": 0,
			"telemetryLaps": 0
		},
		"strategy":
		{
			"fuel": 13,
			"nPitStops": 0,
			"tyreSet": 0,
			"frontBrakePadCompound": 0,
			"rearBrakePadCompound": 0,
			"pitStrategy": [
				{
					"fuelToAdd": 0,
					"tyres":
					{
						"tyreCompound": 0,
						"tyrePressure": [ 49, 54, 46, 52 ]
					},
					"tyreSet": 2,
					"frontBrakePadCompound": 1,
					"rearBrakePadCompound": 1
				}
			],
			"fuelPerLap": 2.7000000476837158
		}
	},
	"advancedSetup":
	{
		"mechanicalBalance":
		{
			"aRBFront": 3,
			"aRBRear": 1,
			"wheelRate": [ 2, 2, 1, 1 ],
			"bumpStopRateUp": [ 4, 4, 2, 2 ],
			"bumpStopRateDn": [ 0, 0, 10, 10 ],
			"bumpStopWindow": [ 8, 8, 40, 40 ],
			"brakeTorque": 20,
			"brakeBias": 16
		},
		"dampers":
		{
			"bumpSlow": [ 16, 16, 18, 18 ],
			"bumpFast": [ 20, 20, 22, 22 ],
			"reboundSlow": [ 20, 20, 23, 23 ],
			"reboundFast": [ 30, 30, 28, 28 ]
		},
		"aeroBalance":
		{
			"rideHeight": [ 2, 11, 7, 18 ],
			"rodLength": [ 24.090522766113281, 24.090522766113281, 4.6825265884399414, 4.6825265884399414 ],
			"splitter": 0,
			"rearWing": 8,
			"brakeDuct": [ 3, 2 ]
		},
		"drivetrain":
		{
			"preload": 10
		}
	},
	"trackBopType": 48
}