{
	"carName": "nissan_gt_r_gt3_2018",
	"basicSetup":
	{
		"tyres":
		{
			"tyreCompound": 0,
			"tyrePressure": [ 46, 56, 44, 52 ]
		},
		"alignment":
		{
			"camber": [ 2, 2, 2, 2 ],
			"toe": [ 11, 11, 2, 2 ],
			"staticCamber": [ -3.1352760791778564, -3.1285474300384521, -2.9207732677459717, -2.9148647785186768 ],
			"toeOutLinear": [ -0.00040651616291143, -0.00040649296715855598, 0.00011404823453631252, 0.00011403802636777982 ],
			"casterLF": 7,
			"casterRF": 7,
			"steerRatio": 2
		},
		"electronics":
		{
			"tC1": 2,
			"tC2": 0,
			"abs": 4,
			"eCUMap": 0,
			"fuelMix": 0,
			"telemetryLaps": 5
		},
		"strategy":
		{
			"fuel": 113,
			"nPitStops": 0,
			"tyreSet": 0,
			"frontBrakePadCompound": 1,
			"rearBrakePadCompound": 1,
			"pitStrategy": [
				{
					"fuelToAdd": 0,
					"tyres":
					{
						"tyreCompound": 0,
						"tyrePressure": [ 45, 48, 45, 49 ]
					},
					"tyreSet": 2,
					"frontBrakePadCompound": 1,
					"rearBrakePadCompound": 1
				}
			],
			"fuelPerLap": 2.4281387329101563
		}
	},
	"advancedSetup":
	{
		"mechanicalBalance":
		{
			"aRBFront": 6,
			"aRBRear": 4,
			"wheelRate": [ 2, 2, 1, 1 ],
			"bumpStopRateUp": [ 2, 2, 5, 5 ],
			"bumpStopRateDn": [ 0, 0, 10, 10 ],
			"bumpStopWindow": [ 5, 5, 20, 20 ],
			"brakeTorque": 20,
			"brakeBias": 35
		},
		"dampers":
		{
			"bumpSlow": [ 17, 17, 9, 9 ],
			"bumpFast": [ 42, 42, 43, 43 ],
			"reboundSlow": [ 32, 32, 35, 35 ],
			"reboundFast": [ 40, 40, 42, 42 ]
		},
		"aeroBalance":
		{
			"rideHeight": [ 0, 11, 11, 18 ],
			"rodLength": [ -4.811927318572998, -4.811927318572998, 10.230587959289551, 10.230587959289551 ],
			"splitter": 0,
			"rearWing": 4,
			"brakeDuct": [ 3, 4 ]
		},
		"drivetrain":
		{
			"preload": 8
		}
	},
	"trackBopType": 36
}