{
	"carName": "porsche_992_gt3_r",
	"basicSetup":
	{
		"tyres":
		{
			"tyreCompound": 0,
			"tyrePressure": [ 55, 53, 47, 45 ]
		},
		"alignment":
		{
			"camber": [ 0, 0, 0, 0 ],
			"toe": [ 30, 30, 56, 56 ],
			"staticCamber": [ -4.6485309600830078, -4.6497044563293457, 0.8459886908531189, 0.84444624185562134 ],
			"toeOutLinear": [ 0.00018563058984000236, 0.00018562152399681509, -0.0074840039014816284, -0.0074840318411588669 ],
			"casterLF": 30,
			"casterRF": 30,
			"steerRatio": 5
		},
		"electronics":
		{
			"tC1": 6,
			"tC2": 0,
			"abs": 3,
			"eCUMap": 7,
			"fuelMix": 0,
			"telemetryLaps": 0
		},
		"strategy":
		{
			"fuel": 13,
			"nPitStops": 0,
			"tyreSet": 0,
			"frontBrakePadCompound": 0,
			"rearBrakePadCompound": 0,
			"pitStrategy": [
				{
					"fuelToAdd": 0,
					"tyres":
					{
						"tyreCompound": 0,
						"tyrePressure": [ 55, 53, 47, 45 ]
					},
					"tyreSet": 2,
					"frontBrakePadCompound": 1,
					"rearBrakePadCompound": 1
				}
			],
			"fuelPerLap": 3.9000000953674316
		}
	},
	"advancedSetup":
	{
		"mechanicalBalance":
		{
			"aRBFront": 5,
			"aRBRear": 2,
			"wheelRate": [ 5, 5, 3, 3 ],
			"bumpStopRateUp": [ 9, 9, 12, 12 ],
			"bumpStopRateDn": [ 0, 0, 10, 10 ],
			"bumpStopWindow": [ 8, 8, 30, 30 ],
			"brakeTorque": 20,
			"brakeBias": 32
		},
		"dampers":
		{
			"bumpSlow": [ 10, 10, 9, 9 ],
			"bumpFast": [ 6, 6, 5, 5 ],
			"reboundSlow": [ 8, 8, 10, 10 ],
			"reboundFast": [ 10, 10, 6, 6 ]
		},
		"aeroBalance":
		{
			"rideHeight": [ 2, 11, 4, 18 ],
			"rodLength": [ 34.112510681152344, 34.112510681152344, -72.211311340332031, -72.211311340332031 ],
			"splitter": 0,
			"rearWing": 8,
			"brakeDuct": [ 3, 3 ]
		},
		"drivetrain":
		{
			"preload": 20
		}
	},
	"trackBopType": 39
}