{
	"carName": "bmw_m4_gt3",
	"basicSetup":
	{
		"tyres":
		{
			"tyreCompound": 0,
			"tyrePressure": [ 50, 53, 49, 50 ]
		},
		"alignment":
		{
			"camber": [ 0, 0, 0, 0 ],
			"toe": [ 6, 6, 7, 7 ],
			"staticCamber": [ -4.1225986480712891, -4.120635986328125, -2.3890037536621094, -2.3883395195007324 ],
			"toeOutLinear": [ 0.00029269573860801756, 0.00029269602964632213, 0.00011507178714964539, 0.00011508344323374331 ],
			"casterLF": 25,
			"casterRF": 25,
			"steerRatio": 3
		},
		"electronics":
		{
			"tC1": 3,
			"tC2": 0,
			"abs": 3,
			"eCUMap": 0,
			"fuelMix": 0,
			"telemetryLaps": 0
		},
		"strategy":
		{
			"fuel": 13,
			"nPitStops": 0,
			"tyreSet": 0,
			"frontBrakePadCompound": 0,
			"rearBrakePadCompound": 0,
			"pitStrategy": [
				{
					"fuelToAdd": 0,
					"tyres":
					{
						"tyreCompound": 0,
						"tyrePressure": [ 50, 53, 49, 50 ]
					},
					"tyreSet": 2,
					"frontBrakePadCompound": 1,
					"rearBrakePadCompound": 1
				}
			],
			"fuelPerLap": 3.2999999523162842
		}
	},
	"advancedSetup":
	{
		"mechanicalBalance":
		{
			"aRBFront": 3,
			"aRBRear": 3,
			"wheelRate": [ 2, 2, 2, 2 ],
			"bumpStopRateUp": [ 6, 6, 4, 4 ],
			"bumpStopRateDn": [ 0, 0, 10, 10 ],
			"bumpStopWindow": [ 18, 18, 25, 25 ],
			"brakeTorque": 20,
			"brakeBias": 12
		},
		"dampers":
		{
			"bumpSlow": [ 24, 24, 22, 22 ],
			"bumpFast": [ 22, 22, 24, 24 ],
			"reboundSlow": [ 26, 26, 20, 20 ],
			"reboundFast": [ 35, 35, 27, 27 ]
		},
		"aeroBalance":
		{
			"rideHeight": [ 0, 11, 8, 18 ],
			"rodLength": [ 21.864664077758789, 21.864664077758789, 2.0789401531219482, 2.0789401531219482 ],
			"splitter": 0,
			"rearWing": 8,
			"brakeDuct": [ 3, 2 ]
		},
		"drivetrain":
		{
			"preload": 0
		}
	},
	"trackBopType": 34
}