{
	"carName": "audi_r8_lms_evo_ii",
	"basicSetup":
	{
		"tyres":
		{
			"tyreCompound": 0,
			"tyrePressure": [ 52, 53, 49, 50 ]
		},
		"alignment":
		{
			"camber": [ 0, 0, 0, 0 ],
			"toe": [ 30, 30, 50, 50 ],
			"staticCamber": [ -4.1513853073120117, -4.1507048606872559, -3.2942168712615967, -3.2934997081756592 ],
			"toeOutLinear": [ 0.0003733685880433768, 0.00037336919922381639, 0.00035688158823177218, 0.00035688315983861685 ],
			"casterLF": 25,
			"casterRF": 25,
			"steerRatio": 4
		},
		"electronics":
		{
			"tC1": 3,
			"tC2": 0,
			"abs": 3,
			"eCUMap": 0,
			"fuelMix": 0,
			"telemetryLaps": 0
		},
		"strategy":
		{
			"fuel": 16,
			"nPitStops": 0,
			"tyreSet": 0,
			"frontBrakePadCompound": 0,
			"rearBrakePadCompound": 0,
			"pitStrategy": [
				{
					"fuelToAdd": 0,
					"tyres":
					{
						"tyreCompound": 0,
						"tyrePressure": [ 52, 53, 49, 50 ]
					},
					"tyreSet": 2,
					"frontBrakePadCompound": 1,
					"rearBrakePadCompound": 1
				}
			],
			"fuelPerLap": 3.9000000953674316
		}
	},
	"advancedSetup":
	{
		"mechanicalBalance":
		{
			"aRBFront": 3,
			"aRBRear": 1,
			"wheelRate": [ 3, 3, 1, 1 ],
			"bumpStopRateUp": [ 5, 5, 7, 7 ],
			"bumpStopRateDn": [ 0, 0, 10, 10 ],
			"bumpStopWindow": [ 10, 10, 20, 20 ],
			"brakeTorque": 20,
			"brakeBias": 25
		},
		"dampers":
		{
			"bumpSlow": [ 22, 22, 15, 15 ],
			"bumpFast": [ 14, 14, 20, 20 ],
			"reboundSlow": [ 20, 20, 24, 24 ],
			"reboundFast": [ 28, 28, 30, 30 ]
		},
		"aeroBalance":
		{
			"rideHeight": [ 0, 6, 8, 18 ],
			"rodLength": [ 23.688865661621094, 23.688865661621094, 10.804800987243652, 10.804800987243652 ],
			"splitter": 0,
			"rearWing": 5,
			"brakeDuct": [ 3, 2 ]
		},
		"drivetrain":
		{
			"preload": 12
		}
	},
	"trackBopType": 33
}