{
  "carName": "ford_mustang_gt3",
  "basicSetup": {
    "tyres": {
      "tyreCompound": 0,
      "tyrePressure": [
        49,
        51,
        50,
        51
      ]
    },
    "alignment": {
      "camber": [
        0,
        0,
        0,
        0
      ],
      "toe": [
        2,
        2,
        2,
        2
      ],
      "staticCamber": [
        -4.2543520927429199,
        -4.2529664039611816,
        -2.305584192276001,
        -2.3049368858337402
      ],
      "toeOutLinear": [
        0.0004449322004802525,
        0.000444943638285622,
        -6.2070095736999065e-05,
        -6.2109065765980631e-05
      ],
      "casterLF": 40,
      "casterRF": 40,
      "steerRatio": 4
    },
    "electronics": {
      "tC1": 7,
      "tC2": 0,
      "abs": 2,
      "eCUMap": 0,
      "fuelMix": 0,
      "telemetryLaps": 5
    },
    "strategy": {
      "fuel": 0,
      "nPitStops": 0,
      "tyreSet": 0,
      "frontBrakePadCompound": 0,
      "rearBrakePadCompound": 0,
      "pitStrategy": [
        {
          "fuelToAdd": 0,
          "tyres": {
            "tyreCompound": 0,
            "tyrePressure": [
              49,
              51,
              50,
              51
            ]
          },
          "tyreSet": 2,
          "frontBrakePadCompound": 0,
          "rearBrakePadCompound": 0
        }
      ],
      "fuelPerLap": 4.0999999046325684
    }
  },
  "advancedSetup": {
    "mechanicalBalance": {
      "aRBFront": 4,
      "aRBRear": 0,
      "wheelRate": [
        0,
        0,
        5,
        5
      ],
      "bumpStopRateUp": [
        0,
        0,
        0,
        0
      ],
      "bumpStopRateDn": [
        0,
        0,
        10,
        10
      ],
      "bumpStopWindow": [
        32,
        32,
        28,
        28
      ],
      "brakeTorque": 20,
      "brakeBias": 3
    },
    "dampers": {
      "bumpSlow": [
        0,
        0,
        0,
        0
      ],
      "bumpFast": [
        0,
        0,
        0,
        0
      ],
      "reboundSlow": [
        11,
        11,
        11,
        11
      ],
      "reboundFast": [
        11,
        11,
        11,
        11
      ]
    },
    "aeroBalance": {
      "rideHeight": [
        0,
        11,
        20,
        18
      ],
      "rodLength": [
        33.399772644042969,
        33.399772644042969,
        -17.775600433349609,
        -17.775600433349609
      ],
      "splitter": 0,
      "rearWing": 8,
      "brakeDuct": [
        2,
        2
      ]
    },
    "drivetrain": {
      "preload": 0
    }
  },
  "trackBopType": 33
}