{
	"carName": "ford_mustang_gt3",
	"basicSetup": {
		"tyres": {
			"tyreCompound": 1,
			"tyrePressure": [
				74,
				74,
				73,
				73
			]
		},
		"alignment": {
			"camber": [
				0,
				0,
				0,
				0
			],
			"toe": [
				15,
				15,
				15,
				15
			],
			"staticCamber": [
				-4.21826171875,
				-4.2182612419128418,
				-2.1364927291870117,
				-2.1364932060241699
			],
			"toeOutLinear": [
				0.0001051196304615587,
				0.00010511620348552242,
				0.00040917724254541099,
				0.00040918446029536426
			],
			"casterLF": 40,
			"casterRF": 40,
			"steerRatio": 4
		},
		"electronics": {
			"tC1": 7,
			"tC2": 0,
			"abs": 2,
			"eCUMap": 0,
			"fuelMix": 0,
			"telemetryLaps": 5
		},
		"strategy": {
			"fuel": 0,
			"nPitStops": 0,
			"tyreSet": 0,
			"frontBrakePadCompound": 0,
			"rearBrakePadCompound": 0,
			"pitStrategy": [
				{
					"fuelToAdd": 0,
					"tyres": {
						"tyreCompound": 1,
						"tyrePressure": [
							74,
							74,
							73,
							73
						]
					},
					"tyreSet": 2,
					"frontBrakePadCompound": 0,
					"rearBrakePadCompound": 0
				}
			],
			"fuelPerLap": 4.0999999046325684
		}
	},
	"advancedSetup": {
		"mechanicalBalance": {
			"aRBFront": 5,
			"aRBRear": 0,
			"wheelRate": [
				1,
				1,
				5,
				5
			],
			"bumpStopRateUp": [
				0,
				0,
				0,
				0
			],
			"bumpStopRateDn": [
				0,
				0,
				10,
				10
			],
			"bumpStopWindow": [
				5,
				5,
				15,
				15
			],
			"brakeTorque": 20,
			"brakeBias": 0
		},
		"dampers": {
			"bumpSlow": [
				3,
				3,
				3,
				3
			],
			"bumpFast": [
				2,
				2,
				2,
				2
			],
			"reboundSlow": [
				7,
				7,
				6,
				6
			],
			"reboundFast": [
				8,
				8,
				8,
				8
			]
		},
		"aeroBalance": {
			"rideHeight": [
				0,
				11,
				16,
				18
			],
			"rodLength": [
				29.930694580078125,
				29.930694580078125,
				-22.229709625244141,
				-22.229709625244141
			],
			"splitter": 0,
			"rearWing": 8,
			"brakeDuct": [
				2,
				2
			]
		},
		"drivetrain": {
			"preload": 0
		}
	},
	"trackBopType": 33
}