{
	"carName": "nissan_gt_r_gt3_2018",
	"basicSetup":
	{
		"tyres":
		{
			"tyreCompound": 0,
			"tyrePressure": [ 54, 53, 49, 48 ]
		},
		"alignment":
		{
			"camber": [ 0, 0, 0, 0 ],
			"toe": [ 5, 5, 0, 0 ],
			"staticCamber": [ -3.3410274982452393, -3.341705322265625, -2.994410514831543, -2.9951608180999756 ],
			"toeOutLinear": [ -0.00023208222410175949, -0.00023208642960526049, 8.3841048763133585e-05, 8.3841085142921656e-05 ],
			"casterLF": 19,
			"casterRF": 19,
			"steerRatio": 3
		},
		"electronics":
		{
			"tC1": 2,
			"tC2": 0,
			"abs": 4,
			"eCUMap": 0,
			"fuelMix": 0,
			"telemetryLaps": 5
		},
		"strategy":
		{
			"fuel": 118,
			"nPitStops": 0,
			"tyreSet": 8,
			"frontBrakePadCompound": 1,
			"rearBrakePadCompound": 1,
			"pitStrategy": [
				{
					"fuelToAdd": 0,
					"tyres":
					{
						"tyreCompound": 0,
						"tyrePressure": [ 45, 48, 45, 49 ]
					},
					"tyreSet": 2,
					"frontBrakePadCompound": 1,
					"rearBrakePadCompound": 1
				}
			],
			"fuelPerLap": 2.8736801147460938
		}
	},
	"advancedSetup":
	{
		"mechanicalBalance":
		{
			"aRBFront": 2,
			"aRBRear": 5,
			"wheelRate": [ 1, 1, 2, 2 ],
			"bumpStopRateUp": [ 12, 12, 7, 7 ],
			"bumpStopRateDn": [ 0, 0, 10, 10 ],
			"bumpStopWindow": [ 11, 11, 15, 15 ],
			"brakeTorque": 20,
			"brakeBias": 35
		},
		"dampers":
		{
			"bumpSlow": [ 30, 30, 10, 10 ],
			"bumpFast": [ 30, 30, 30, 30 ],
			"reboundSlow": [ 35, 35, 35, 35 ],
			"reboundFast": [ 49, 49, 49, 49 ]
		},
		"aeroBalance":
		{
			"rideHeight": [ 0, 11, 6, 18 ],
			"rodLength": [ -3.2617526054382324, -3.2617526054382324, 3.5688052177429199, 3.5688052177429199 ],
			"splitter": 0,
			"rearWing": 4,
			"brakeDuct": [ 4, 4 ]
		},
		"drivetrain":
		{
			"preload": 9
		}
	},
	"trackBopType": 44
}