{
  "carName": "ferrari_296_gt3",
  "basicSetup": {
    "tyres": {
      "tyreCompound": 0,
      "tyrePressure": [
        58,
        57,
        53,
        53
      ]
    },
    "alignment": {
      "camber": [
        0,
        0,
        2,
        2
      ],
      "toe": [
        0,
        0,
        40,
        40
      ],
      "staticCamber": [
        -4.6936807632446289,
        -4.6943111419677734,
        -4.1646480560302734,
        -4.1646499633789063
      ],
      "toeOutLinear": [
        0.00047142847324721515,
        0.00047141604591161013,
        -2.3043752662488259e-05,
        -2.3030450392980129e-05
      ],
      "casterLF": 30,
      "casterRF": 30,
      "steerRatio": 2
    },
    "electronics": {
      "tC1": 7,
      "tC2": 0,
      "abs": 2,
      "eCUMap": 0,
      "fuelMix": 0,
      "telemetryLaps": 4
    },
    "strategy": {
      "fuel": 0,
      "nPitStops": 0,
      "tyreSet": 1,
      "frontBrakePadCompound": 0,
      "rearBrakePadCompound": 0,
      "pitStrategy": [
        {
          "fuelToAdd": 0,
          "tyres": {
            "tyreCompound": 0,
            "tyrePressure": [
              58,
              57,
              53,
              53
            ]
          },
          "tyreSet": 2,
          "frontBrakePadCompound": 1,
          "rearBrakePadCompound": 1
        }
      ],
      "fuelPerLap": 3.5999999046325684
    }
  },
  "advancedSetup": {
    "mechanicalBalance": {
      "aRBFront": 3,
      "aRBRear": 1,
      "wheelRate": [
        1,
        1,
        0,
        0
      ],
      "bumpStopRateUp": [
        0,
        0,
        10,
        10
      ],
      "bumpStopRateDn": [
        0,
        0,
        10,
        10
      ],
      "bumpStopWindow": [
        16,
        16,
        38,
        38
      ],
      "brakeTorque": 20,
      "brakeBias": 43
    },
    "dampers": {
      "bumpSlow": [
        0,
        0,
        0,
        0
      ],
      "bumpFast": [
        0,
        0,
        11,
        11
      ],
      "reboundSlow": [
        11,
        11,
        11,
        11
      ],
      "reboundFast": [
        0,
        0,
        11,
        11
      ]
    },
    "aeroBalance": {
      "rideHeight": [
        0,
        6,
        0,
        18
      ],
      "rodLength": [
        35.4693603515625,
        35.4693603515625,
        34.478935241699219,
        34.478935241699219
      ],
      "splitter": 0,
      "rearWing": 5,
      "brakeDuct": [
        3,
        3
      ]
    },
    "drivetrain": {
      "preload": 2
    }
  },
  "trackBopType": 33
}