{
	"carName": "lamborghini_huracan_gt3_evo2",
	"basicSetup":
	{
		"tyres":
		{
			"tyreCompound": 0,
			"tyrePressure": [ 42, 43, 41, 44 ]
		},
		"alignment":
		{
			"camber": [ 0, 0, 0, 0 ],
			"toe": [ 10, 10, 10, 10 ],
			"staticCamber": [ -3.9485702514648438, -3.9479203224182129, -3.9916460514068604, -3.9894969463348389 ],
			"toeOutLinear": [ 0.0011729848338291049, 0.0011729883262887597, -0.00091070996131747961, -0.00091072911163792014 ],
			"casterLF": 24,
			"casterRF": 24,
			"steerRatio": 0
		},
		"electronics":
		{
			"tC1": 5,
			"tC2": 0,
			"abs": 3,
			"eCUMap": 4,
			"fuelMix": 0,
			"telemetryLaps": 0
		},
		"strategy":
		{
			"fuel": 11,
			"nPitStops": 0,
			"tyreSet": 2,
			"frontBrakePadCompound": 0,
			"rearBrakePadCompound": 0,
			"pitStrategy": [
				{
					"fuelToAdd": 0,
					"tyres":
					{
						"tyreCompound": 0,
						"tyrePressure": [ 54, 56, 52, 54 ]
					},
					"tyreSet": 2,
					"frontBrakePadCompound": 1,
					"rearBrakePadCompound": 1
				}
			],
			"fuelPerLap": 3.7999999523162842
		}
	},
	"advancedSetup":
	{
		"mechanicalBalance":
		{
			"aRBFront": 1,
			"aRBRear": 0,
			"wheelRate": [ 0, 0, 0, 0 ],
			"bumpStopRateUp": [ 0, 0, 0, 0 ],
			"bumpStopRateDn": [ 0, 0, 10, 10 ],
			"bumpStopWindow": [ 8, 8, 0, 0 ],
			"brakeTorque": 20,
			"brakeBias": 16
		},
		"dampers":
		{
			"bumpSlow": [ 9, 9, 8, 8 ],
			"bumpFast": [ 20, 20, 13, 13 ],
			"reboundSlow": [ 27, 27, 28, 28 ],
			"reboundFast": [ 15, 15, 18, 18 ]
		},
		"aeroBalance":
		{
			"rideHeight": [ 0, 6, 24, 18 ],
			"rodLength": [ 0.13856454193592072, 0.13856454193592072, 27.4591064453125, 27.4591064453125 ],
			"splitter": 0,
			"rearWing": 12,
			"brakeDuct": [ 2, 3 ]
		},
		"drivetrain":
		{
			"preload": 3
		}
	},
	"trackBopType": 42
}