{
	"carName": "lamborghini_huracan_gt3_evo2",
	"basicSetup":
	{
		"tyres":
		{
			"tyreCompound": 0,
			"tyrePressure": [ 51, 50, 46, 46 ]
		},
		"alignment":
		{
			"camber": [ 0, 0, 0, 0 ],
			"toe": [ 26, 26, 48, 48 ],
			"staticCamber": [ -3.9119946956634521, -3.9125375747680664, -3.1859035491943359, -3.1856777667999268 ],
			"toeOutLinear": [ 0.00081922695972025394, 0.00081923697143793106, 0.00024600565666332841, 0.00024601499899290502 ],
			"casterLF": 29,
			"casterRF": 29,
			"steerRatio": 1
		},
		"electronics":
		{
			"tC1": 3,
			"tC2": 0,
			"abs": 3,
			"eCUMap": 3,
			"fuelMix": 0,
			"telemetryLaps": 0
		},
		"strategy":
		{
			"fuel": 48,
			"nPitStops": 0,
			"tyreSet": 0,
			"frontBrakePadCompound": 0,
			"rearBrakePadCompound": 0,
			"pitStrategy": [
				{
					"fuelToAdd": 0,
					"tyres":
					{
						"tyreCompound": 0,
						"tyrePressure": [ 51, 50, 46, 46 ]
					},
					"tyreSet": 2,
					"frontBrakePadCompound": 1,
					"rearBrakePadCompound": 1
				}
			],
			"fuelPerLap": 2.9546585083007813
		}
	},
	"advancedSetup":
	{
		"mechanicalBalance":
		{
			"aRBFront": 5,
			"aRBRear": 6,
			"wheelRate": [ 1, 1, 1, 1 ],
			"bumpStopRateUp": [ 5, 5, 9, 9 ],
			"bumpStopRateDn": [ 0, 0, 10, 10 ],
			"bumpStopWindow": [ 10, 10, 25, 25 ],
			"brakeTorque": 20,
			"brakeBias": 20
		},
		"dampers":
		{
			"bumpSlow": [ 25, 25, 12, 12 ],
			"bumpFast": [ 20, 20, 16, 16 ],
			"reboundSlow": [ 25, 25, 20, 20 ],
			"reboundFast": [ 22, 22, 25, 25 ]
		},
		"aeroBalance":
		{
			"rideHeight": [ 0, 6, 11, 18 ],
			"rodLength": [ -2.7420790195465088, -2.7420790195465088, 12.654606819152832, 12.654606819152832 ],
			"splitter": 0,
			"rearWing": 12,
			"brakeDuct": [ 3, 2 ]
		},
		"drivetrain":
		{
			"preload": 0
		}
	},
	"trackBopType": 42
}