{
	"carName": "bmw_m2_cs_racing",
	"basicSetup":
	{
		"tyres":
		{
			"tyreCompound": 0,
			"tyrePressure": [ 33, 32, 41, 39 ]
		},
		"alignment":
		{
			"camber": [ 5, 5, 2, 2 ],
			"toe": [ 14, 14, 5, 5 ],
			"staticCamber": [ -4.2999777793884277, -4.2950401306152344, -2.5627198219299316, -2.5643792152404785 ],
			"toeOutLinear": [ 3.0202991183614358e-06, 1.0206629667663947e-05, 0.0001599910028744489, 0.00016025044897105545 ],
			"casterLF": 0,
			"casterRF": 0,
			"steerRatio": 4
		},
		"electronics":
		{
			"tC1": 1,
			"tC2": 0,
			"abs": 1,
			"eCUMap": 0,
			"fuelMix": 0,
			"telemetryLaps": 0
		},
		"strategy":
		{
			"fuel": 33,
			"nPitStops": 0,
			"tyreSet": 4,
			"frontBrakePadCompound": 0,
			"rearBrakePadCompound": 0,
			"pitStrategy": [
				{
					"fuelToAdd": 0,
					"tyres":
					{
						"tyreCompound": 0,
						"tyrePressure": [ 33, 32, 41, 39 ]
					},
					"tyreSet": 2,
					"frontBrakePadCompound": 1,
					"rearBrakePadCompound": 1
				}
			],
			"fuelPerLap": 2.0659301280975342
		}
	},
	"advancedSetup":
	{
		"mechanicalBalance":
		{
			"aRBFront": 1,
			"aRBRear": 1,
			"wheelRate": [ 1, 1, 2, 2 ],
			"bumpStopRateUp": [ 0, 0, 0, 0 ],
			"bumpStopRateDn": [ 0, 0, 10, 10 ],
			"bumpStopWindow": [ 30, 30, 40, 40 ],
			"brakeTorque": 20,
			"brakeBias": 0
		},
		"dampers":
		{
			"bumpSlow": [ 7, 7, 14, 14 ],
			"bumpFast": [ 0, 0, 0, 0 ],
			"reboundSlow": [ 11, 11, 14, 14 ],
			"reboundFast": [ 0, 0, 0, 0 ]
		},
		"aeroBalance":
		{
			"rideHeight": [ 1, 0, 0, 0 ],
			"rodLength": [ -3.9378325939178467, -3.9378325939178467, -9.7963943481445313, -9.7963943481445313 ],
			"splitter": 0,
			"rearWing": 4,
			"brakeDuct": [ 4, 4 ]
		},
		"drivetrain":
		{
			"preload": 0
		}
	},
	"trackBopType": 27
}