{
	"carName": "ferrari_296_gt3",
	"basicSetup": {
		"tyres": {
			"tyreCompound": 1,
			"tyrePressure": [
				59,
				65,
				47,
				53
			]
		},
		"alignment": {
			"camber": [
				2,
				2,
				1,
				1
			],
			"toe": [
				30,
				30,
				50,
				50
			],
			"staticCamber": [
				-4.4290523529052734,
				-4.4260873794555664,
				-5.0100913047790527,
				-5.0063648223876953
			],
			"toeOutLinear": [
				-0.00025450237444601953,
				-0.00025449151871725917,
				0.0002829745935741812,
				0.00028296752134338021
			],
			"casterLF": 30,
			"casterRF": 30,
			"steerRatio": 2
		},
		"electronics": {
			"tC1": 6,
			"tC2": 0,
			"abs": 3,
			"eCUMap": 0,
			"fuelMix": 0,
			"telemetryLaps": 5
		},
		"strategy": {
			"fuel": 0,
			"nPitStops": 0,
			"tyreSet": 0,
			"frontBrakePadCompound": 0,
			"rearBrakePadCompound": 0,
			"pitStrategy": [
				{
					"fuelToAdd": 0,
					"tyres": {
						"tyreCompound": 0,
						"tyrePressure": [
							59,
							65,
							47,
							53
						]
					},
					"tyreSet": 2,
					"frontBrakePadCompound": 0,
					"rearBrakePadCompound": 0
				}
			],
			"fuelPerLap": 2.5099999904632568
		}
	},
	"advancedSetup": {
		"mechanicalBalance": {
			"aRBFront": 4,
			"aRBRear": 2,
			"wheelRate": [
				0,
				0,
				0,
				0
			],
			"bumpStopRateUp": [
				2,
				2,
				4,
				4
			],
			"bumpStopRateDn": [
				0,
				0,
				10,
				10
			],
			"bumpStopWindow": [
				5,
				5,
				24,
				24
			],
			"brakeTorque": 20,
			"brakeBias": 0
		},
		"dampers": {
			"bumpSlow": [
				2,
				2,
				2,
				2
			],
			"bumpFast": [
				11,
				11,
				10,
				10
			],
			"reboundSlow": [
				8,
				8,
				5,
				5
			],
			"reboundFast": [
				11,
				11,
				11,
				11
			]
		},
		"aeroBalance": {
			"rideHeight": [
				0,
				6,
				14,
				18
			],
			"rodLength": [
				35.662811279296875,
				35.662811279296875,
				48.016536712646484,
				48.016536712646484
			],
			"splitter": 0,
			"rearWing": 12,
			"brakeDuct": [
				3,
				3
			]
		},
		"drivetrain": {
			"preload": 3
		}
	},
	"trackBopType": 36
}