{
  "carName": "ferrari_296_gt3",
  "basicSetup": {
    "tyres": {
      "tyreCompound": 1,
      "tyrePressure": [
        61,
        67,
        48,
        55
      ]
    },
    "alignment": {
      "camber": [
        2,
        2,
        3,
        3
      ],
      "toe": [
        28,
        28,
        52,
        52
      ],
      "staticCamber": [
        -4.4559712409973145,
        -4.453010082244873,
        -4.6498565673828125,
        -4.6455206871032715
      ],
      "toeOutLinear": [
        -0.00022810942027717829,
        -0.00022811468807049096,
        0.00037702437839470804,
        0.00037704739952459931
      ],
      "casterLF": 30,
      "casterRF": 30,
      "steerRatio": 2
    },
    "electronics": {
      "tC1": 6,
      "tC2": 0,
      "abs": 3,
      "eCUMap": 0,
      "fuelMix": 0,
      "telemetryLaps": 5
    },
    "strategy": {
      "fuel": 0,
      "nPitStops": 0,
      "tyreSet": 0,
      "frontBrakePadCompound": 0,
      "rearBrakePadCompound": 0,
      "pitStrategy": [
        {
          "fuelToAdd": 0,
          "tyres": {
            "tyreCompound": 0,
            "tyrePressure": [
              61,
              67,
              48,
              55
            ]
          },
          "tyreSet": 2,
          "frontBrakePadCompound": 0,
          "rearBrakePadCompound": 0
        }
      ],
      "fuelPerLap": 2.5099999904632568
    }
  },
  "advancedSetup": {
    "mechanicalBalance": {
      "aRBFront": 4,
      "aRBRear": 2,
      "wheelRate": [
        1,
        1,
        1,
        1
      ],
      "bumpStopRateUp": [
        3,
        3,
        4,
        4
      ],
      "bumpStopRateDn": [
        0,
        0,
        10,
        10
      ],
      "bumpStopWindow": [
        5,
        5,
        15,
        15
      ],
      "brakeTorque": 20,
      "brakeBias": 0
    },
    "dampers": {
      "bumpSlow": [
        2,
        2,
        2,
        2
      ],
      "bumpFast": [
        9,
        9,
        9,
        9
      ],
      "reboundSlow": [
        7,
        7,
        7,
        7
      ],
      "reboundFast": [
        9,
        9,
        9,
        9
      ]
    },
    "aeroBalance": {
      "rideHeight": [
        1,
        6,
        11,
        18
      ],
      "rodLength": [
        36.203071594238281,
        36.203071594238281,
        43.941352844238281,
        43.941352844238281
      ],
      "splitter": 0,
      "rearWing": 12,
      "brakeDuct": [
        3,
        3
      ]
    },
    "drivetrain": {
      "preload": 4
    }
  },
  "trackBopType": 35
}