{
	"carName": "ferrari_296_gt3",
	"basicSetup":
	{
		"tyres":
		{
			"tyreCompound": 0,
			"tyrePressure": [ 43, 56, 37, 49 ]
		},
		"alignment":
		{
			"camber": [ 3, 3, 1, 1 ],
			"toe": [ 35, 35, 40, 40 ],
			"staticCamber": [ -4.384437084197998, -4.3757190704345703, -4.8517236709594727, -4.8428668975830078 ],
			"toeOutLinear": [ -0.00024566624779254198, -0.00024567570653744042, -7.0763657276984304e-05, -7.076182373566553e-05 ],
			"casterLF": 14,
			"casterRF": 14,
			"steerRatio": 2
		},
		"electronics":
		{
			"tC1": 7,
			"tC2": 0,
			"abs": 3,
			"eCUMap": 0,
			"fuelMix": 0,
			"telemetryLaps": 5
		},
		"strategy":
		{
			"fuel": 103,
			"nPitStops": 0,
			"tyreSet": 3,
			"frontBrakePadCompound": 1,
			"rearBrakePadCompound": 1,
			"pitStrategy": [
				{
					"fuelToAdd": 0,
					"tyres":
					{
						"tyreCompound": 0,
						"tyrePressure": [ 41, 58, 45, 56 ]
					},
					"tyreSet": 2,
					"frontBrakePadCompound": 1,
					"rearBrakePadCompound": 1
				}
			],
			"fuelPerLap": 2.6186294555664063
		}
	},
	"advancedSetup":
	{
		"mechanicalBalance":
		{
			"aRBFront": 3,
			"aRBRear": 5,
			"wheelRate": [ 0, 0, 3, 3 ],
			"bumpStopRateUp": [ 0, 0, 4, 4 ],
			"bumpStopRateDn": [ 0, 0, 10, 10 ],
			"bumpStopWindow": [ 10, 10, 8, 8 ],
			"brakeTorque": 20,
			"brakeBias": 40
		},
		"dampers":
		{
			"bumpSlow": [ 7, 7, 8, 8 ],
			"bumpFast": [ 8, 8, 5, 5 ],
			"reboundSlow": [ 8, 8, 5, 5 ],
			"reboundFast": [ 9, 9, 10, 10 ]
		},
		"aeroBalance":
		{
			"rideHeight": [ 0, 6, 10, 18 ],
			"rodLength": [ 37.24493408203125, 37.24493408203125, 44.173728942871094, 44.173728942871094 ],
			"splitter": 0,
			"rearWing": 12,
			"brakeDuct": [ 4, 5 ]
		},
		"drivetrain":
		{
			"preload": 6
		}
	},
	"trackBopType": 35
}