{
	"carName": "ford_mustang_gt3",
	"basicSetup":
	{
		"tyres":
		{
			"tyreCompound": 0,
			"tyrePressure": [ 41, 50, 45, 50 ]
		},
		"alignment":
		{
			"camber": [ 0, 0, 0, 0 ],
			"toe": [ 7, 7, 16, 16 ],
			"staticCamber": [ -4.2578606605529785, -4.2503757476806641, -2.0092055797576904, -2.005366325378418 ],
			"toeOutLinear": [ 0.00031355954706668854, 0.00031355815008282661, 0.00045170306111685932, 0.00045148323988541961 ],
			"casterLF": 40,
			"casterRF": 40,
			"steerRatio": 3
		},
		"electronics":
		{
			"tC1": 4,
			"tC2": 0,
			"abs": 3,
			"eCUMap": 0,
			"fuelMix": 0,
			"telemetryLaps": 0
		},
		"strategy":
		{
			"fuel": 48,
			"nPitStops": 0,
			"tyreSet": 0,
			"frontBrakePadCompound": 0,
			"rearBrakePadCompound": 0,
			"pitStrategy": [
				{
					"fuelToAdd": 0,
					"tyres":
					{
						"tyreCompound": 0,
						"tyrePressure": [ 41, 50, 45, 50 ]
					},
					"tyreSet": 2,
					"frontBrakePadCompound": 1,
					"rearBrakePadCompound": 1
				}
			],
			"fuelPerLap": 3.0720672607421875
		}
	},
	"advancedSetup":
	{
		"mechanicalBalance":
		{
			"aRBFront": 4,
			"aRBRear": 4,
			"wheelRate": [ 2, 2, 1, 1 ],
			"bumpStopRateUp": [ 5, 5, 3, 3 ],
			"bumpStopRateDn": [ 0, 0, 10, 10 ],
			"bumpStopWindow": [ 12, 12, 30, 30 ],
			"brakeTorque": 20,
			"brakeBias": 11
		},
		"dampers":
		{
			"bumpSlow": [ 6, 6, 5, 5 ],
			"bumpFast": [ 5, 5, 4, 4 ],
			"reboundSlow": [ 6, 6, 4, 4 ],
			"reboundFast": [ 8, 8, 6, 6 ]
		},
		"aeroBalance":
		{
			"rideHeight": [ 0, 11, 12, 18 ],
			"rodLength": [ 28.967006683349609, 28.967006683349609, -14.415083885192871, -14.415083885192871 ],
			"splitter": 0,
			"rearWing": 8,
			"brakeDuct": [ 3, 3 ]
		},
		"drivetrain":
		{
			"preload": 0
		}
	},
	"trackBopType": 52
}