{
	"carName": "mercedes_amg_gt3_evo",
	"basicSetup":
	{
		"tyres":
		{
			"tyreCompound": 0,
			"tyrePressure": [ 48, 51, 47, 49 ]
		},
		"alignment":
		{
			"camber": [ 0, 0, 6, 6 ],
			"toe": [ 32, 32, 41, 41 ],
			"staticCamber": [ -4.7237439155578613, -4.7217049598693848, -3.637725830078125, -3.6363089084625244 ],
			"toeOutLinear": [ 0.00082779949298128486, 0.00082780153024941683, 0.00015295154298655689, 0.00015307715511880815 ],
			"casterLF": 44,
			"casterRF": 44,
			"steerRatio": 1
		},
		"electronics":
		{
			"tC1": 3,
			"tC2": 0,
			"abs": 3,
			"eCUMap": 0,
			"fuelMix": 0,
			"telemetryLaps": 99
		},
		"strategy":
		{
			"fuel": 42,
			"nPitStops": 0,
			"tyreSet": 0,
			"frontBrakePadCompound": 0,
			"rearBrakePadCompound": 0,
			"pitStrategy": [
				{
					"fuelToAdd": 0,
					"tyres":
					{
						"tyreCompound": 0,
						"tyrePressure": [ 48, 51, 47, 49 ]
					},
					"tyreSet": 2,
					"frontBrakePadCompound": 0,
					"rearBrakePadCompound": 0
				}
			],
			"fuelPerLap": 13
		}
	},
	"advancedSetup":
	{
		"mechanicalBalance":
		{
			"aRBFront": 10,
			"aRBRear": 0,
			"wheelRate": [ 1, 1, 1, 1 ],
			"bumpStopRateUp": [ 17, 17, 22, 22 ],
			"bumpStopRateDn": [ 0, 0, 10, 10 ],
			"bumpStopWindow": [ 46, 46, 0, 0 ],
			"brakeTorque": 20,
			"brakeBias": 15
		},
		"dampers":
		{
			"bumpSlow": [ 6, 6, 6, 6 ],
			"bumpFast": [ 11, 11, 11, 11 ],
			"reboundSlow": [ 10, 10, 7, 7 ],
			"reboundFast": [ 10, 10, 11, 11 ]
		},
		"aeroBalance":
		{
			"rideHeight": [ 0, 6, 14, 18 ],
			"rodLength": [ 18.181575775146484, 18.181575775146484, 79.895263671875, 79.895263671875 ],
			"splitter": 7,
			"rearWing": 9,
			"brakeDuct": [ 2, 2 ]
		},
		"drivetrain":
		{
			"preload": 0
		}
	},
	"trackBopType": 58
}