{
	"carName": "mercedes_amg_gt3_evo",
	"basicSetup":
	{
		"tyres":
		{
			"tyreCompound": 0,
			"tyrePressure": [ 55, 58, 54, 56 ]
		},
		"alignment":
		{
			"camber": [ 0, 0, 6, 6 ],
			"toe": [ 32, 32, 41, 41 ],
			"staticCamber": [ -4.7222275733947754, -4.7203679084777832, -3.6375062465667725, -3.6364171504974365 ],
			"toeOutLinear": [ 0.00082649692194536328, 0.00082649965770542622, 0.00015256380720529705, 0.00015270580479409546 ],
			"casterLF": 44,
			"casterRF": 44,
			"steerRatio": 1
		},
		"electronics":
		{
			"tC1": 3,
			"tC2": 0,
			"abs": 3,
			"eCUMap": 0,
			"fuelMix": 0,
			"telemetryLaps": 99
		},
		"strategy":
		{
			"fuel": 42,
			"nPitStops": 0,
			"tyreSet": 0,
			"frontBrakePadCompound": 0,
			"rearBrakePadCompound": 0,
			"pitStrategy": [
				{
					"fuelToAdd": 0,
					"tyres":
					{
						"tyreCompound": 0,
						"tyrePressure": [ 55, 58, 54, 56 ]
					},
					"tyreSet": 2,
					"frontBrakePadCompound": 0,
					"rearBrakePadCompound": 0
				}
			],
			"fuelPerLap": 13
		}
	},
	"advancedSetup":
	{
		"mechanicalBalance":
		{
			"aRBFront": 10,
			"aRBRear": 0,
			"wheelRate": [ 1, 1, 1, 1 ],
			"bumpStopRateUp": [ 17, 17, 22, 22 ],
			"bumpStopRateDn": [ 0, 0, 10, 10 ],
			"bumpStopWindow": [ 46, 46, 0, 0 ],
			"brakeTorque": 20,
			"brakeBias": 15
		},
		"dampers":
		{
			"bumpSlow": [ 6, 6, 6, 6 ],
			"bumpFast": [ 11, 11, 11, 11 ],
			"reboundSlow": [ 10, 10, 7, 7 ],
			"reboundFast": [ 10, 10, 11, 11 ]
		},
		"aeroBalance":
		{
			"rideHeight": [ 0, 6, 14, 18 ],
			"rodLength": [ 18.142940521240234, 18.142940521240234, 79.868637084960938, 79.868637084960938 ],
			"splitter": 7,
			"rearWing": 9,
			"brakeDuct": [ 2, 2 ]
		},
		"drivetrain":
		{
			"preload": 0
		}
	},
	"trackBopType": 58
}