{
	"carName": "lamborghini_huracan_gt3_evo2",
	"basicSetup":
	{
		"tyres":
		{
			"tyreCompound": 0,
			"tyrePressure": [ 54, 54, 48, 51 ]
		},
		"alignment":
		{
			"camber": [ 0, 0, 0, 0 ],
			"toe": [ 35, 35, 60, 60 ],
			"staticCamber": [ -4.0091071128845215, -4.0084428787231445, -4.0980243682861328, -4.0956339836120605 ],
			"toeOutLinear": [ 7.0872316427994519e-05, 7.0694259193260223e-05, 0.00073030777275562286, 0.00073028053157031536 ],
			"casterLF": 15,
			"casterRF": 15,
			"steerRatio": 1
		},
		"electronics":
		{
			"tC1": 5,
			"tC2": 0,
			"abs": 3,
			"eCUMap": 4,
			"fuelMix": 0,
			"telemetryLaps": 0
		},
		"strategy":
		{
			"fuel": 58,
			"nPitStops": 0,
			"tyreSet": 2,
			"frontBrakePadCompound": 0,
			"rearBrakePadCompound": 0,
			"pitStrategy": [
				{
					"fuelToAdd": 0,
					"tyres":
					{
						"tyreCompound": 0,
						"tyrePressure": [ 48, 50, 42, 43 ]
					},
					"tyreSet": 2,
					"frontBrakePadCompound": 0,
					"rearBrakePadCompound": 0
				}
			],
			"fuelPerLap": 13.603584289550781
		}
	},
	"advancedSetup":
	{
		"mechanicalBalance":
		{
			"aRBFront": 2,
			"aRBRear": 5,
			"wheelRate": [ 1, 1, 3, 3 ],
			"bumpStopRateUp": [ 0, 0, 2, 2 ],
			"bumpStopRateDn": [ 0, 0, 10, 10 ],
			"bumpStopWindow": [ 7, 7, 50, 50 ],
			"brakeTorque": 20,
			"brakeBias": 20
		},
		"dampers":
		{
			"bumpSlow": [ 10, 10, 10, 10 ],
			"bumpFast": [ 15, 15, 15, 15 ],
			"reboundSlow": [ 30, 30, 30, 30 ],
			"reboundFast": [ 40, 40, 40, 40 ]
		},
		"aeroBalance":
		{
			"rideHeight": [ 5, 6, 11, 18 ],
			"rodLength": [ 19.118152618408203, 19.118152618408203, 26.692441940307617, 26.692441940307617 ],
			"splitter": 0,
			"rearWing": 10,
			"brakeDuct": [ 4, 4 ]
		},
		"drivetrain":
		{
			"preload": 2
		}
	},
	"trackBopType": 58
}