{
  "carName": "bmw_m4_gt3",
  "basicSetup": {
    "tyres": {
      "tyreCompound": 0,
      "tyrePressure": [
        57,
        66,
        54,
        60
      ]
    },
    "alignment": {
      "camber": [
        1,
        1,
        1,
        1
      ],
      "toe": [
        2,
        2,
        0,
        0
      ],
      "staticCamber": [
        -4.1686305999755859,
        -4.1642889976501465,
        -3.0477895736694336,
        -3.043684720993042
      ],
      "toeOutLinear": [
        0.00045134982792660594,
        0.0004513596068136394,
        9.2899652372580022e-05,
        9.2905778728891164e-05
      ],
      "casterLF": 40,
      "casterRF": 40,
      "steerRatio": 1
    },
    "electronics": {
      "tC1": 3,
      "tC2": 0,
      "abs": 2,
      "eCUMap": 0,
      "fuelMix": 0,
      "telemetryLaps": 5
    },
    "strategy": {
      "fuel": 0,
      "nPitStops": 0,
      "tyreSet": 0,
      "frontBrakePadCompound": 0,
      "rearBrakePadCompound": 0,
      "pitStrategy": [
        {
          "fuelToAdd": 0,
          "tyres": {
            "tyreCompound": 0,
            "tyrePressure": [
              57,
              66,
              54,
              60
            ]
          },
          "tyreSet": 2,
          "frontBrakePadCompound": 0,
          "rearBrakePadCompound": 0
        }
      ],
      "fuelPerLap": 2.7000000476837158
    }
  },
  "advancedSetup": {
    "mechanicalBalance": {
      "aRBFront": 9,
      "aRBRear": 4,
      "wheelRate": [
        0,
        0,
        0,
        0
      ],
      "bumpStopRateUp": [
        0,
        0,
        0,
        0
      ],
      "bumpStopRateDn": [
        0,
        0,
        10,
        10
      ],
      "bumpStopWindow": [
        20,
        20,
        35,
        35
      ],
      "brakeTorque": 20,
      "brakeBias": 3
    },
    "dampers": {
      "bumpSlow": [
        0,
        0,
        0,
        0
      ],
      "bumpFast": [
        0,
        0,
        0,
        0
      ],
      "reboundSlow": [
        0,
        0,
        40,
        40
      ],
      "reboundFast": [
        0,
        0,
        49,
        49
      ]
    },
    "aeroBalance": {
      "rideHeight": [
        5,
        11,
        22,
        18
      ],
      "rodLength": [
        31.667083740234375,
        31.667083740234375,
        22.677761077880859,
        22.677761077880859
      ],
      "splitter": 0,
      "rearWing": 8,
      "brakeDuct": [
        3,
        3
      ]
    },
    "drivetrain": {
      "preload": 0
    }
  },
  "trackBopType": 36
}