{
  "carName": "bmw_m4_gt3",
  "basicSetup": {
    "tyres": {
      "tyreCompound": 1,
      "tyrePressure": [
        59,
        67,
        60,
        64
      ]
    },
    "alignment": {
      "camber": [
        0,
        0,
        0,
        0
      ],
      "toe": [
        5,
        5,
        10,
        10
      ],
      "staticCamber": [
        -4.1240434646606445,
        -4.1200037002563477,
        -2.6078236103057861,
        -2.6049680709838867
      ],
      "toeOutLinear": [
        0.00034842052264139056,
        0.0003484256740193814,
        1.4477183867711574e-05,
        1.4485254723695107e-05
      ],
      "casterLF": 35,
      "casterRF": 35,
      "steerRatio": 4
    },
    "electronics": {
      "tC1": 5,
      "tC2": 0,
      "abs": 2,
      "eCUMap": 0,
      "fuelMix": 0,
      "telemetryLaps": 5
    },
    "strategy": {
      "fuel": 0,
      "nPitStops": 0,
      "tyreSet": 0,
      "frontBrakePadCompound": 1,
      "rearBrakePadCompound": 1,
      "pitStrategy": [
        {
          "fuelToAdd": 0,
          "tyres": {
            "tyreCompound": 0,
            "tyrePressure": [
              59,
              67,
              60,
              64
            ]
          },
          "tyreSet": 2,
          "frontBrakePadCompound": 1,
          "rearBrakePadCompound": 1
        }
      ],
      "fuelPerLap": 2.7000000476837158
    }
  },
  "advancedSetup": {
    "mechanicalBalance": {
      "aRBFront": 2,
      "aRBRear": 2,
      "wheelRate": [
        0,
        0,
        0,
        0
      ],
      "bumpStopRateUp": [
        4,
        4,
        7,
        7
      ],
      "bumpStopRateDn": [
        0,
        0,
        10,
        10
      ],
      "bumpStopWindow": [
        15,
        15,
        30,
        30
      ],
      "brakeTorque": 20,
      "brakeBias": 0
    },
    "dampers": {
      "bumpSlow": [
        6,
        6,
        6,
        6
      ],
      "bumpFast": [
        10,
        10,
        15,
        15
      ],
      "reboundSlow": [
        40,
        40,
        30,
        30
      ],
      "reboundFast": [
        49,
        49,
        45,
        45
      ]
    },
    "aeroBalance": {
      "rideHeight": [
        0,
        11,
        12,
        18
      ],
      "rodLength": [
        26.644916534423828,
        26.644916534423828,
        12.61374568939209,
        12.61374568939209
      ],
      "splitter": 0,
      "rearWing": 8,
      "brakeDuct": [
        3,
        3
      ]
    },
    "drivetrain": {
      "preload": 0
    }
  },
  "trackBopType": 36
}