{
	"carName": "honda_nsx_gt3_evo",
	"basicSetup":
	{
		"tyres":
		{
			"tyreCompound": 0,
			"tyrePressure": [ 52, 53, 51, 53 ]
		},
		"alignment":
		{
			"camber": [ 0, 0, 0, 0 ],
			"toe": [ 10, 10, 50, 50 ],
			"staticCamber": [ -3.2093760967254639, -3.2087574005126953, -2.8488559722900391, -2.8473937511444092 ],
			"toeOutLinear": [ 0.0012251720763742924, 0.0012251724256202579, 0.0011263503693044186, 0.0011263709748163819 ],
			"casterLF": 10,
			"casterRF": 10,
			"steerRatio": 0
		},
		"electronics":
		{
			"tC1": 3,
			"tC2": 0,
			"abs": 2,
			"eCUMap": 0,
			"fuelMix": 0,
			"telemetryLaps": 10
		},
		"strategy":
		{
			"fuel": 46,
			"nPitStops": 0,
			"tyreSet": 4,
			"frontBrakePadCompound": 0,
			"rearBrakePadCompound": 0,
			"pitStrategy": [
				{
					"fuelToAdd": 0,
					"tyres":
					{
						"tyreCompound": 0,
						"tyrePressure": [ 52, 53, 51, 53 ]
					},
					"tyreSet": 2,
					"frontBrakePadCompound": 0,
					"rearBrakePadCompound": 0
				}
			],
			"fuelPerLap": 3.7518148422241211
		}
	},
	"advancedSetup":
	{
		"mechanicalBalance":
		{
			"aRBFront": 2,
			"aRBRear": 0,
			"wheelRate": [ 2, 2, 0, 0 ],
			"bumpStopRateUp": [ 8, 8, 2, 2 ],
			"bumpStopRateDn": [ 0, 0, 10, 10 ],
			"bumpStopWindow": [ 4, 4, 11, 11 ],
			"brakeTorque": 20,
			"brakeBias": 20
		},
		"dampers":
		{
			"bumpSlow": [ 8, 8, 0, 0 ],
			"bumpFast": [ 15, 15, 0, 0 ],
			"reboundSlow": [ 3, 3, 11, 11 ],
			"reboundFast": [ 15, 15, 11, 11 ]
		},
		"aeroBalance":
		{
			"rideHeight": [ 0, 6, 6, 18 ],
			"rodLength": [ -5.9209756851196289, -5.9209756851196289, -1.295032262802124, -1.295032262802124 ],
			"splitter": 0,
			"rearWing": 4,
			"brakeDuct": [ 2, 3 ]
		},
		"drivetrain":
		{
			"preload": 7
		}
	},
	"trackBopType": 33
}