{
	"carName": "honda_nsx_gt3_evo",
	"basicSetup":
	{
		"tyres":
		{
			"tyreCompound": 0,
			"tyrePressure": [ 48, 50, 46, 49 ]
		},
		"alignment":
		{
			"camber": [ 10, 10, 0, 0 ],
			"toe": [ 15, 15, 45, 45 ],
			"staticCamber": [ -2.1799030303955078, -2.1786799430847168, -2.8476366996765137, -2.8454523086547852 ],
			"toeOutLinear": [ 0.0011036851210519671, 0.0011036843061447144, 0.0009681291994638741, 0.00096815248252823949 ],
			"casterLF": 0,
			"casterRF": 0,
			"steerRatio": 0
		},
		"electronics":
		{
			"tC1": 2,
			"tC2": 0,
			"abs": 2,
			"eCUMap": 2,
			"fuelMix": 0,
			"telemetryLaps": 4
		},
		"strategy":
		{
			"fuel": 25,
			"nPitStops": 0,
			"tyreSet": 1,
			"frontBrakePadCompound": 0,
			"rearBrakePadCompound": 0,
			"pitStrategy": [
				{
					"fuelToAdd": 0,
					"tyres":
					{
						"tyreCompound": 0,
						"tyrePressure": [ 53, 54, 51, 53 ]
					},
					"tyreSet": 2,
					"frontBrakePadCompound": 0,
					"rearBrakePadCompound": 0
				}
			],
			"fuelPerLap": 3.8280658721923828
		}
	},
	"advancedSetup":
	{
		"mechanicalBalance":
		{
			"aRBFront": 3,
			"aRBRear": 2,
			"wheelRate": [ 7, 7, 6, 6 ],
			"bumpStopRateUp": [ 7, 7, 6, 6 ],
			"bumpStopRateDn": [ 0, 0, 10, 10 ],
			"bumpStopWindow": [ 7, 7, 50, 50 ],
			"brakeTorque": 20,
			"brakeBias": 25
		},
		"dampers":
		{
			"bumpSlow": [ 11, 11, 9, 9 ],
			"bumpFast": [ 11, 11, 9, 9 ],
			"reboundSlow": [ 13, 13, 11, 11 ],
			"reboundFast": [ 12, 12, 8, 8 ]
		},
		"aeroBalance":
		{
			"rideHeight": [ 0, 6, 6, 18 ],
			"rodLength": [ -11.785988807678223, -11.785988807678223, -6.3464145660400391, -6.3464145660400391 ],
			"splitter": 0,
			"rearWing": 3,
			"brakeDuct": [ 3, 3 ]
		},
		"drivetrain":
		{
			"preload": 10
		}
	},
	"trackBopType": 33
}