{
	"carName": "mercedes_amg_gt3_evo",
	"basicSetup":
	{
		"tyres":
		{
			"tyreCompound": 0,
			"tyrePressure": [ 50, 50, 48, 48 ]
		},
		"alignment":
		{
			"camber": [ 1, 1, 0, 0 ],
			"toe": [ 24, 24, 48, 48 ],
			"staticCamber": [ -3.9097626209259033, -3.9095959663391113, -4.1997056007385254, -4.1996889114379883 ],
			"toeOutLinear": [ 0.00035244785249233246, 0.00035244747414253652, 0.00018954116967506707, 0.00018957453721668571 ],
			"casterLF": 44,
			"casterRF": 44,
			"steerRatio": 2
		},
		"electronics":
		{
			"tC1": 3,
			"tC2": 0,
			"abs": 3,
			"eCUMap": 0,
			"fuelMix": 0,
			"telemetryLaps": 0
		},
		"strategy":
		{
			"fuel": 48,
			"nPitStops": 0,
			"tyreSet": 0,
			"frontBrakePadCompound": 0,
			"rearBrakePadCompound": 0,
			"pitStrategy": [
				{
					"fuelToAdd": 0,
					"tyres":
					{
						"tyreCompound": 0,
						"tyrePressure": [ 50, 50, 48, 48 ]
					},
					"tyreSet": 2,
					"frontBrakePadCompound": 1,
					"rearBrakePadCompound": 1
				}
			],
			"fuelPerLap": 2.9088504314422607
		}
	},
	"advancedSetup":
	{
		"mechanicalBalance":
		{
			"aRBFront": 4,
			"aRBRear": 7,
			"wheelRate": [ 1, 1, 2, 2 ],
			"bumpStopRateUp": [ 5, 5, 7, 7 ],
			"bumpStopRateDn": [ 0, 0, 10, 10 ],
			"bumpStopWindow": [ 16, 16, 22, 22 ],
			"brakeTorque": 20,
			"brakeBias": 20
		},
		"dampers":
		{
			"bumpSlow": [ 8, 8, 4, 4 ],
			"bumpFast": [ 5, 5, 5, 5 ],
			"reboundSlow": [ 6, 6, 5, 5 ],
			"reboundFast": [ 8, 8, 8, 8 ]
		},
		"aeroBalance":
		{
			"rideHeight": [ 2, 6, 10, 18 ],
			"rodLength": [ 0.57697415351867676, 0.57697415351867676, 70.849700927734375, 70.849700927734375 ],
			"splitter": 10,
			"rearWing": 9,
			"brakeDuct": [ 3, 2 ]
		},
		"drivetrain":
		{
			"preload": 10
		}
	},
	"trackBopType": 34
}