{
	"carName": "amr_v12_vantage_gt3",
	"basicSetup":
	{
		"tyres":
		{
			"tyreCompound": 0,
			"tyrePressure": [ 50, 49, 55, 54 ]
		},
		"alignment":
		{
			"camber": [ 2, 2, 0, 0 ],
			"toe": [ 40, 40, 40, 40 ],
			"staticCamber": [ -3.6596784591674805, -3.6141166687011719, -2.7375578880310059, -2.7382550239562988 ],
			"toeOutLinear": [ 3.2636133255437016e-05, 3.2910720619838685e-05, -0.00022078148322179914, -0.00022298390103969723 ],
			"casterLF": 21,
			"casterRF": 21,
			"steerRatio": 3
		},
		"electronics":
		{
			"tC1": 1,
			"tC2": 0,
			"abs": 4,
			"eCUMap": 0,
			"fuelMix": 0,
			"telemetryLaps": 0
		},
		"strategy":
		{
			"fuel": 38,
			"nPitStops": 0,
			"tyreSet": 1,
			"frontBrakePadCompound": 0,
			"rearBrakePadCompound": 0,
			"pitStrategy": [
				{
					"fuelToAdd": 0,
					"tyres":
					{
						"tyreCompound": 0,
						"tyrePressure": [ 50, 49, 55, 54 ]
					},
					"tyreSet": 2,
					"frontBrakePadCompound": 0,
					"rearBrakePadCompound": 0
				}
			],
			"fuelPerLap": 3.0961074829101563
		}
	},
	"advancedSetup":
	{
		"mechanicalBalance":
		{
			"aRBFront": 4,
			"aRBRear": 6,
			"wheelRate": [ 5, 5, 13, 13 ],
			"bumpStopRateUp": [ 5, 5, 15, 15 ],
			"bumpStopRateDn": [ 0, 0, 10, 10 ],
			"bumpStopWindow": [ 15, 15, 55, 55 ],
			"brakeTorque": 20,
			"brakeBias": 35
		},
		"dampers":
		{
			"bumpSlow": [ 34, 34, 30, 30 ],
			"bumpFast": [ 41, 41, 37, 37 ],
			"reboundSlow": [ 33, 33, 30, 30 ],
			"reboundFast": [ 40, 40, 37, 37 ]
		},
		"aeroBalance":
		{
			"rideHeight": [ 1, 6, 3, 18 ],
			"rodLength": [ 8.6527395248413086, 8.6527395248413086, -33.8770751953125, -33.8770751953125 ],
			"splitter": 0,
			"rearWing": 9,
			"brakeDuct": [ 4, 2 ]
		},
		"drivetrain":
		{
			"preload": 5
		}
	},
	"trackBopType": 42
}