{
	"carName": "mclaren_720s_gt3",
	"basicSetup":
	{
		"tyres":
		{
			"tyreCompound": 0,
			"tyrePressure": [ 50, 51, 46, 48 ]
		},
		"alignment":
		{
			"camber": [ 0, 0, 0, 0 ],
			"toe": [ 38, 38, 20, 20 ],
			"staticCamber": [ -4.6052050590515137, -4.5999746322631836, -4.2731280326843262, -4.270472526550293 ],
			"toeOutLinear": [ 0.0016426658257842064, 0.0016436349833384156, 0.00038337628939189017, 0.0003835648822132498 ],
			"casterLF": 3,
			"casterRF": 3,
			"steerRatio": 2
		},
		"electronics":
		{
			"tC1": 5,
			"tC2": 6,
			"abs": 5,
			"eCUMap": 0,
			"fuelMix": 0,
			"telemetryLaps": 0
		},
		"strategy":
		{
			"fuel": 50,
			"nPitStops": 0,
			"tyreSet": 5,
			"frontBrakePadCompound": 0,
			"rearBrakePadCompound": 0,
			"pitStrategy": [
				{
					"fuelToAdd": 0,
					"tyres":
					{
						"tyreCompound": 0,
						"tyrePressure": [ 0, 0, 0, 0 ]
					},
					"tyreSet": 2,
					"frontBrakePadCompound": 0,
					"rearBrakePadCompound": 0
				}
			],
			"fuelPerLap": 2.56646728515625
		}
	},
	"advancedSetup":
	{
		"mechanicalBalance":
		{
			"aRBFront": 2,
			"aRBRear": 10,
			"wheelRate": [ 6, 6, 6, 6 ],
			"bumpStopRateUp": [ 15, 17, 14, 14 ],
			"bumpStopRateDn": [ 0, 0, 10, 10 ],
			"bumpStopWindow": [ 25, 25, 55, 55 ],
			"brakeTorque": 20,
			"brakeBias": 50
		},
		"dampers":
		{
			"bumpSlow": [ 7, 7, 7, 7 ],
			"bumpFast": [ 10, 10, 10, 10 ],
			"reboundSlow": [ 7, 7, 7, 7 ],
			"reboundFast": [ 10, 10, 10, 10 ]
		},
		"aeroBalance":
		{
			"rideHeight": [ 5, 6, 6, 18 ],
			"rodLength": [ 53.282291412353516, 53.282291412353516, 26.026134490966797, 26.026134490966797 ],
			"splitter": 0,
			"rearWing": 7,
			"brakeDuct": [ 4, 4 ]
		},
		"drivetrain":
		{
			"preload": 2
		}
	},
	"trackBopType": 45
}