{
  "carName": "ferrari_296_gt3",
  "basicSetup": {
    "tyres": {
      "tyreCompound": 0,
      "tyrePressure": [
        57,
        57,
        57,
        57
      ]
    },
    "alignment": {
      "camber": [
        0,
        0,
        0,
        0
      ],
      "toe": [
        5,
        5,
        40,
        40
      ],
      "staticCamber": [
        -4.6844358444213867,
        -4.6844353675842285,
        -5.1124134063720703,
        -5.1124134063720703
      ],
      "toeOutLinear": [
        0.00034750907798297703,
        0.00034750913619063795,
        -8.9375273091718554e-05,
        -8.9374945673625916e-05
      ],
      "casterLF": 30,
      "casterRF": 30,
      "steerRatio": 2
    },
    "electronics": {
      "tC1": 6,
      "tC2": 0,
      "abs": 2,
      "eCUMap": 0,
      "fuelMix": 0,
      "telemetryLaps": 5
    },
    "strategy": {
      "fuel": 0,
      "nPitStops": 0,
      "tyreSet": 3,
      "frontBrakePadCompound": 0,
      "rearBrakePadCompound": 0,
      "pitStrategy": [
        {
          "fuelToAdd": 0,
          "tyres": {
            "tyreCompound": 0,
            "tyrePressure": [
              57,
              57,
              57,
              57
            ]
          },
          "tyreSet": 2,
          "frontBrakePadCompound": 1,
          "rearBrakePadCompound": 1
        }
      ],
      "fuelPerLap": 2.4500000476837158
    }
  },
  "advancedSetup": {
    "mechanicalBalance": {
      "aRBFront": 6,
      "aRBRear": 2,
      "wheelRate": [
        0,
        0,
        0,
        0
      ],
      "bumpStopRateUp": [
        0,
        0,
        0,
        0
      ],
      "bumpStopRateDn": [
        0,
        0,
        10,
        10
      ],
      "bumpStopWindow": [
        16,
        10,
        38,
        38
      ],
      "brakeTorque": 20,
      "brakeBias": 42
    },
    "dampers": {
      "bumpSlow": [
        0,
        0,
        0,
        0
      ],
      "bumpFast": [
        0,
        0,
        0,
        0
      ],
      "reboundSlow": [
        11,
        11,
        11,
        11
      ],
      "reboundFast": [
        11,
        11,
        11,
        11
      ]
    },
    "aeroBalance": {
      "rideHeight": [
        0,
        6,
        14,
        18
      ],
      "rodLength": [
        35.871231079101563,
        35.871231079101563,
        48.189361572265625,
        48.189361572265625
      ],
      "splitter": 0,
      "rearWing": 12,
      "brakeDuct": [
        3,
        3
      ]
    },
    "drivetrain": {
      "preload": 0
    }
  },
  "trackBopType": 36
}