{
  "carName": "ferrari_296_gt3",
  "basicSetup": {
    "tyres": {
      "tyreCompound": 1,
      "tyrePressure": [
        57,
        57,
        57,
        57
      ]
    },
    "alignment": {
      "camber": [
        2,
        2,
        3,
        3
      ],
      "toe": [
        25,
        25,
        48,
        48
      ],
      "staticCamber": [
        -4.4382452964782715,
        -4.4382452964782715,
        -4.797663688659668,
        -4.797663688659668
      ],
      "toeOutLinear": [
        -0.00013339683937374502,
        -0.00013339654833544046,
        0.00020990811754018068,
        0.0002099081757478416
      ],
      "casterLF": 30,
      "casterRF": 30,
      "steerRatio": 2
    },
    "electronics": {
      "tC1": 6,
      "tC2": 0,
      "abs": 3,
      "eCUMap": 0,
      "fuelMix": 0,
      "telemetryLaps": 5
    },
    "strategy": {
      "fuel": 0,
      "nPitStops": 0,
      "tyreSet": 0,
      "frontBrakePadCompound": 0,
      "rearBrakePadCompound": 0,
      "pitStrategy": [
        {
          "fuelToAdd": 0,
          "tyres": {
            "tyreCompound": 0,
            "tyrePressure": [
              57,
              57,
              57,
              57
            ]
          },
          "tyreSet": 2,
          "frontBrakePadCompound": 0,
          "rearBrakePadCompound": 0
        }
      ],
      "fuelPerLap": 2.4500000476837158
    }
  },
  "advancedSetup": {
    "mechanicalBalance": {
      "aRBFront": 4,
      "aRBRear": 2,
      "wheelRate": [
        1,
        1,
        1,
        1
      ],
      "bumpStopRateUp": [
        2,
        2,
        2,
        2
      ],
      "bumpStopRateDn": [
        0,
        0,
        10,
        10
      ],
      "bumpStopWindow": [
        11,
        11,
        38,
        38
      ],
      "brakeTorque": 20,
      "brakeBias": 0
    },
    "dampers": {
      "bumpSlow": [
        3,
        3,
        3,
        3
      ],
      "bumpFast": [
        5,
        5,
        5,
        5
      ],
      "reboundSlow": [
        8,
        8,
        9,
        9
      ],
      "reboundFast": [
        8,
        8,
        9,
        9
      ]
    },
    "aeroBalance": {
      "rideHeight": [
        0,
        6,
        14,
        18
      ],
      "rodLength": [
        35.186424255371094,
        35.186424255371094,
        46.746906280517578,
        46.746906280517578
      ],
      "splitter": 0,
      "rearWing": 12,
      "brakeDuct": [
        3,
        3
      ]
    },
    "drivetrain": {
      "preload": 0
    }
  },
  "trackBopType": 36
}