{
	"carName": "lamborghini_huracan_gt3_evo2",
	"basicSetup":
	{
		"tyres":
		{
			"tyreCompound": 0,
			"tyrePressure": [ 43, 43, 40, 39 ]
		},
		"alignment":
		{
			"camber": [ 0, 0, 0, 0 ],
			"toe": [ 30, 30, 45, 45 ],
			"staticCamber": [ -3.950739860534668, -3.9507384300231934, -2.8832192420959473, -2.8839681148529053 ],
			"toeOutLinear": [ 0.00065656850347295403, 0.00065657531376928091, 0.00018008214829023927, 0.00018006966274697334 ],
			"casterLF": 22,
			"casterRF": 22,
			"steerRatio": 1
		},
		"electronics":
		{
			"tC1": 3,
			"tC2": 0,
			"abs": 2,
			"eCUMap": 2,
			"fuelMix": 0,
			"telemetryLaps": 0
		},
		"strategy":
		{
			"fuel": 43,
			"nPitStops": 0,
			"tyreSet": 0,
			"frontBrakePadCompound": 0,
			"rearBrakePadCompound": 0,
			"pitStrategy": [
				{
					"fuelToAdd": 45,
					"tyres":
					{
						"tyreCompound": 0,
						"tyrePressure": [ 43, 43, 40, 39 ]
					},
					"tyreSet": 2,
					"frontBrakePadCompound": 1,
					"rearBrakePadCompound": 1
				}
			],
			"fuelPerLap": 2.7000000476837158
		}
	},
	"advancedSetup":
	{
		"mechanicalBalance":
		{
			"aRBFront": 5,
			"aRBRear": 10,
			"wheelRate": [ 1, 1, 3, 3 ],
			"bumpStopRateUp": [ 5, 5, 2, 2 ],
			"bumpStopRateDn": [ 0, 0, 10, 10 ],
			"bumpStopWindow": [ 4, 4, 65, 65 ],
			"brakeTorque": 20,
			"brakeBias": 15
		},
		"dampers":
		{
			"bumpSlow": [ 20, 20, 18, 18 ],
			"bumpFast": [ 24, 24, 27, 27 ],
			"reboundSlow": [ 20, 20, 20, 20 ],
			"reboundFast": [ 30, 30, 35, 35 ]
		},
		"aeroBalance":
		{
			"rideHeight": [ 4, 6, 6, 18 ],
			"rodLength": [ 1.4816100597381592, 1.4816100597381592, 4.8309841156005859, 4.8309841156005859 ],
			"splitter": 0,
			"rearWing": 12,
			"brakeDuct": [ 4, 4 ]
		},
		"drivetrain":
		{
			"preload": 5
		}
	},
	"trackBopType": 36
}