{
	"carName": "lamborghini_huracan_gt3_evo2",
	"basicSetup":
	{
		"tyres":
		{
			"tyreCompound": 0,
			"tyrePressure": [ 56, 49, 48, 40 ]
		},
		"alignment":
		{
			"camber": [ 1, 1, 1, 1 ],
			"toe": [ 25, 25, 52, 52 ],
			"staticCamber": [ -3.8324766159057617, -3.8373985290527344, -3.0131242275238037, -3.0192341804504395 ],
			"toeOutLinear": [ 0.0007896471070125699, 0.00078964012209326029, 0.00037046469515189528, 0.00037045206408947706 ],
			"casterLF": 27,
			"casterRF": 27,
			"steerRatio": 1
		},
		"electronics":
		{
			"tC1": 4,
			"tC2": 0,
			"abs": 3,
			"eCUMap": 3,
			"fuelMix": 0,
			"telemetryLaps": 0
		},
		"strategy":
		{
			"fuel": 48,
			"nPitStops": 0,
			"tyreSet": 0,
			"frontBrakePadCompound": 0,
			"rearBrakePadCompound": 0,
			"pitStrategy": [
				{
					"fuelToAdd": 0,
					"tyres":
					{
						"tyreCompound": 0,
						"tyrePressure": [ 56, 49, 48, 40 ]
					},
					"tyreSet": 2,
					"frontBrakePadCompound": 1,
					"rearBrakePadCompound": 1
				}
			],
			"fuelPerLap": 2.1604957580566406
		}
	},
	"advancedSetup":
	{
		"mechanicalBalance":
		{
			"aRBFront": 3,
			"aRBRear": 5,
			"wheelRate": [ 1, 1, 1, 1 ],
			"bumpStopRateUp": [ 7, 7, 9, 9 ],
			"bumpStopRateDn": [ 0, 0, 10, 10 ],
			"bumpStopWindow": [ 14, 14, 40, 40 ],
			"brakeTorque": 20,
			"brakeBias": 23
		},
		"dampers":
		{
			"bumpSlow": [ 27, 28, 22, 22 ],
			"bumpFast": [ 22, 22, 22, 22 ],
			"reboundSlow": [ 20, 20, 25, 25 ],
			"reboundFast": [ 34, 34, 35, 35 ]
		},
		"aeroBalance":
		{
			"rideHeight": [ 2, 6, 10, 18 ],
			"rodLength": [ -0.75919950008392334, -0.75919950008392334, 11.69340705871582, 11.69340705871582 ],
			"splitter": 0,
			"rearWing": 12,
			"brakeDuct": [ 3, 2 ]
		},
		"drivetrain":
		{
			"preload": 10
		}
	},
	"trackBopType": 36
}