{
	"carName": "ferrari_296_gt3",
	"basicSetup":
	{
		"tyres":
		{
			"tyreCompound": 0,
			"tyrePressure": [ 52, 53, 44, 45 ]
		},
		"alignment":
		{
			"camber": [ 0, 0, 0, 0 ],
			"toe": [ 28, 28, 50, 50 ],
			"staticCamber": [ -4.6395883560180664, -4.6389470100402832, -4.9218158721923828, -4.9211254119873047 ],
			"toeOutLinear": [ -0.00021316552010830492, -0.00021316892525646836, 0.00030534196412190795, 0.00030534420511685312 ],
			"casterLF": 30,
			"casterRF": 30,
			"steerRatio": 3
		},
		"electronics":
		{
			"tC1": 6,
			"tC2": 0,
			"abs": 3,
			"eCUMap": 0,
			"fuelMix": 0,
			"telemetryLaps": 0
		},
		"strategy":
		{
			"fuel": 13,
			"nPitStops": 0,
			"tyreSet": 0,
			"frontBrakePadCompound": 0,
			"rearBrakePadCompound": 0,
			"pitStrategy": [
				{
					"fuelToAdd": 0,
					"tyres":
					{
						"tyreCompound": 0,
						"tyrePressure": [ 52, 53, 44, 45 ]
					},
					"tyreSet": 2,
					"frontBrakePadCompound": 1,
					"rearBrakePadCompound": 1
				}
			],
			"fuelPerLap": 3.4000000953674316
		}
	},
	"advancedSetup":
	{
		"mechanicalBalance":
		{
			"aRBFront": 4,
			"aRBRear": 4,
			"wheelRate": [ 3, 3, 2, 2 ],
			"bumpStopRateUp": [ 5, 5, 8, 8 ],
			"bumpStopRateDn": [ 0, 0, 10, 10 ],
			"bumpStopWindow": [ 10, 10, 12, 12 ],
			"brakeTorque": 20,
			"brakeBias": 29
		},
		"dampers":
		{
			"bumpSlow": [ 8, 8, 6, 6 ],
			"bumpFast": [ 5, 5, 5, 5 ],
			"reboundSlow": [ 8, 8, 6, 6 ],
			"reboundFast": [ 7, 7, 8, 8 ]
		},
		"aeroBalance":
		{
			"rideHeight": [ 0, 6, 10, 18 ],
			"rodLength": [ 34.77593994140625, 34.77593994140625, 42.784500122070313, 42.784500122070313 ],
			"splitter": 0,
			"rearWing": 12,
			"brakeDuct": [ 3, 2 ]
		},
		"drivetrain":
		{
			"preload": 18
		}
	},
	"trackBopType": 53
}