{
	"carName": "porsche_992_gt3_r",
	"basicSetup":
	{
		"tyres":
		{
			"tyreCompound": 0,
			"tyrePressure": [ 57, 57, 44, 45 ]
		},
		"alignment":
		{
			"camber": [ 0, 0, 2, 2 ],
			"toe": [ 26, 26, 52, 52 ],
			"staticCamber": [ -4.5998954772949219, -4.5998959541320801, 0.63901364803314209, 0.63978934288024902 ],
			"toeOutLinear": [ 0.00029453620663844049, 0.00029453713796101511, -0.0072555029764771461, -0.0072554890066385269 ],
			"casterLF": 30,
			"casterRF": 30,
			"steerRatio": 5
		},
		"electronics":
		{
			"tC1": 6,
			"tC2": 0,
			"abs": 3,
			"eCUMap": 7,
			"fuelMix": 0,
			"telemetryLaps": 0
		},
		"strategy":
		{
			"fuel": 48,
			"nPitStops": 0,
			"tyreSet": 0,
			"frontBrakePadCompound": 0,
			"rearBrakePadCompound": 0,
			"pitStrategy": [
				{
					"fuelToAdd": 0,
					"tyres":
					{
						"tyreCompound": 0,
						"tyrePressure": [ 57, 57, 44, 45 ]
					},
					"tyreSet": 2,
					"frontBrakePadCompound": 1,
					"rearBrakePadCompound": 1
				}
			],
			"fuelPerLap": 3.7999999523162842
		}
	},
	"advancedSetup":
	{
		"mechanicalBalance":
		{
			"aRBFront": 5,
			"aRBRear": 4,
			"wheelRate": [ 4, 4, 5, 5 ],
			"bumpStopRateUp": [ 9, 9, 11, 11 ],
			"bumpStopRateDn": [ 0, 0, 10, 10 ],
			"bumpStopWindow": [ 6, 6, 20, 20 ],
			"brakeTorque": 20,
			"brakeBias": 29
		},
		"dampers":
		{
			"bumpSlow": [ 9, 9, 10, 10 ],
			"bumpFast": [ 4, 4, 5, 5 ],
			"reboundSlow": [ 9, 9, 15, 15 ],
			"reboundFast": [ 9, 9, 6, 6 ]
		},
		"aeroBalance":
		{
			"rideHeight": [ 0, 11, 11, 18 ],
			"rodLength": [ 34.660842895507813, 34.660842895507813, -67.461082458496094, -67.461082458496094 ],
			"splitter": 0,
			"rearWing": 12,
			"brakeDuct": [ 3, 3 ]
		},
		"drivetrain":
		{
			"preload": 0
		}
	},
	"trackBopType": 42
}