{
  "carName": "ferrari_296_gt3",
  "basicSetup": {
    "tyres": {
      "tyreCompound": 1,
      "tyrePressure": [
        52,
        60,
        41,
        48
      ]
    },
    "alignment": {
      "camber": [
        2,
        2,
        3,
        3
      ],
      "toe": [
        30,
        30,
        50,
        50
      ],
      "staticCamber": [
        -4.4319887161254883,
        -4.4286279678344727,
        -4.812492847442627,
        -4.8080539703369141
      ],
      "toeOutLinear": [
        -0.00025714709772728384,
        -0.00025713731884025037,
        0.00028270203620195389,
        0.00028270782786421478
      ],
      "casterLF": 30,
      "casterRF": 30,
      "steerRatio": 2
    },
    "electronics": {
      "tC1": 6,
      "tC2": 0,
      "abs": 3,
      "eCUMap": 0,
      "fuelMix": 0,
      "telemetryLaps": 5
    },
    "strategy": {
      "fuel": 0,
      "nPitStops": 0,
      "tyreSet": 0,
      "frontBrakePadCompound": 0,
      "rearBrakePadCompound": 0,
      "pitStrategy": [
        {
          "fuelToAdd": 0,
          "tyres": {
            "tyreCompound": 0,
            "tyrePressure": [
              52,
              60,
              41,
              48
            ]
          },
          "tyreSet": 2,
          "frontBrakePadCompound": 0,
          "rearBrakePadCompound": 0
        }
      ],
      "fuelPerLap": 2.4000000953674316
    }
  },
  "advancedSetup": {
    "mechanicalBalance": {
      "aRBFront": 4,
      "aRBRear": 2,
      "wheelRate": [
        0,
        0,
        0,
        0
      ],
      "bumpStopRateUp": [
        1,
        1,
        3,
        3
      ],
      "bumpStopRateDn": [
        0,
        0,
        10,
        10
      ],
      "bumpStopWindow": [
        10,
        10,
        15,
        15
      ],
      "brakeTorque": 20,
      "brakeBias": 0
    },
    "dampers": {
      "bumpSlow": [
        1,
        1,
        1,
        1
      ],
      "bumpFast": [
        9,
        9,
        9,
        9
      ],
      "reboundSlow": [
        6,
        6,
        7,
        7
      ],
      "reboundFast": [
        9,
        9,
        9,
        9
      ]
    },
    "aeroBalance": {
      "rideHeight": [
        0,
        6,
        14,
        18
      ],
      "rodLength": [
        35.991561889648438,
        35.991561889648438,
        48.347690582275391,
        48.347690582275391
      ],
      "splitter": 0,
      "rearWing": 12,
      "brakeDuct": [
        3,
        3
      ]
    },
    "drivetrain": {
      "preload": 3
    }
  },
  "trackBopType": 37
}