{
  "carName": "ferrari_296_gt3",
  "basicSetup": {
    "tyres": {
      "tyreCompound": 0,
      "tyrePressure": [
        53,
        61,
        49,
        56
      ]
    },
    "alignment": {
      "camber": [
        0,
        0,
        0,
        0
      ],
      "toe": [
        0,
        0,
        40,
        40
      ],
      "staticCamber": [
        -4.7230725288391113,
        -4.7185044288635254,
        -5.1227941513061523,
        -5.1180710792541504
      ],
      "toeOutLinear": [
        0.00044252898078411818,
        0.0004425234510563314,
        -9.0340785391163081e-05,
        -9.034431423060596e-05
      ],
      "casterLF": 30,
      "casterRF": 30,
      "steerRatio": 2
    },
    "electronics": {
      "tC1": 5,
      "tC2": 0,
      "abs": 2,
      "eCUMap": 0,
      "fuelMix": 0,
      "telemetryLaps": 2
    },
    "strategy": {
      "fuel": 0,
      "nPitStops": 0,
      "tyreSet": 0,
      "frontBrakePadCompound": 0,
      "rearBrakePadCompound": 0,
      "pitStrategy": [
        {
          "fuelToAdd": 0,
          "tyres": {
            "tyreCompound": 0,
            "tyrePressure": [
              53,
              61,
              49,
              56
            ]
          },
          "tyreSet": 2,
          "frontBrakePadCompound": 1,
          "rearBrakePadCompound": 1
        }
      ],
      "fuelPerLap": 2.4000000953674316
    }
  },
  "advancedSetup": {
    "mechanicalBalance": {
      "aRBFront": 4,
      "aRBRear": 0,
      "wheelRate": [
        0,
        0,
        0,
        0
      ],
      "bumpStopRateUp": [
        0,
        0,
        0,
        0
      ],
      "bumpStopRateDn": [
        0,
        0,
        10,
        10
      ],
      "bumpStopWindow": [
        16,
        16,
        38,
        38
      ],
      "brakeTorque": 20,
      "brakeBias": 25
    },
    "dampers": {
      "bumpSlow": [
        0,
        0,
        0,
        0
      ],
      "bumpFast": [
        0,
        0,
        0,
        0
      ],
      "reboundSlow": [
        10,
        10,
        11,
        11
      ],
      "reboundFast": [
        11,
        11,
        11,
        11
      ]
    },
    "aeroBalance": {
      "rideHeight": [
        1,
        6,
        14,
        18
      ],
      "rodLength": [
        37.186050415039063,
        37.186050415039063,
        48.669517517089844,
        48.669517517089844
      ],
      "splitter": 0,
      "rearWing": 12,
      "brakeDuct": [
        3,
        3
      ]
    },
    "drivetrain": {
      "preload": 0
    }
  },
  "trackBopType": 37
}