{
	"carName": "nissan_gt_r_gt3_2018",
	"basicSetup":
	{
		"tyres":
		{
			"tyreCompound": 0,
			"tyrePressure": [ 47, 55, 45, 51 ]
		},
		"alignment":
		{
			"camber": [ 0, 0, 0, 0 ],
			"toe": [ 8, 8, 0, 0 ],
			"staticCamber": [ -3.3323099613189697, -3.3268640041351318, -3.0741043090820313, -3.0696499347686768 ],
			"toeOutLinear": [ -0.0003361486888024956, -0.00033613626146689057, 8.2229140389245003e-05, 8.2219259638804942e-05 ],
			"casterLF": 25,
			"casterRF": 25,
			"steerRatio": 2
		},
		"electronics":
		{
			"tC1": 4,
			"tC2": 0,
			"abs": 5,
			"eCUMap": 0,
			"fuelMix": 0,
			"telemetryLaps": 5
		},
		"strategy":
		{
			"fuel": 103,
			"nPitStops": 0,
			"tyreSet": 7,
			"frontBrakePadCompound": 1,
			"rearBrakePadCompound": 1,
			"pitStrategy": [
				{
					"fuelToAdd": 132,
					"tyres":
					{
						"tyreCompound": 0,
						"tyrePressure": [ 50, 62, 52, 59 ]
					},
					"tyreSet": 2,
					"frontBrakePadCompound": 1,
					"rearBrakePadCompound": 1
				}
			],
			"fuelPerLap": 2.6501731872558594
		}
	},
	"advancedSetup":
	{
		"mechanicalBalance":
		{
			"aRBFront": 6,
			"aRBRear": 5,
			"wheelRate": [ 2, 2, 2, 2 ],
			"bumpStopRateUp": [ 5, 5, 3, 3 ],
			"bumpStopRateDn": [ 0, 0, 10, 10 ],
			"bumpStopWindow": [ 8, 8, 35, 35 ],
			"brakeTorque": 20,
			"brakeBias": 41
		},
		"dampers":
		{
			"bumpSlow": [ 16, 16, 26, 26 ],
			"bumpFast": [ 10, 10, 20, 20 ],
			"reboundSlow": [ 20, 20, 27, 27 ],
			"reboundFast": [ 10, 10, 20, 20 ]
		},
		"aeroBalance":
		{
			"rideHeight": [ 0, 11, 9, 18 ],
			"rodLength": [ -4.4358196258544922, -4.4358196258544922, 6.1072969436645508, 6.1072969436645508 ],
			"splitter": 0,
			"rearWing": 4,
			"brakeDuct": [ 3, 3 ]
		},
		"drivetrain":
		{
			"preload": 12
		}
	},
	"trackBopType": 28
}