{
	"carName": "mercedes_amg_gt3_evo",
	"basicSetup":
	{
		"tyres":
		{
			"tyreCompound": 0,
			"tyrePressure": [ 44, 43, 42, 42 ]
		},
		"alignment":
		{
			"camber": [ 0, 0, 2, 2 ],
			"toe": [ 30, 30, 50, 50 ],
			"staticCamber": [ -4.0842981338500977, -4.0850234031677246, -3.992422342300415, -3.9924314022064209 ],
			"toeOutLinear": [ 0.00032082130201160908, 0.00032081815879791975, 0.00024900704738683999, 0.00024889700580388308 ],
			"casterLF": 33,
			"casterRF": 33,
			"steerRatio": 3
		},
		"electronics":
		{
			"tC1": 4,
			"tC2": 0,
			"abs": 3,
			"eCUMap": 0,
			"fuelMix": 0,
			"telemetryLaps": 0
		},
		"strategy":
		{
			"fuel": 46,
			"nPitStops": 0,
			"tyreSet": 0,
			"frontBrakePadCompound": 0,
			"rearBrakePadCompound": 0,
			"pitStrategy": [
				{
					"fuelToAdd": 0,
					"tyres":
					{
						"tyreCompound": 0,
						"tyrePressure": [ 47, 51, 51, 53 ]
					},
					"tyreSet": 2,
					"frontBrakePadCompound": 1,
					"rearBrakePadCompound": 1
				}
			],
			"fuelPerLap": 4.1228499412536621
		}
	},
	"advancedSetup":
	{
		"mechanicalBalance":
		{
			"aRBFront": 5,
			"aRBRear": 7,
			"wheelRate": [ 3, 3, 4, 4 ],
			"bumpStopRateUp": [ 3, 3, 3, 3 ],
			"bumpStopRateDn": [ 0, 0, 10, 10 ],
			"bumpStopWindow": [ 3, 3, 15, 15 ],
			"brakeTorque": 20,
			"brakeBias": 40
		},
		"dampers":
		{
			"bumpSlow": [ 5, 5, 5, 5 ],
			"bumpFast": [ 6, 6, 6, 6 ],
			"reboundSlow": [ 6, 6, 4, 4 ],
			"reboundFast": [ 5, 5, 8, 8 ]
		},
		"aeroBalance":
		{
			"rideHeight": [ 4, 6, 10, 18 ],
			"rodLength": [ -1.1566376686096191, -1.1566376686096191, 65.93341064453125, 65.93341064453125 ],
			"splitter": 5,
			"rearWing": 6,
			"brakeDuct": [ 4, 4 ]
		},
		"drivetrain":
		{
			"preload": 4
		}
	},
	"trackBopType": 33
}