{
	"carName": "bmw_m4_gt3",
	"basicSetup":
	{
		"tyres":
		{
			"tyreCompound": 0,
			"tyrePressure": [ 45, 57, 47, 56 ]
		},
		"alignment":
		{
			"camber": [ 0, 0, 0, 0 ],
			"toe": [ 12, 12, 8, 8 ],
			"staticCamber": [ -4.1254758834838867, -4.115872859954834, -1.923890233039856, -1.9166579246520996 ],
			"toeOutLinear": [ 0.00017146691970992833, 0.00017146486788988113, 0.00017241113528143615, 0.00017243402544409037 ],
			"casterLF": 27,
			"casterRF": 27,
			"steerRatio": 3
		},
		"electronics":
		{
			"tC1": 4,
			"tC2": 0,
			"abs": 3,
			"eCUMap": 0,
			"fuelMix": 0,
			"telemetryLaps": 0
		},
		"strategy":
		{
			"fuel": 48,
			"nPitStops": 0,
			"tyreSet": 0,
			"frontBrakePadCompound": 0,
			"rearBrakePadCompound": 0,
			"pitStrategy": [
				{
					"fuelToAdd": 0,
					"tyres":
					{
						"tyreCompound": 0,
						"tyrePressure": [ 45, 57, 47, 56 ]
					},
					"tyreSet": 2,
					"frontBrakePadCompound": 1,
					"rearBrakePadCompound": 1
				}
			],
			"fuelPerLap": 3.25
		}
	},
	"advancedSetup":
	{
		"mechanicalBalance":
		{
			"aRBFront": 5,
			"aRBRear": 1,
			"wheelRate": [ 2, 2, 1, 1 ],
			"bumpStopRateUp": [ 4, 4, 4, 4 ],
			"bumpStopRateDn": [ 0, 0, 10, 10 ],
			"bumpStopWindow": [ 12, 12, 30, 30 ],
			"brakeTorque": 20,
			"brakeBias": 8
		},
		"dampers":
		{
			"bumpSlow": [ 20, 20, 16, 16 ],
			"bumpFast": [ 22, 22, 20, 20 ],
			"reboundSlow": [ 18, 18, 22, 22 ],
			"reboundFast": [ 36, 36, 30, 30 ]
		},
		"aeroBalance":
		{
			"rideHeight": [ 0, 11, 0, 18 ],
			"rodLength": [ 22.940967559814453, 22.940967559814453, -0.392873615026474, -0.392873615026474 ],
			"splitter": 0,
			"rearWing": 5,
			"brakeDuct": [ 3, 3 ]
		},
		"drivetrain":
		{
			"preload": 0
		}
	},
	"trackBopType": 32
}