{
	"carName": "mclaren_720s_gt3",
	"basicSetup":
	{
		"tyres":
		{
			"tyreCompound": 0,
			"tyrePressure": [ 60, 61, 58, 59 ]
		},
		"alignment":
		{
			"camber": [ 0, 0, 1, 1 ],
			"toe": [ 15, 15, 0, 0 ],
			"staticCamber": [ -4.6396417617797852, -4.6394386291503906, -4.1023468971252441, -4.1014566421508789 ],
			"toeOutLinear": [ 0.0019839899614453316, 0.0019839745946228504, -8.8111228251364082e-05, -8.8132619566749781e-05 ],
			"casterLF": 11,
			"casterRF": 11,
			"steerRatio": 1
		},
		"electronics":
		{
			"tC1": 2,
			"tC2": 6,
			"abs": 6,
			"eCUMap": 0,
			"fuelMix": 0,
			"telemetryLaps": 0
		},
		"strategy":
		{
			"fuel": 43,
			"nPitStops": 0,
			"tyreSet": 0,
			"frontBrakePadCompound": 0,
			"rearBrakePadCompound": 0,
			"pitStrategy": [
				{
					"fuelToAdd": 0,
					"tyres":
					{
						"tyreCompound": 0,
						"tyrePressure": [ 60, 61, 58, 59 ]
					},
					"tyreSet": 2,
					"frontBrakePadCompound": 1,
					"rearBrakePadCompound": 1
				}
			],
			"fuelPerLap": 3.6606693267822266
		}
	},
	"advancedSetup":
	{
		"mechanicalBalance":
		{
			"aRBFront": 10,
			"aRBRear": 10,
			"wheelRate": [ 6, 6, 5, 5 ],
			"bumpStopRateUp": [ 15, 15, 19, 19 ],
			"bumpStopRateDn": [ 0, 0, 10, 10 ],
			"bumpStopWindow": [ 22, 22, 10, 10 ],
			"brakeTorque": 20,
			"brakeBias": 15
		},
		"dampers":
		{
			"bumpSlow": [ 18, 18, 31, 31 ],
			"bumpFast": [ 21, 21, 14, 14 ],
			"reboundSlow": [ 12, 12, 33, 33 ],
			"reboundFast": [ 26, 26, 12, 12 ]
		},
		"aeroBalance":
		{
			"rideHeight": [ 3, 6, 4, 18 ],
			"rodLength": [ 56.523735046386719, 56.523735046386719, 32.732162475585938, 32.732162475585938 ],
			"splitter": 0,
			"rearWing": 0,
			"brakeDuct": [ 3, 2 ]
		},
		"drivetrain":
		{
			"preload": 0
		}
	},
	"trackBopType": 33
}