{
	"carName": "mclaren_720s_gt3",
	"basicSetup":
	{
		"tyres":
		{
			"tyreCompound": 0,
			"tyrePressure": [ 46, 53, 41, 50 ]
		},
		"alignment":
		{
			"camber": [ 0, 0, 0, 0 ],
			"toe": [ 48, 48, 10, 10 ],
			"staticCamber": [ -4.5853228569030762, -4.5809435844421387, -4.4630818367004395, -4.4566187858581543 ],
			"toeOutLinear": [ 0.0015857935650274158, 0.0015858153346925974, 0.00019762573356274515, 0.00019753449305426329 ],
			"casterLF": 3,
			"casterRF": 3,
			"steerRatio": 1
		},
		"electronics":
		{
			"tC1": 5,
			"tC2": 6,
			"abs": 5,
			"eCUMap": 0,
			"fuelMix": 0,
			"telemetryLaps": 0
		},
		"strategy":
		{
			"fuel": 50,
			"nPitStops": 0,
			"tyreSet": 1,
			"frontBrakePadCompound": 0,
			"rearBrakePadCompound": 0,
			"pitStrategy": [
				{
					"fuelToAdd": 0,
					"tyres":
					{
						"tyreCompound": 0,
						"tyrePressure": [ 46, 53, 41, 50 ]
					},
					"tyreSet": 2,
					"frontBrakePadCompound": 1,
					"rearBrakePadCompound": 1
				}
			],
			"fuelPerLap": 2.2614479064941406
		}
	},
	"advancedSetup":
	{
		"mechanicalBalance":
		{
			"aRBFront": 1,
			"aRBRear": 12,
			"wheelRate": [ 3, 3, 4, 4 ],
			"bumpStopRateUp": [ 4, 4, 2, 2 ],
			"bumpStopRateDn": [ 0, 0, 10, 10 ],
			"bumpStopWindow": [ 5, 5, 5, 5 ],
			"brakeTorque": 20,
			"brakeBias": 41
		},
		"dampers":
		{
			"bumpSlow": [ 20, 20, 20, 20 ],
			"bumpFast": [ 40, 40, 40, 40 ],
			"reboundSlow": [ 30, 30, 30, 30 ],
			"reboundFast": [ 45, 45, 45, 45 ]
		},
		"aeroBalance":
		{
			"rideHeight": [ 10, 6, 11, 18 ],
			"rodLength": [ 60.460842132568359, 60.460842132568359, 32.914348602294922, 32.914348602294922 ],
			"splitter": 0,
			"rearWing": 7,
			"brakeDuct": [ 4, 3 ]
		},
		"drivetrain":
		{
			"preload": 2
		}
	},
	"trackBopType": 36
}