{
	"carName": "ferrari_296_gt3",
	"basicSetup":
	{
		"tyres":
		{
			"tyreCompound": 0,
			"tyrePressure": [ 52, 62, 47, 55 ]
		},
		"alignment":
		{
			"camber": [ 3, 3, 1, 1 ],
			"toe": [ 35, 35, 40, 40 ],
			"staticCamber": [ -4.3733644485473633, -4.3676667213439941, -4.2806577682495117, -4.2751517295837402 ],
			"toeOutLinear": [ -0.00050308316713199019, -0.00050310720689594746, -2.3831034923205152e-05, -2.3818718545953743e-05 ],
			"casterLF": 20,
			"casterRF": 20,
			"steerRatio": 1
		},
		"electronics":
		{
			"tC1": 8,
			"tC2": 0,
			"abs": 5,
			"eCUMap": 0,
			"fuelMix": 0,
			"telemetryLaps": 5
		},
		"strategy":
		{
			"fuel": 10,
			"nPitStops": 0,
			"tyreSet": 18,
			"frontBrakePadCompound": 0,
			"rearBrakePadCompound": 0,
			"pitStrategy": [
				{
					"fuelToAdd": 0,
					"tyres":
					{
						"tyreCompound": 0,
						"tyrePressure": [ 41, 58, 45, 56 ]
					},
					"tyreSet": 2,
					"frontBrakePadCompound": 1,
					"rearBrakePadCompound": 1
				}
			],
			"fuelPerLap": 2.9479446411132812
		}
	},
	"advancedSetup":
	{
		"mechanicalBalance":
		{
			"aRBFront": 1,
			"aRBRear": 0,
			"wheelRate": [ 3, 3, 0, 0 ],
			"bumpStopRateUp": [ 7, 7, 2, 2 ],
			"bumpStopRateDn": [ 0, 0, 10, 10 ],
			"bumpStopWindow": [ 3, 3, 8, 8 ],
			"brakeTorque": 20,
			"brakeBias": 40
		},
		"dampers":
		{
			"bumpSlow": [ 9, 9, 8, 8 ],
			"bumpFast": [ 5, 5, 6, 6 ],
			"reboundSlow": [ 11, 11, 10, 10 ],
			"reboundFast": [ 11, 11, 8, 8 ]
		},
		"aeroBalance":
		{
			"rideHeight": [ 3, 6, 0, 18 ],
			"rodLength": [ 37.768558502197266, 37.768558502197266, 35.145805358886719, 35.145805358886719 ],
			"splitter": 0,
			"rearWing": 1,
			"brakeDuct": [ 3, 3 ]
		},
		"drivetrain":
		{
			"preload": 8
		}
	},
	"trackBopType": 31
}