{
	"carName": "amr_v12_vantage_gt3",
	"basicSetup":
	{
		"tyres":
		{
			"tyreCompound": 0,
			"tyrePressure": [ 52, 47, 54, 53 ]
		},
		"alignment":
		{
			"camber": [ 0, 0, 0, 0 ],
			"toe": [ 0, 0, 40, 40 ],
			"staticCamber": [ -3.9466655254364014, -3.9503648281097412, -2.9878697395324707, -2.9885149002075195 ],
			"toeOutLinear": [ 0.0015762370312586427, 0.001576224691234529, -0.00013277509424369782, -0.00013268316979520023 ],
			"casterLF": 30,
			"casterRF": 30,
			"steerRatio": 0
		},
		"electronics":
		{
			"tC1": 1,
			"tC2": 0,
			"abs": 2,
			"eCUMap": 0,
			"fuelMix": 0,
			"telemetryLaps": 0
		},
		"strategy":
		{
			"fuel": 12,
			"nPitStops": 0,
			"tyreSet": 8,
			"frontBrakePadCompound": 0,
			"rearBrakePadCompound": 0,
			"pitStrategy": [
				{
					"fuelToAdd": 0,
					"tyres":
					{
						"tyreCompound": 0,
						"tyrePressure": [ 50, 53, 55, 56 ]
					},
					"tyreSet": 2,
					"frontBrakePadCompound": 1,
					"rearBrakePadCompound": 1
				}
			],
			"fuelPerLap": 3.7000000476837158
		}
	},
	"advancedSetup":
	{
		"mechanicalBalance":
		{
			"aRBFront": 8,
			"aRBRear": 1,
			"wheelRate": [ 9, 9, 12, 12 ],
			"bumpStopRateUp": [ 0, 0, 1, 1 ],
			"bumpStopRateDn": [ 0, 0, 10, 10 ],
			"bumpStopWindow": [ 4, 4, 29, 29 ],
			"brakeTorque": 20,
			"brakeBias": 14
		},
		"dampers":
		{
			"bumpSlow": [ 0, 0, 0, 0 ],
			"bumpFast": [ 0, 0, 0, 0 ],
			"reboundSlow": [ 40, 40, 40, 40 ],
			"reboundFast": [ 49, 49, 49, 49 ]
		},
		"aeroBalance":
		{
			"rideHeight": [ 2, 6, 16, 18 ],
			"rodLength": [ 6.5962858200073242, 6.5962858200073242, -21.603767395019531, -21.603767395019531 ],
			"splitter": 0,
			"rearWing": 10,
			"brakeDuct": [ 3, 2 ]
		},
		"drivetrain":
		{
			"preload": 0
		}
	},
	"trackBopType": 39
}