{
	"carName": "nissan_gt_r_gt3_2018",
	"basicSetup":
	{
		"tyres":
		{
			"tyreCompound": 0,
			"tyrePressure": [ 44, 62, 42, 56 ]
		},
		"alignment":
		{
			"camber": [ 0, 0, 0, 0 ],
			"toe": [ 10, 10, 0, 0 ],
			"staticCamber": [ -3.3458130359649658, -3.3302111625671387, -3.2633194923400879, -3.2511508464813232 ],
			"toeOutLinear": [ -0.00037136930041015148, -0.000371314468793571, 6.3458079239353538e-05, 6.3429128204006702e-05 ],
			"casterLF": 7,
			"casterRF": 7,
			"steerRatio": 2
		},
		"electronics":
		{
			"tC1": 1,
			"tC2": 0,
			"abs": 3,
			"eCUMap": 0,
			"fuelMix": 0,
			"telemetryLaps": 5
		},
		"strategy":
		{
			"fuel": 10,
			"nPitStops": 0,
			"tyreSet": 0,
			"frontBrakePadCompound": 0,
			"rearBrakePadCompound": 0,
			"pitStrategy": [
				{
					"fuelToAdd": 0,
					"tyres":
					{
						"tyreCompound": 0,
						"tyrePressure": [ 45, 48, 45, 49 ]
					},
					"tyreSet": 2,
					"frontBrakePadCompound": 1,
					"rearBrakePadCompound": 1
				}
			],
			"fuelPerLap": 2.2320032119750977
		}
	},
	"advancedSetup":
	{
		"mechanicalBalance":
		{
			"aRBFront": 8,
			"aRBRear": 6,
			"wheelRate": [ 0, 0, 0, 0 ],
			"bumpStopRateUp": [ 0, 0, 4, 4 ],
			"bumpStopRateDn": [ 0, 0, 10, 10 ],
			"bumpStopWindow": [ 5, 5, 20, 20 ],
			"brakeTorque": 20,
			"brakeBias": 35
		},
		"dampers":
		{
			"bumpSlow": [ 18, 18, 8, 8 ],
			"bumpFast": [ 44, 44, 40, 40 ],
			"reboundSlow": [ 32, 32, 35, 35 ],
			"reboundFast": [ 46, 46, 42, 42 ]
		},
		"aeroBalance":
		{
			"rideHeight": [ 0, 11, 17, 18 ],
			"rodLength": [ -2.7549769878387451, -2.7549769878387451, 15.368376731872559, 15.368376731872559 ],
			"splitter": 0,
			"rearWing": 4,
			"brakeDuct": [ 3, 4 ]
		},
		"drivetrain":
		{
			"preload": 6
		}
	},
	"trackBopType": 36
}