{
	"carName": "mclaren_720s_gt3",
	"basicSetup":
	{
		"tyres":
		{
			"tyreCompound": 0,
			"tyrePressure": [ 61, 62, 59, 60 ]
		},
		"alignment":
		{
			"camber": [ 0, 0, 0, 0 ],
			"toe": [ 20, 20, 0, 0 ],
			"staticCamber": [ -4.6325960159301758, -4.6320581436157227, -4.4814972877502441, -4.4808292388916016 ],
			"toeOutLinear": [ 0.0018806187435984612, 0.0018806713633239269, -2.1713469323003665e-05, -2.1715684852097183e-05 ],
			"casterLF": 11,
			"casterRF": 11,
			"steerRatio": 1
		},
		"electronics":
		{
			"tC1": 1,
			"tC2": 6,
			"abs": 4,
			"eCUMap": 0,
			"fuelMix": 0,
			"telemetryLaps": 0
		},
		"strategy":
		{
			"fuel": 13,
			"nPitStops": 0,
			"tyreSet": 0,
			"frontBrakePadCompound": 0,
			"rearBrakePadCompound": 0,
			"pitStrategy": [
				{
					"fuelToAdd": 0,
					"tyres":
					{
						"tyreCompound": 0,
						"tyrePressure": [ 61, 62, 59, 60 ]
					},
					"tyreSet": 2,
					"frontBrakePadCompound": 1,
					"rearBrakePadCompound": 1
				}
			],
			"fuelPerLap": 2.9794297218322754
		}
	},
	"advancedSetup":
	{
		"mechanicalBalance":
		{
			"aRBFront": 8,
			"aRBRear": 8,
			"wheelRate": [ 4, 4, 4, 4 ],
			"bumpStopRateUp": [ 9, 9, 5, 5 ],
			"bumpStopRateDn": [ 0, 0, 10, 10 ],
			"bumpStopWindow": [ 10, 10, 35, 35 ],
			"brakeTorque": 20,
			"brakeBias": 25
		},
		"dampers":
		{
			"bumpSlow": [ 26, 26, 33, 33 ],
			"bumpFast": [ 21, 21, 15, 15 ],
			"reboundSlow": [ 18, 18, 32, 32 ],
			"reboundFast": [ 18, 18, 15, 15 ]
		},
		"aeroBalance":
		{
			"rideHeight": [ 2, 6, 12, 18 ],
			"rodLength": [ 57.136787414550781, 57.136787414550781, 41.433036804199219, 41.433036804199219 ],
			"splitter": 0,
			"rearWing": 7,
			"brakeDuct": [ 3, 2 ]
		},
		"drivetrain":
		{
			"preload": 0
		}
	},
	"trackBopType": 34
}