{
  "carName": "ferrari_296_gt3",
  "basicSetup": {
    "tyres": {
      "tyreCompound": 0,
      "tyrePressure": [
        51,
        59,
        44,
        50
      ]
    },
    "alignment": {
      "camber": [
        0,
        0,
        0,
        0
      ],
      "toe": [
        5,
        5,
        40,
        40
      ],
      "staticCamber": [
        -5.0100317001342773,
        -5.005157470703125,
        -5.6186223030090332,
        -5.6145696640014648
      ],
      "toeOutLinear": [
        -1.4568964616046287e-05,
        -1.456509835406905e-05,
        -0.00016113088349811733,
        -0.000161164061864838
      ],
      "casterLF": 30,
      "casterRF": 30,
      "steerRatio": 2
    },
    "electronics": {
      "tC1": 6,
      "tC2": 0,
      "abs": 2,
      "eCUMap": 0,
      "fuelMix": 0,
      "telemetryLaps": 5
    },
    "strategy": {
      "fuel": 0,
      "nPitStops": 0,
      "tyreSet": 2,
      "frontBrakePadCompound": 0,
      "rearBrakePadCompound": 0,
      "pitStrategy": [
        {
          "fuelToAdd": 0,
          "tyres": {
            "tyreCompound": 0,
            "tyrePressure": [
              51,
              59,
              44,
              50
            ]
          },
          "tyreSet": 2,
          "frontBrakePadCompound": 0,
          "rearBrakePadCompound": 0
        }
      ],
      "fuelPerLap": 2.2999999523162842
    }
  },
  "advancedSetup": {
    "mechanicalBalance": {
      "aRBFront": 0,
      "aRBRear": 0,
      "wheelRate": [
        0,
        0,
        0,
        0
      ],
      "bumpStopRateUp": [
        0,
        0,
        0,
        0
      ],
      "bumpStopRateDn": [
        0,
        0,
        10,
        10
      ],
      "bumpStopWindow": [
        16,
        16,
        38,
        38
      ],
      "brakeTorque": 20,
      "brakeBias": 33
    },
    "dampers": {
      "bumpSlow": [
        0,
        0,
        0,
        0
      ],
      "bumpFast": [
        0,
        0,
        0,
        0
      ],
      "reboundSlow": [
        0,
        0,
        11,
        11
      ],
      "reboundFast": [
        0,
        0,
        11,
        11
      ]
    },
    "aeroBalance": {
      "rideHeight": [
        15,
        6,
        24,
        18
      ],
      "rodLength": [
        50.919242858886719,
        50.919242858886719,
        58.210407257080078,
        58.210407257080078
      ],
      "splitter": 0,
      "rearWing": 12,
      "brakeDuct": [
        3,
        3
      ]
    },
    "drivetrain": {
      "preload": 0
    }
  },
  "trackBopType": 36
}