{
  "carName": "ferrari_296_gt3",
  "basicSetup": {
    "tyres": {
      "tyreCompound": 1,
      "tyrePressure": [
        53,
        60,
        41,
        48
      ]
    },
    "alignment": {
      "camber": [
        1,
        1,
        1,
        1
      ],
      "toe": [
        25,
        25,
        45,
        45
      ],
      "staticCamber": [
        -4.541478157043457,
        -4.5385408401489258,
        -5.0115594863891602,
        -5.0071516036987305
      ],
      "toeOutLinear": [
        -0.00013509235577657819,
        -0.00013508173287846148,
        9.6872638096101582e-05,
        9.6879484772216529e-05
      ],
      "casterLF": 30,
      "casterRF": 30,
      "steerRatio": 2
    },
    "electronics": {
      "tC1": 7,
      "tC2": 0,
      "abs": 1,
      "eCUMap": 0,
      "fuelMix": 0,
      "telemetryLaps": 5
    },
    "strategy": {
      "fuel": 0,
      "nPitStops": 0,
      "tyreSet": 0,
      "frontBrakePadCompound": 0,
      "rearBrakePadCompound": 0,
      "pitStrategy": [
        {
          "fuelToAdd": 0,
          "tyres": {
            "tyreCompound": 0,
            "tyrePressure": [
              53,
              60,
              41,
              48
            ]
          },
          "tyreSet": 2,
          "frontBrakePadCompound": 1,
          "rearBrakePadCompound": 1
        }
      ],
      "fuelPerLap": 2.2999999523162842
    }
  },
  "advancedSetup": {
    "mechanicalBalance": {
      "aRBFront": 5,
      "aRBRear": 1,
      "wheelRate": [
        1,
        1,
        2,
        2
      ],
      "bumpStopRateUp": [
        0,
        0,
        0,
        0
      ],
      "bumpStopRateDn": [
        0,
        0,
        10,
        10
      ],
      "bumpStopWindow": [
        6,
        6,
        18,
        18
      ],
      "brakeTorque": 20,
      "brakeBias": 0
    },
    "dampers": {
      "bumpSlow": [
        1,
        1,
        1,
        1
      ],
      "bumpFast": [
        2,
        2,
        10,
        10
      ],
      "reboundSlow": [
        9,
        9,
        9,
        9
      ],
      "reboundFast": [
        9,
        9,
        10,
        10
      ]
    },
    "aeroBalance": {
      "rideHeight": [
        0,
        6,
        14,
        18
      ],
      "rodLength": [
        35.264175415039063,
        35.264175415039063,
        46.084308624267578,
        46.084308624267578
      ],
      "splitter": 0,
      "rearWing": 12,
      "brakeDuct": [
        3,
        3
      ]
    },
    "drivetrain": {
      "preload": 0
    }
  },
  "trackBopType": 36
}