{
	"carName": "ferrari_296_gt3",
	"basicSetup":
	{
		"tyres":
		{
			"tyreCompound": 0,
			"tyrePressure": [ 52, 61, 43, 50 ]
		},
		"alignment":
		{
			"camber": [ 0, 0, 2, 2 ],
			"toe": [ 20, 20, 40, 40 ],
			"staticCamber": [ -4.7305417060852051, -4.7235922813415527, -4.7759509086608887, -4.7695097923278809 ],
			"toeOutLinear": [ -9.9282791779842228e-05, -9.9289012723602355e-05, -7.3484479798935354e-05, -7.3491974035277963e-05 ],
			"casterLF": 30,
			"casterRF": 30,
			"steerRatio": 1
		},
		"electronics":
		{
			"tC1": 5,
			"tC2": 0,
			"abs": 4,
			"eCUMap": 0,
			"fuelMix": 0,
			"telemetryLaps": 5
		},
		"strategy":
		{
			"fuel": 11,
			"nPitStops": 0,
			"tyreSet": 15,
			"frontBrakePadCompound": 0,
			"rearBrakePadCompound": 0,
			"pitStrategy": [
				{
					"fuelToAdd": 0,
					"tyres":
					{
						"tyreCompound": 0,
						"tyrePressure": [ 41, 58, 45, 56 ]
					},
					"tyreSet": 2,
					"frontBrakePadCompound": 1,
					"rearBrakePadCompound": 1
				}
			],
			"fuelPerLap": 2.2039532661437988
		}
	},
	"advancedSetup":
	{
		"mechanicalBalance":
		{
			"aRBFront": 1,
			"aRBRear": 3,
			"wheelRate": [ 2, 2, 4, 4 ],
			"bumpStopRateUp": [ 5, 5, 12, 12 ],
			"bumpStopRateDn": [ 0, 0, 10, 10 ],
			"bumpStopWindow": [ 6, 6, 10, 10 ],
			"brakeTorque": 20,
			"brakeBias": 20
		},
		"dampers":
		{
			"bumpSlow": [ 5, 5, 6, 6 ],
			"bumpFast": [ 5, 5, 7, 7 ],
			"reboundSlow": [ 10, 10, 7, 7 ],
			"reboundFast": [ 6, 6, 8, 8 ]
		},
		"aeroBalance":
		{
			"rideHeight": [ 3, 6, 11, 18 ],
			"rodLength": [ 38.344661712646484, 38.344661712646484, 42.215961456298828, 42.215961456298828 ],
			"splitter": 0,
			"rearWing": 12,
			"brakeDuct": [ 4, 5 ]
		},
		"drivetrain":
		{
			"preload": 6
		}
	},
	"trackBopType": 36
}