{
	"carName": "mercedes_amg_gt4",
	"basicSetup":
	{
		"tyres":
		{
			"tyreCompound": 0,
			"tyrePressure": [ 45, 51, 47, 43 ]
		},
		"alignment":
		{
			"camber": [ 5, 5, 5, 5 ],
			"toe": [ 8, 8, 10, 10 ],
			"staticCamber": [ -4.5808830261230469, -4.5743765830993652, -3.1515045166015625, -3.1542410850524902 ],
			"toeOutLinear": [ -0.00041289423825219274, -0.00041290363878943026, 0.00015151350817177445, 0.00015172970597632229 ],
			"casterLF": 13,
			"casterRF": 13,
			"steerRatio": 4
		},
		"electronics":
		{
			"tC1": 1,
			"tC2": 0,
			"abs": 3,
			"eCUMap": 0,
			"fuelMix": 0,
			"telemetryLaps": 0
		},
		"strategy":
		{
			"fuel": 48,
			"nPitStops": 0,
			"tyreSet": 2,
			"frontBrakePadCompound": 0,
			"rearBrakePadCompound": 0,
			"pitStrategy": [
				{
					"fuelToAdd": 0,
					"tyres":
					{
						"tyreCompound": 0,
						"tyrePressure": [ 35, 51, 37, 43 ]
					},
					"tyreSet": 2,
					"frontBrakePadCompound": 1,
					"rearBrakePadCompound": 1
				}
			],
			"fuelPerLap": 2.2349996566772461
		}
	},
	"advancedSetup":
	{
		"mechanicalBalance":
		{
			"aRBFront": 0,
			"aRBRear": 0,
			"wheelRate": [ 1, 1, 0, 0 ],
			"bumpStopRateUp": [ 0, 0, 0, 0 ],
			"bumpStopRateDn": [ 0, 0, 10, 10 ],
			"bumpStopWindow": [ 0, 0, 0, 0 ],
			"brakeTorque": 20,
			"brakeBias": 15
		},
		"dampers":
		{
			"bumpSlow": [ 10, 10, 13, 13 ],
			"bumpFast": [ 0, 0, 0, 0 ],
			"reboundSlow": [ 10, 10, 18, 18 ],
			"reboundFast": [ 0, 0, 0, 0 ]
		},
		"aeroBalance":
		{
			"rideHeight": [ 0, 11, 0, 18 ],
			"rodLength": [ 57.511268615722656, 57.511268615722656, 44.202136993408203, 44.202136993408203 ],
			"splitter": 0,
			"rearWing": 1,
			"brakeDuct": [ 5, 4 ]
		},
		"drivetrain":
		{
			"preload": 3
		}
	},
	"trackBopType": 9
}