{
	"carName": "nissan_gt_r_gt3_2017",
	"basicSetup":
	{
		"tyres":
		{
			"tyreCompound": 0,
			"tyrePressure": [ 48, 49, 47, 47 ]
		},
		"alignment":
		{
			"camber": [ 0, 0, 0, 0 ],
			"toe": [ 20, 20, 0, 0 ],
			"staticCamber": [ -3.9744477272033691, -3.973682165145874, -3.6308937072753906, -3.6308932304382324 ],
			"toeOutLinear": [ -2.0528164895949885e-05, -2.0527410015347414e-05, -4.1148010495817289e-05, -4.114610783290118e-05 ],
			"casterLF": 17,
			"casterRF": 17,
			"steerRatio": 3
		},
		"electronics":
		{
			"tC1": 2,
			"tC2": 0,
			"abs": 4,
			"eCUMap": 0,
			"fuelMix": 0,
			"telemetryLaps": 0
		},
		"strategy":
		{
			"fuel": 43,
			"nPitStops": 0,
			"tyreSet": 1,
			"frontBrakePadCompound": 0,
			"rearBrakePadCompound": 0,
			"pitStrategy": [
				{
					"fuelToAdd": 0,
					"tyres":
					{
						"tyreCompound": 0,
						"tyrePressure": [ 50, 55, 50, 53 ]
					},
					"tyreSet": 2,
					"frontBrakePadCompound": 1,
					"rearBrakePadCompound": 1
				}
			],
			"fuelPerLap": 13.5
		}
	},
	"advancedSetup":
	{
		"mechanicalBalance":
		{
			"aRBFront": 6,
			"aRBRear": 1,
			"wheelRate": [ 6, 6, 5, 5 ],
			"bumpStopRateUp": [ 17, 17, 4, 4 ],
			"bumpStopRateDn": [ 0, 0, 10, 10 ],
			"bumpStopWindow": [ 30, 30, 40, 40 ],
			"brakeTorque": 20,
			"brakeBias": 51
		},
		"dampers":
		{
			"bumpSlow": [ 33, 33, 18, 18 ],
			"bumpFast": [ 27, 27, 20, 20 ],
			"reboundSlow": [ 30, 30, 15, 15 ],
			"reboundFast": [ 40, 40, 30, 30 ]
		},
		"aeroBalance":
		{
			"rideHeight": [ 4, 11, 10, 18 ],
			"rodLength": [ 15.582524299621582, 15.582524299621582, 21.707302093505859, 21.707302093505859 ],
			"splitter": 0,
			"rearWing": 2,
			"brakeDuct": [ 4, 4 ]
		},
		"drivetrain":
		{
			"preload": 9
		}
	},
	"trackBopType": 58
}