{
	"carName": "bmw_m4_gt3",
	"basicSetup":
	{
		"tyres":
		{
			"tyreCompound": 0,
			"tyrePressure": [ 50, 54, 49, 51 ]
		},
		"alignment":
		{
			"camber": [ 0, 0, 0, 0 ],
			"toe": [ 7, 7, 10, 10 ],
			"staticCamber": [ -4.1281700134277344, -4.1256122589111328, -2.0486888885498047, -2.04728102684021 ],
			"toeOutLinear": [ 0.00027805913123302162, 0.00027805913123302162, 0.0001129845404648222, 0.00011299872130621225 ],
			"casterLF": 27,
			"casterRF": 27,
			"steerRatio": 3
		},
		"electronics":
		{
			"tC1": 3,
			"tC2": 0,
			"abs": 3,
			"eCUMap": 0,
			"fuelMix": 0,
			"telemetryLaps": 0
		},
		"strategy":
		{
			"fuel": 48,
			"nPitStops": 0,
			"tyreSet": 0,
			"frontBrakePadCompound": 0,
			"rearBrakePadCompound": 0,
			"pitStrategy": [
				{
					"fuelToAdd": 0,
					"tyres":
					{
						"tyreCompound": 0,
						"tyrePressure": [ 50, 54, 49, 51 ]
					},
					"tyreSet": 2,
					"frontBrakePadCompound": 1,
					"rearBrakePadCompound": 1
				}
			],
			"fuelPerLap": 3.4176216125488281
		}
	},
	"advancedSetup":
	{
		"mechanicalBalance":
		{
			"aRBFront": 6,
			"aRBRear": 3,
			"wheelRate": [ 2, 2, 2, 2 ],
			"bumpStopRateUp": [ 5, 5, 4, 4 ],
			"bumpStopRateDn": [ 0, 0, 10, 10 ],
			"bumpStopWindow": [ 5, 5, 25, 25 ],
			"brakeTorque": 20,
			"brakeBias": 15
		},
		"dampers":
		{
			"bumpSlow": [ 23, 23, 24, 24 ],
			"bumpFast": [ 22, 22, 20, 20 ],
			"reboundSlow": [ 20, 20, 23, 23 ],
			"reboundFast": [ 34, 34, 27, 27 ]
		},
		"aeroBalance":
		{
			"rideHeight": [ 0, 11, 2, 18 ],
			"rodLength": [ 22.642604827880859, 22.642604827880859, -2.1994278430938721, -2.1994278430938721 ],
			"splitter": 0,
			"rearWing": 5,
			"brakeDuct": [ 3, 2 ]
		},
		"drivetrain":
		{
			"preload": 14
		}
	},
	"trackBopType": 33
}