{
	"carName": "nissan_gt_r_gt3_2018",
	"basicSetup":
	{
		"tyres":
		{
			"tyreCompound": 0,
			"tyrePressure": [ 52, 62, 50, 57 ]
		},
		"alignment":
		{
			"camber": [ 0, 0, 0, 0 ],
			"toe": [ 10, 10, 5, 5 ],
			"staticCamber": [ -3.3163039684295654, -3.3092584609985352, -3.0528347492218018, -3.0480527877807617 ],
			"toeOutLinear": [ -0.00040489510865882039, -0.00040489571983925998, 0.00017102218407671899, 0.00017100879631470889 ],
			"casterLF": 25,
			"casterRF": 25,
			"steerRatio": 2
		},
		"electronics":
		{
			"tC1": 4,
			"tC2": 0,
			"abs": 4,
			"eCUMap": 0,
			"fuelMix": 0,
			"telemetryLaps": 0
		},
		"strategy":
		{
			"fuel": 46,
			"nPitStops": 0,
			"tyreSet": 5,
			"frontBrakePadCompound": 0,
			"rearBrakePadCompound": 0,
			"pitStrategy": [
				{
					"fuelToAdd": 0,
					"tyres":
					{
						"tyreCompound": 0,
						"tyrePressure": [ 49, 57, 50, 53 ]
					},
					"tyreSet": 2,
					"frontBrakePadCompound": 0,
					"rearBrakePadCompound": 0
				}
			],
			"fuelPerLap": 3.4869918823242188
		}
	},
	"advancedSetup":
	{
		"mechanicalBalance":
		{
			"aRBFront": 4,
			"aRBRear": 8,
			"wheelRate": [ 2, 2, 4, 4 ],
			"bumpStopRateUp": [ 3, 3, 5, 5 ],
			"bumpStopRateDn": [ 0, 0, 10, 10 ],
			"bumpStopWindow": [ 30, 30, 45, 45 ],
			"brakeTorque": 20,
			"brakeBias": 30
		},
		"dampers":
		{
			"bumpSlow": [ 10, 10, 10, 10 ],
			"bumpFast": [ 15, 15, 15, 15 ],
			"reboundSlow": [ 25, 25, 25, 25 ],
			"reboundFast": [ 30, 30, 30, 30 ]
		},
		"aeroBalance":
		{
			"rideHeight": [ 0, 11, 9, 18 ],
			"rodLength": [ -5.4784855842590332, -5.4784855842590332, 0.059129156172275543, 0.059129156172275543 ],
			"splitter": 0,
			"rearWing": 4,
			"brakeDuct": [ 4, 3 ]
		},
		"drivetrain":
		{
			"preload": 3
		}
	},
	"trackBopType": 27
}