{
	"carName": "nissan_gt_r_gt3_2018",
	"basicSetup":
	{
		"tyres":
		{
			"tyreCompound": 0,
			"tyrePressure": [ 52, 62, 50, 57 ]
		},
		"alignment":
		{
			"camber": [ 0, 0, 0, 0 ],
			"toe": [ 10, 10, 5, 5 ],
			"staticCamber": [ -3.3190889358520508, -3.3120465278625488, -3.0528359413146973, -3.0480532646179199 ],
			"toeOutLinear": [ -0.00039966483018361032, -0.00039963590097613633, 0.0001710270153125748, 0.00017100082186516374 ],
			"casterLF": 22,
			"casterRF": 22,
			"steerRatio": 2
		},
		"electronics":
		{
			"tC1": 4,
			"tC2": 0,
			"abs": 4,
			"eCUMap": 0,
			"fuelMix": 0,
			"telemetryLaps": 0
		},
		"strategy":
		{
			"fuel": 46,
			"nPitStops": 0,
			"tyreSet": 2,
			"frontBrakePadCompound": 0,
			"rearBrakePadCompound": 0,
			"pitStrategy": [
				{
					"fuelToAdd": 0,
					"tyres":
					{
						"tyreCompound": 0,
						"tyrePressure": [ 49, 57, 50, 53 ]
					},
					"tyreSet": 2,
					"frontBrakePadCompound": 0,
					"rearBrakePadCompound": 0
				}
			],
			"fuelPerLap": 3.4500000476837158
		}
	},
	"advancedSetup":
	{
		"mechanicalBalance":
		{
			"aRBFront": 7,
			"aRBRear": 7,
			"wheelRate": [ 1, 1, 3, 3 ],
			"bumpStopRateUp": [ 3, 3, 14, 14 ],
			"bumpStopRateDn": [ 0, 0, 10, 10 ],
			"bumpStopWindow": [ 30, 30, 45, 45 ],
			"brakeTorque": 20,
			"brakeBias": 30
		},
		"dampers":
		{
			"bumpSlow": [ 10, 10, 10, 10 ],
			"bumpFast": [ 15, 15, 15, 15 ],
			"reboundSlow": [ 25, 25, 25, 25 ],
			"reboundFast": [ 30, 30, 30, 30 ]
		},
		"aeroBalance":
		{
			"rideHeight": [ 0, 11, 9, 18 ],
			"rodLength": [ -4.3766608238220215, -4.3766608238220215, 1.5781084299087524, 1.5781084299087524 ],
			"splitter": 0,
			"rearWing": 3,
			"brakeDuct": [ 4, 3 ]
		},
		"drivetrain":
		{
			"preload": 3
		}
	},
	"trackBopType": 27
}