{
	"carName": "ferrari_296_gt3",
	"basicSetup": {
		"tyres": {
			"tyreCompound": 1,
			"tyrePressure": [
				50,
				57,
				38,
				45
			]
		},
		"alignment": {
			"camber": [
				0,
				0,
				0,
				0
			],
			"toe": [
				30,
				30,
				50,
				50
			],
			"staticCamber": [
				-4.6326656341552734,
				-4.6299295425415039,
				-5.1174459457397461,
				-5.1129975318908691
			],
			"toeOutLinear": [
				-0.00025803700555115938,
				-0.00025805120822042227,
				0.00028205438866280019,
				0.00028210040181875229
			],
			"casterLF": 30,
			"casterRF": 30,
			"steerRatio": 2
		},
		"electronics": {
			"tC1": 6,
			"tC2": 0,
			"abs": 1,
			"eCUMap": 0,
			"fuelMix": 0,
			"telemetryLaps": 5
		},
		"strategy": {
			"fuel": 0,
			"nPitStops": 0,
			"tyreSet": 0,
			"frontBrakePadCompound": 0,
			"rearBrakePadCompound": 0,
			"pitStrategy": [
				{
					"fuelToAdd": 0,
					"tyres": {
						"tyreCompound": 0,
						"tyrePressure": [
							50,
							57,
							38,
							45
						]
					},
					"tyreSet": 2,
					"frontBrakePadCompound": 1,
					"rearBrakePadCompound": 1
				}
			],
			"fuelPerLap": 2.9000000953674316
		}
	},
	"advancedSetup": {
		"mechanicalBalance": {
			"aRBFront": 5,
			"aRBRear": 2,
			"wheelRate": [
				0,
				0,
				0,
				0
			],
			"bumpStopRateUp": [
				4,
				4,
				8,
				8
			],
			"bumpStopRateDn": [
				0,
				0,
				10,
				10
			],
			"bumpStopWindow": [
				8,
				8,
				10,
				10
			],
			"brakeTorque": 20,
			"brakeBias": 0
		},
		"dampers": {
			"bumpSlow": [
				1,
				1,
				1,
				1
			],
			"bumpFast": [
				11,
				11,
				10,
				10
			],
			"reboundSlow": [
				9,
				9,
				7,
				7
			],
			"reboundFast": [
				11,
				11,
				10,
				10
			]
		},
		"aeroBalance": {
			"rideHeight": [
				0,
				6,
				14,
				18
			],
			"rodLength": [
				35.827430725097656,
				35.827430725097656,
				48.167350769042969,
				48.167350769042969
			],
			"splitter": 0,
			"rearWing": 12,
			"brakeDuct": [
				3,
				3
			]
		},
		"drivetrain": {
			"preload": 3
		}
	},
	"trackBopType": 27
}