{
	"carName": "lamborghini_huracan_gt3_evo2",
	"basicSetup":
	{
		"tyres":
		{
			"tyreCompound": 1,
			"tyrePressure": [ 91, 91, 87, 87 ]
		},
		"alignment":
		{
			"camber": [ 4, 4, 3, 3 ],
			"toe": [ 20, 20, 65, 65 ],
			"staticCamber": [ -3.629237174987793, -3.6292355060577393, -3.7908744812011719, -3.7908623218536377 ],
			"toeOutLinear": [ 0.00057725049555301666, 0.00057725200895220041, 0.000905928376596421, 0.00090593821369111538 ],
			"casterLF": 15,
			"casterRF": 15,
			"steerRatio": 1
		},
		"electronics":
		{
			"tC1": 5,
			"tC2": 0,
			"abs": 3,
			"eCUMap": 5,
			"fuelMix": 0,
			"telemetryLaps": 0
		},
		"strategy":
		{
			"fuel": 60,
			"nPitStops": 0,
			"tyreSet": 0,
			"frontBrakePadCompound": 2,
			"rearBrakePadCompound": 2,
			"pitStrategy": [
				{
					"fuelToAdd": 0,
					"tyres":
					{
						"tyreCompound": 0,
						"tyrePressure": [ 72, 72, 71, 71 ]
					},
					"tyreSet": 2,
					"frontBrakePadCompound": 2,
					"rearBrakePadCompound": 2
				}
			],
			"fuelPerLap": 3.4961128234863281
		}
	},
	"advancedSetup":
	{
		"mechanicalBalance":
		{
			"aRBFront": 5,
			"aRBRear": 7,
			"wheelRate": [ 3, 3, 5, 5 ],
			"bumpStopRateUp": [ 0, 0, 0, 0 ],
			"bumpStopRateDn": [ 0, 0, 10, 10 ],
			"bumpStopWindow": [ 5, 5, 55, 55 ],
			"brakeTorque": 20,
			"brakeBias": 0
		},
		"dampers":
		{
			"bumpSlow": [ 32, 32, 32, 32 ],
			"bumpFast": [ 40, 40, 40, 40 ],
			"reboundSlow": [ 35, 35, 35, 35 ],
			"reboundFast": [ 45, 45, 45, 45 ]
		},
		"aeroBalance":
		{
			"rideHeight": [ 16, 6, 28, 18 ],
			"rodLength": [ 8.9151525497436523, 8.9151525497436523, 24.205717086791992, 24.205717086791992 ],
			"splitter": 0,
			"rearWing": 12,
			"brakeDuct": [ 2, 1 ]
		},
		"drivetrain":
		{
			"preload": 8
		}
	},
	"trackBopType": 39
}