{
	"carName": "lamborghini_huracan_gt3_evo2",
	"basicSetup":
	{
		"tyres":
		{
			"tyreCompound": 1,
			"tyrePressure": [ 91, 91, 87, 87 ]
		},
		"alignment":
		{
			"camber": [ 4, 4, 3, 3 ],
			"toe": [ 20, 20, 65, 65 ],
			"staticCamber": [ -3.5840165615081787, -3.5840129852294922, -3.229649543762207, -3.229649543762207 ],
			"toeOutLinear": [ 0.00086275354260578752, 0.00086276448564603925, 0.00088239234173670411, 0.00088239047909155488 ],
			"casterLF": 15,
			"casterRF": 15,
			"steerRatio": 1
		},
		"electronics":
		{
			"tC1": 2,
			"tC2": 3,
			"abs": 6,
			"eCUMap": 4,
			"fuelMix": 0,
			"telemetryLaps": 0
		},
		"strategy":
		{
			"fuel": 60,
			"nPitStops": 0,
			"tyreSet": 0,
			"frontBrakePadCompound": 2,
			"rearBrakePadCompound": 2,
			"pitStrategy": [
				{
					"fuelToAdd": 0,
					"tyres":
					{
						"tyreCompound": 0,
						"tyrePressure": [ 72, 72, 71, 71 ]
					},
					"tyreSet": 2,
					"frontBrakePadCompound": 2,
					"rearBrakePadCompound": 2
				}
			],
			"fuelPerLap": 3.3052940368652344
		}
	},
	"advancedSetup":
	{
		"mechanicalBalance":
		{
			"aRBFront": 3,
			"aRBRear": 3,
			"wheelRate": [ 1, 1, 2, 2 ],
			"bumpStopRateUp": [ 6, 6, 7, 7 ],
			"bumpStopRateDn": [ 0, 0, 10, 10 ],
			"bumpStopWindow": [ 5, 5, 55, 55 ],
			"brakeTorque": 20,
			"brakeBias": 14
		},
		"dampers":
		{
			"bumpSlow": [ 20, 20, 15, 15 ],
			"bumpFast": [ 20, 20, 20, 20 ],
			"reboundSlow": [ 20, 20, 15, 15 ],
			"reboundFast": [ 25, 25, 25, 25 ]
		},
		"aeroBalance":
		{
			"rideHeight": [ 6, 6, 18, 18 ],
			"rodLength": [ 3.1089630126953125, 3.1089630126953125, 17.402637481689453, 17.402637481689453 ],
			"splitter": 0,
			"rearWing": 12,
			"brakeDuct": [ 3, 2 ]
		},
		"drivetrain":
		{
			"preload": 8
		}
	},
	"trackBopType": 39
}