{
	"carName": "lamborghini_huracan_gt3_evo2",
	"basicSetup":
	{
		"tyres":
		{
			"tyreCompound": 0,
			"tyrePressure": [ 44, 46, 41, 43 ]
		},
		"alignment":
		{
			"camber": [ 0, 1, 0, 0 ],
			"toe": [ 35, 35, 50, 50 ],
			"staticCamber": [ -3.9109945297241211, -3.8069717884063721, -3.1876981258392334, -3.1862080097198486 ],
			"toeOutLinear": [ 0.00065807061037048697, 0.00065830867970362306, 0.00035161155392415822, 0.00035159714752808213 ],
			"casterLF": 19,
			"casterRF": 19,
			"steerRatio": 1
		},
		"electronics":
		{
			"tC1": 4,
			"tC2": 0,
			"abs": 3,
			"eCUMap": 2,
			"fuelMix": 0,
			"telemetryLaps": 0
		},
		"strategy":
		{
			"fuel": 46,
			"nPitStops": 0,
			"tyreSet": 2,
			"frontBrakePadCompound": 0,
			"rearBrakePadCompound": 0,
			"pitStrategy": [
				{
					"fuelToAdd": 48,
					"tyres":
					{
						"tyreCompound": 0,
						"tyrePressure": [ 44, 46, 41, 43 ]
					},
					"tyreSet": 2,
					"frontBrakePadCompound": 0,
					"rearBrakePadCompound": 0
				}
			],
			"fuelPerLap": 2.3847160339355469
		}
	},
	"advancedSetup":
	{
		"mechanicalBalance":
		{
			"aRBFront": 4,
			"aRBRear": 4,
			"wheelRate": [ 2, 2, 2, 2 ],
			"bumpStopRateUp": [ 2, 2, 7, 7 ],
			"bumpStopRateDn": [ 0, 0, 10, 10 ],
			"bumpStopWindow": [ 3, 3, 20, 20 ],
			"brakeTorque": 20,
			"brakeBias": 20
		},
		"dampers":
		{
			"bumpSlow": [ 20, 20, 15, 15 ],
			"bumpFast": [ 20, 20, 27, 27 ],
			"reboundSlow": [ 20, 20, 24, 24 ],
			"reboundFast": [ 25, 25, 36, 36 ]
		},
		"aeroBalance":
		{
			"rideHeight": [ 0, 6, 11, 18 ],
			"rodLength": [ -4.7654876708984375, -4.7654876708984375, 10.889843940734863, 10.889843940734863 ],
			"splitter": 0,
			"rearWing": 9,
			"brakeDuct": [ 4, 4 ]
		},
		"drivetrain":
		{
			"preload": 5
		}
	},
	"trackBopType": 37
}