{
	"carName": "lamborghini_huracan_gt3_evo2",
	"basicSetup":
	{
		"tyres":
		{
			"tyreCompound": 0,
			"tyrePressure": [ 44, 46, 41, 43 ]
		},
		"alignment":
		{
			"camber": [ 0, 1, 0, 0 ],
			"toe": [ 35, 35, 50, 50 ],
			"staticCamber": [ -3.9109387397766113, -3.8069486618041992, -2.8782899379730225, -2.876800537109375 ],
			"toeOutLinear": [ 0.00065859936876222491, 0.00065886374795809388, 0.00035720877349376678, 0.00035716494312509894 ],
			"casterLF": 19,
			"casterRF": 19,
			"steerRatio": 1
		},
		"electronics":
		{
			"tC1": 4,
			"tC2": 0,
			"abs": 3,
			"eCUMap": 2,
			"fuelMix": 0,
			"telemetryLaps": 0
		},
		"strategy":
		{
			"fuel": 46,
			"nPitStops": 0,
			"tyreSet": 2,
			"frontBrakePadCompound": 0,
			"rearBrakePadCompound": 0,
			"pitStrategy": [
				{
					"fuelToAdd": 33,
					"tyres":
					{
						"tyreCompound": 0,
						"tyrePressure": [ 44, 46, 41, 43 ]
					},
					"tyreSet": 2,
					"frontBrakePadCompound": 0,
					"rearBrakePadCompound": 0
				}
			],
			"fuelPerLap": 2.4034724235534668
		}
	},
	"advancedSetup":
	{
		"mechanicalBalance":
		{
			"aRBFront": 8,
			"aRBRear": 8,
			"wheelRate": [ 1, 1, 2, 2 ],
			"bumpStopRateUp": [ 2, 2, 0, 0 ],
			"bumpStopRateDn": [ 0, 0, 10, 10 ],
			"bumpStopWindow": [ 15, 15, 45, 45 ],
			"brakeTorque": 20,
			"brakeBias": 20
		},
		"dampers":
		{
			"bumpSlow": [ 20, 20, 15, 15 ],
			"bumpFast": [ 20, 20, 27, 27 ],
			"reboundSlow": [ 20, 20, 24, 24 ],
			"reboundFast": [ 25, 25, 36, 36 ]
		},
		"aeroBalance":
		{
			"rideHeight": [ 0, 6, 6, 18 ],
			"rodLength": [ -2.4449417591094971, -2.4449417591094971, 5.9012794494628906, 5.9012794494628906 ],
			"splitter": 0,
			"rearWing": 9,
			"brakeDuct": [ 4, 4 ]
		},
		"drivetrain":
		{
			"preload": 5
		}
	},
	"trackBopType": 37
}