{
	"carName": "bmw_m6_gt3",
	"basicSetup":
	{
		"tyres":
		{
			"tyreCompound": 0,
			"tyrePressure": [ 51, 51, 52, 52 ]
		},
		"alignment":
		{
			"camber": [ 3, 3, 0, 0 ],
			"toe": [ 8, 8, 10, 10 ],
			"staticCamber": [ -4.2277884483337402, -4.2277922630310059, -3.5026819705963135, -3.5027923583984375 ],
			"toeOutLinear": [ 0.00030214202706702054, 0.00030213859281502664, 0.00021363391715567559, 0.00021358489175327122 ],
			"casterLF": 17,
			"casterRF": 17,
			"steerRatio": 5
		},
		"electronics":
		{
			"tC1": 1,
			"tC2": 0,
			"abs": 2,
			"eCUMap": 0,
			"fuelMix": 0,
			"telemetryLaps": 0
		},
		"strategy":
		{
			"fuel": 0,
			"nPitStops": 0,
			"tyreSet": 4,
			"frontBrakePadCompound": 0,
			"rearBrakePadCompound": 0,
			"pitStrategy": [
				{
					"fuelToAdd": 0,
					"tyres":
					{
						"tyreCompound": 0,
						"tyrePressure": [ 50, 50, 50, 50 ]
					},
					"tyreSet": 2,
					"frontBrakePadCompound": 1,
					"rearBrakePadCompound": 1
				}
			],
			"fuelPerLap": 4.0799999237060547
		}
	},
	"advancedSetup":
	{
		"mechanicalBalance":
		{
			"aRBFront": 3,
			"aRBRear": 2,
			"wheelRate": [ 5, 5, 5, 5 ],
			"bumpStopRateUp": [ 7, 7, 7, 7 ],
			"bumpStopRateDn": [ 0, 0, 10, 10 ],
			"bumpStopWindow": [ 0, 0, 10, 10 ],
			"brakeTorque": 20,
			"brakeBias": 34
		},
		"dampers":
		{
			"bumpSlow": [ 14, 14, 21, 21 ],
			"bumpFast": [ 20, 20, 28, 28 ],
			"reboundSlow": [ 23, 23, 29, 29 ],
			"reboundFast": [ 25, 25, 34, 34 ]
		},
		"aeroBalance":
		{
			"rideHeight": [ 3, 11, 4, 18 ],
			"rodLength": [ 15.260915756225586, 15.260915756225586, 16.538192749023438, 16.538192749023438 ],
			"splitter": 0,
			"rearWing": 0,
			"brakeDuct": [ 1, 0 ]
		},
		"drivetrain":
		{
			"preload": 5
		}
	}
}