{
	"carName": "nissan_gt_r_gt3_2018",
	"basicSetup":
	{
		"tyres":
		{
			"tyreCompound": 0,
			"tyrePressure": [ 59, 50, 58, 53 ]
		},
		"alignment":
		{
			"camber": [ 0, 0, 0, 0 ],
			"toe": [ 20, 20, 0, 0 ],
			"staticCamber": [ -3.2681815624237061, -3.2741959095001221, -3.0765731334686279, -3.0799591541290283 ],
			"toeOutLinear": [ -0.00075422949157655239, -0.00075429223943501711, 8.1924896221607924e-05, 8.1956444773823023e-05 ],
			"casterLF": 31,
			"casterRF": 31,
			"steerRatio": 1
		},
		"electronics":
		{
			"tC1": 4,
			"tC2": 0,
			"abs": 4,
			"eCUMap": 0,
			"fuelMix": 0,
			"telemetryLaps": 0
		},
		"strategy":
		{
			"fuel": 38,
			"nPitStops": 0,
			"tyreSet": 4,
			"frontBrakePadCompound": 0,
			"rearBrakePadCompound": 0,
			"pitStrategy": [
				{
					"fuelToAdd": 45,
					"tyres":
					{
						"tyreCompound": 0,
						"tyrePressure": [ 59, 50, 58, 53 ]
					},
					"tyreSet": 2,
					"frontBrakePadCompound": 0,
					"rearBrakePadCompound": 0
				}
			],
			"fuelPerLap": 3.5929634571075439
		}
	},
	"advancedSetup":
	{
		"mechanicalBalance":
		{
			"aRBFront": 5,
			"aRBRear": 6,
			"wheelRate": [ 3, 3, 3, 3 ],
			"bumpStopRateUp": [ 15, 15, 17, 17 ],
			"bumpStopRateDn": [ 0, 0, 10, 10 ],
			"bumpStopWindow": [ 30, 30, 50, 50 ],
			"brakeTorque": 20,
			"brakeBias": 59
		},
		"dampers":
		{
			"bumpSlow": [ 25, 25, 24, 24 ],
			"bumpFast": [ 18, 18, 18, 18 ],
			"reboundSlow": [ 22, 22, 24, 24 ],
			"reboundFast": [ 30, 30, 35, 35 ]
		},
		"aeroBalance":
		{
			"rideHeight": [ 0, 11, 10, 18 ],
			"rodLength": [ -6.6449832916259766, -6.6449832916259766, 2.1444854736328125, 2.1444854736328125 ],
			"splitter": 0,
			"rearWing": 4,
			"brakeDuct": [ 3, 1 ]
		},
		"drivetrain":
		{
			"preload": 12
		}
	},
	"trackBopType": 39
}