{
	"carName": "nissan_gt_r_gt3_2018",
	"basicSetup":
	{
		"tyres":
		{
			"tyreCompound": 0,
			"tyrePressure": [ 59, 51, 56, 50 ]
		},
		"alignment":
		{
			"camber": [ 0, 0, 0, 0 ],
			"toe": [ 0, 0, 0, 0 ],
			"staticCamber": [ -3.3525135517120361, -3.358149528503418, -2.9652364253997803, -2.9697191715240479 ],
			"toeOutLinear": [ -7.4158146162517369e-05, -7.4172108725178987e-05, 8.3617655036505312e-05, 8.3626531704794616e-05 ],
			"casterLF": 23,
			"casterRF": 23,
			"steerRatio": 2
		},
		"electronics":
		{
			"tC1": 1,
			"tC2": 0,
			"abs": 3,
			"eCUMap": 0,
			"fuelMix": 0,
			"telemetryLaps": 0
		},
		"strategy":
		{
			"fuel": 106,
			"nPitStops": 0,
			"tyreSet": 5,
			"frontBrakePadCompound": 1,
			"rearBrakePadCompound": 1,
			"pitStrategy": [
				{
					"fuelToAdd": 0,
					"tyres":
					{
						"tyreCompound": 0,
						"tyrePressure": [ 61, 52, 60, 54 ]
					},
					"tyreSet": 2,
					"frontBrakePadCompound": 1,
					"rearBrakePadCompound": 1
				}
			],
			"fuelPerLap": 3.9500000476837158
		}
	},
	"advancedSetup":
	{
		"mechanicalBalance":
		{
			"aRBFront": 8,
			"aRBRear": 4,
			"wheelRate": [ 2, 2, 4, 4 ],
			"bumpStopRateUp": [ 11, 11, 6, 6 ],
			"bumpStopRateDn": [ 0, 0, 10, 10 ],
			"bumpStopWindow": [ 10, 10, 33, 33 ],
			"brakeTorque": 20,
			"brakeBias": 34
		},
		"dampers":
		{
			"bumpSlow": [ 14, 14, 6, 6 ],
			"bumpFast": [ 28, 28, 43, 43 ],
			"reboundSlow": [ 36, 36, 34, 34 ],
			"reboundFast": [ 45, 45, 37, 37 ]
		},
		"aeroBalance":
		{
			"rideHeight": [ 0, 11, 5, 18 ],
			"rodLength": [ -4.0058708190917969, -4.0058708190917969, -0.93656623363494873, -0.93656623363494873 ],
			"splitter": 0,
			"rearWing": 1,
			"brakeDuct": [ 3, 3 ]
		},
		"drivetrain":
		{
			"preload": 8
		}
	},
	"trackBopType": 39
}