{
	"carName": "nissan_gt_r_gt3_2018",
	"basicSetup":
	{
		"tyres":
		{
			"tyreCompound": 0,
			"tyrePressure": [ 59, 51, 56, 50 ]
		},
		"alignment":
		{
			"camber": [ 0, 0, 0, 0 ],
			"toe": [ 0, 0, 0, 0 ],
			"staticCamber": [ -3.3424148559570313, -3.347851037979126, -2.9309756755828857, -2.9353160858154297 ],
			"toeOutLinear": [ -8.4142207924742252e-05, -8.417483331868425e-05, 8.2778620708268136e-05, 8.2799495430663228e-05 ],
			"casterLF": 23,
			"casterRF": 23,
			"steerRatio": 2
		},
		"electronics":
		{
			"tC1": 1,
			"tC2": 0,
			"abs": 3,
			"eCUMap": 0,
			"fuelMix": 0,
			"telemetryLaps": 6
		},
		"strategy":
		{
			"fuel": 106,
			"nPitStops": 0,
			"tyreSet": 6,
			"frontBrakePadCompound": 1,
			"rearBrakePadCompound": 1,
			"pitStrategy": [
				{
					"fuelToAdd": 0,
					"tyres":
					{
						"tyreCompound": 0,
						"tyrePressure": [ 61, 52, 60, 54 ]
					},
					"tyreSet": 2,
					"frontBrakePadCompound": 1,
					"rearBrakePadCompound": 1
				}
			],
			"fuelPerLap": 3.6782760620117188
		}
	},
	"advancedSetup":
	{
		"mechanicalBalance":
		{
			"aRBFront": 8,
			"aRBRear": 4,
			"wheelRate": [ 3, 3, 4, 4 ],
			"bumpStopRateUp": [ 11, 11, 6, 6 ],
			"bumpStopRateDn": [ 0, 0, 10, 10 ],
			"bumpStopWindow": [ 10, 10, 33, 33 ],
			"brakeTorque": 20,
			"brakeBias": 34
		},
		"dampers":
		{
			"bumpSlow": [ 14, 14, 6, 6 ],
			"bumpFast": [ 28, 28, 43, 43 ],
			"reboundSlow": [ 36, 36, 34, 34 ],
			"reboundFast": [ 45, 45, 37, 37 ]
		},
		"aeroBalance":
		{
			"rideHeight": [ 0, 11, 4, 18 ],
			"rodLength": [ -6.0620288848876953, -6.0620288848876953, -3.1105220317840576, -3.1105220317840576 ],
			"splitter": 0,
			"rearWing": 1,
			"brakeDuct": [ 3, 3 ]
		},
		"drivetrain":
		{
			"preload": 8
		}
	},
	"trackBopType": 39
}