{
	"carName": "ferrari_488_gt3_evo",
	"basicSetup":
	{
		"tyres":
		{
			"tyreCompound": 0,
			"tyrePressure": [ 58, 59, 56, 55 ]
		},
		"alignment":
		{
			"camber": [ 0, 0, 0, 0 ],
			"toe": [ 0, 0, 0, 0 ],
			"staticCamber": [ -3.1666707992553711, -3.1662163734436035, -2.4387774467468262, -2.4394478797912598 ],
			"toeOutLinear": [ 0.0018432042561471462, 0.0018432046053931117, -0.0014902387047186494, -0.0014903000555932522 ],
			"casterLF": 98,
			"casterRF": 98,
			"steerRatio": 4
		},
		"electronics":
		{
			"tC1": 7,
			"tC2": 0,
			"abs": 3,
			"eCUMap": 0,
			"fuelMix": 0,
			"telemetryLaps": 0
		},
		"strategy":
		{
			"fuel": 10,
			"nPitStops": 0,
			"tyreSet": 0,
			"frontBrakePadCompound": 0,
			"rearBrakePadCompound": 0,
			"pitStrategy": [
				{
					"fuelToAdd": 0,
					"tyres":
					{
						"tyreCompound": 0,
						"tyrePressure": [ 58, 55, 58, 56 ]
					},
					"tyreSet": 2,
					"frontBrakePadCompound": 1,
					"rearBrakePadCompound": 1
				}
			],
			"fuelPerLap": 2.7401535511016846
		}
	},
	"advancedSetup":
	{
		"mechanicalBalance":
		{
			"aRBFront": 20,
			"aRBRear": 33,
			"wheelRate": [ 0, 0, 0, 0 ],
			"bumpStopRateUp": [ 17, 17, 15, 15 ],
			"bumpStopRateDn": [ 0, 0, 10, 10 ],
			"bumpStopWindow": [ 4, 4, 0, 0 ],
			"brakeTorque": 20,
			"brakeBias": 26
		},
		"dampers":
		{
			"bumpSlow": [ 10, 10, 2, 2 ],
			"bumpFast": [ 6, 6, 6, 6 ],
			"reboundSlow": [ 11, 11, 10, 10 ],
			"reboundFast": [ 8, 8, 7, 7 ]
		},
		"aeroBalance":
		{
			"rideHeight": [ 3, 6, 11, 18 ],
			"rodLength": [ -22.424953460693359, -22.424953460693359, -12.818850517272949, -12.818850517272949 ],
			"splitter": 0,
			"rearWing": 14,
			"brakeDuct": [ 3, 2 ]
		},
		"drivetrain":
		{
			"preload": 8
		}
	},
	"trackBopType": 44
}
