{
	"carName": "nissan_gt_r_gt3_2018",
	"basicSetup":
	{
		"tyres":
		{
			"tyreCompound": 0,
			"tyrePressure": [ 49, 52, 46, 47 ]
		},
		"alignment":
		{
			"camber": [ 0, 0, 0, 0 ],
			"toe": [ 5, 5, 12, 12 ],
			"staticCamber": [ -3.9326066970825195, -3.9306643009185791, -3.4823081493377686, -3.4816234111785889 ],
			"toeOutLinear": [ 0.00036583235487341881, 0.00036583628389053047, 0.00021204231597948819, 0.00021204039512667805 ],
			"casterLF": 3,
			"casterRF": 3,
			"steerRatio": 2
		},
		"electronics":
		{
			"tC1": 4,
			"tC2": 0,
			"abs": 4,
			"eCUMap": 0,
			"fuelMix": 0,
			"telemetryLaps": 0
		},
		"strategy":
		{
			"fuel": 48,
			"nPitStops": 0,
			"tyreSet": 1,
			"frontBrakePadCompound": 0,
			"rearBrakePadCompound": 0,
			"pitStrategy": [
				{
					"fuelToAdd": 0,
					"tyres":
					{
						"tyreCompound": 0,
						"tyrePressure": [ 61, 52, 60, 54 ]
					},
					"tyreSet": 2,
					"frontBrakePadCompound": 1,
					"rearBrakePadCompound": 1
				}
			],
			"fuelPerLap": 13.5
		}
	},
	"advancedSetup":
	{
		"mechanicalBalance":
		{
			"aRBFront": 6,
			"aRBRear": 4,
			"wheelRate": [ 4, 4, 3, 3 ],
			"bumpStopRateUp": [ 14, 14, 2, 2 ],
			"bumpStopRateDn": [ 0, 0, 10, 10 ],
			"bumpStopWindow": [ 20, 20, 50, 50 ],
			"brakeTorque": 20,
			"brakeBias": 46
		},
		"dampers":
		{
			"bumpSlow": [ 33, 33, 24, 24 ],
			"bumpFast": [ 30, 30, 18, 18 ],
			"reboundSlow": [ 22, 22, 24, 24 ],
			"reboundFast": [ 37, 37, 35, 35 ]
		},
		"aeroBalance":
		{
			"rideHeight": [ 3, 11, 13, 18 ],
			"rodLength": [ 10.253200531005859, 10.253200531005859, 20.102165222167969, 20.102165222167969 ],
			"splitter": 0,
			"rearWing": 4,
			"brakeDuct": [ 5, 5 ]
		},
		"drivetrain":
		{
			"preload": 12
		}
	},
	"trackBopType": 58
}