{
	"carName": "porsche_991ii_gt3_r",
	"basicSetup":
	{
		"tyres":
		{
			"tyreCompound": 0,
			"tyrePressure": [ 59, 71, 57, 71 ]
		},
		"alignment":
		{
			"camber": [ 0, 0, 1, 1 ],
			"toe": [ 40, 40, 40, 40 ],
			"staticCamber": [ -5.0999178886413574, -5.0947542190551758, 0.40608701109886169, 0.41849669814109802 ],
			"toeOutLinear": [ -0.00021395657677203417, -0.00021393773204181343, -0.0051907328888773918, -0.0051899990066885948 ],
			"casterLF": 23,
			"casterRF": 23,
			"steerRatio": 5
		},
		"electronics":
		{
			"tC1": 4,
			"tC2": 3,
			"abs": 6,
			"eCUMap": 7,
			"fuelMix": 0,
			"telemetryLaps": 0
		},
		"strategy":
		{
			"fuel": 43,
			"nPitStops": 0,
			"tyreSet": 0,
			"frontBrakePadCompound": 0,
			"rearBrakePadCompound": 0,
			"pitStrategy": [
				{
					"fuelToAdd": 0,
					"tyres":
					{
						"tyreCompound": 0,
						"tyrePressure": [ 48, 58, 41, 47 ]
					},
					"tyreSet": 2,
					"frontBrakePadCompound": 0,
					"rearBrakePadCompound": 0
				}
			],
			"fuelPerLap": 3.3228263854980469
		}
	},
	"advancedSetup":
	{
		"mechanicalBalance":
		{
			"aRBFront": 3,
			"aRBRear": 2,
			"wheelRate": [ 6, 6, 3, 3 ],
			"bumpStopRateUp": [ 7, 7, 2, 2 ],
			"bumpStopRateDn": [ 0, 0, 10, 10 ],
			"bumpStopWindow": [ 2, 2, 15, 15 ],
			"brakeTorque": 20,
			"brakeBias": 75
		},
		"dampers":
		{
			"bumpSlow": [ 12, 12, 10, 10 ],
			"bumpFast": [ 8, 8, 8, 8 ],
			"reboundSlow": [ 10, 10, 8, 8 ],
			"reboundFast": [ 10, 10, 8, 8 ]
		},
		"aeroBalance":
		{
			"rideHeight": [ 0, 11, 1, 18 ],
			"rodLength": [ 50.711101531982422, 50.711101531982422, -63.157634735107422, -63.157634735107422 ],
			"splitter": 0,
			"rearWing": 0,
			"brakeDuct": [ 5, 5 ]
		},
		"drivetrain":
		{
			"preload": 3
		}
	},
	"trackBopType": 31
}