{
	"carName": "lamborghini_huracan_gt3_evo2",
	"basicSetup":
	{
		"tyres":
		{
			"tyreCompound": 0,
			"tyrePressure": [ 57, 66, 57, 66 ]
		},
		"alignment":
		{
			"camber": [ 5, 5, 0, 0 ],
			"toe": [ 38, 38, 45, 45 ],
			"staticCamber": [ -3.4311041831970215, -3.4265611171722412, -2.556499719619751, -2.5488431453704834 ],
			"toeOutLinear": [ 0.0004734380345325917, 0.00047337872092612088, 0.00019191305909771472, 0.00019199795497115701 ],
			"casterLF": 23,
			"casterRF": 23,
			"steerRatio": 2
		},
		"electronics":
		{
			"tC1": 4,
			"tC2": 2,
			"abs": 3,
			"eCUMap": 2,
			"fuelMix": 0,
			"telemetryLaps": 0
		},
		"strategy":
		{
			"fuel": 58,
			"nPitStops": 0,
			"tyreSet": 0,
			"frontBrakePadCompound": 0,
			"rearBrakePadCompound": 0,
			"pitStrategy": [
				{
					"fuelToAdd": 60,
					"tyres":
					{
						"tyreCompound": 0,
						"tyrePressure": [ 47, 56, 45, 53 ]
					},
					"tyreSet": 2,
					"frontBrakePadCompound": 0,
					"rearBrakePadCompound": 0
				}
			],
			"fuelPerLap": 3.0833320617675781
		}
	},
	"advancedSetup":
	{
		"mechanicalBalance":
		{
			"aRBFront": 10,
			"aRBRear": 10,
			"wheelRate": [ 1, 1, 1, 1 ],
			"bumpStopRateUp": [ 0, 0, 14, 14 ],
			"bumpStopRateDn": [ 0, 0, 10, 10 ],
			"bumpStopWindow": [ 25, 25, 60, 60 ],
			"brakeTorque": 20,
			"brakeBias": 15
		},
		"dampers":
		{
			"bumpSlow": [ 35, 35, 25, 25 ],
			"bumpFast": [ 40, 45, 35, 35 ],
			"reboundSlow": [ 40, 40, 30, 30 ],
			"reboundFast": [ 45, 45, 40, 40 ]
		},
		"aeroBalance":
		{
			"rideHeight": [ 4, 6, 1, 18 ],
			"rodLength": [ 0.9566618800163269, 0.9566618800163269, 2.7854800224304199, 2.7854800224304199 ],
			"splitter": 0,
			"rearWing": 0,
			"brakeDuct": [ 2, 2 ]
		},
		"drivetrain":
		{
			"preload": 7
		}
	},
	"trackBopType": 31
}