{
	"carName": "lamborghini_huracan_gt3_evo2",
	"basicSetup":
	{
		"tyres":
		{
			"tyreCompound": 0,
			"tyrePressure": [ 57, 65, 54, 59 ]
		},
		"alignment":
		{
			"camber": [ 5, 5, 0, 0 ],
			"toe": [ 38, 38, 45, 45 ],
			"staticCamber": [ -3.4437642097473145, -3.4396882057189941, -2.5568909645080566, -2.5531742572784424 ],
			"toeOutLinear": [ 0.00049743644194677472, 0.00049743789713829756, 0.00019185976998414844, 0.00019184200209565461 ],
			"casterLF": 13,
			"casterRF": 13,
			"steerRatio": 1
		},
		"electronics":
		{
			"tC1": 4,
			"tC2": 0,
			"abs": 3,
			"eCUMap": 2,
			"fuelMix": 0,
			"telemetryLaps": 0
		},
		"strategy":
		{
			"fuel": 58,
			"nPitStops": 0,
			"tyreSet": 2,
			"frontBrakePadCompound": 0,
			"rearBrakePadCompound": 0,
			"pitStrategy": [
				{
					"fuelToAdd": 60,
					"tyres":
					{
						"tyreCompound": 0,
						"tyrePressure": [ 47, 56, 45, 53 ]
					},
					"tyreSet": 2,
					"frontBrakePadCompound": 0,
					"rearBrakePadCompound": 0
				}
			],
			"fuelPerLap": 3.164703369140625
		}
	},
	"advancedSetup":
	{
		"mechanicalBalance":
		{
			"aRBFront": 6,
			"aRBRear": 7,
			"wheelRate": [ 1, 1, 1, 1 ],
			"bumpStopRateUp": [ 9, 9, 4, 4 ],
			"bumpStopRateDn": [ 0, 0, 10, 10 ],
			"bumpStopWindow": [ 5, 5, 15, 15 ],
			"brakeTorque": 20,
			"brakeBias": 5
		},
		"dampers":
		{
			"bumpSlow": [ 5, 5, 15, 15 ],
			"bumpFast": [ 10, 10, 25, 25 ],
			"reboundSlow": [ 30, 30, 20, 20 ],
			"reboundFast": [ 25, 25, 34, 34 ]
		},
		"aeroBalance":
		{
			"rideHeight": [ 4, 6, 1, 18 ],
			"rodLength": [ 0.79570817947387695, 0.79570817947387695, 2.6542181968688965, 2.6542181968688965 ],
			"splitter": 0,
			"rearWing": 0,
			"brakeDuct": [ 3, 3 ]
		},
		"drivetrain":
		{
			"preload": 5
		}
	},
	"trackBopType": 31
}