{
	"carName": "lamborghini_huracan_gt3_evo2",
	"basicSetup":
	{
		"tyres":
		{
			"tyreCompound": 0,
			"tyrePressure": [ 57, 65, 54, 59 ]
		},
		"alignment":
		{
			"camber": [ 5, 5, 0, 0 ],
			"toe": [ 38, 38, 45, 45 ],
			"staticCamber": [ -3.4434401988983154, -3.4395418167114258, -2.553443431854248, -2.5497138500213623 ],
			"toeOutLinear": [ 0.00049836531979963183, 0.00049835030222311616, 0.0001920037466334179, 0.00019200562383048236 ],
			"casterLF": 13,
			"casterRF": 13,
			"steerRatio": 1
		},
		"electronics":
		{
			"tC1": 4,
			"tC2": 0,
			"abs": 3,
			"eCUMap": 2,
			"fuelMix": 0,
			"telemetryLaps": 0
		},
		"strategy":
		{
			"fuel": 58,
			"nPitStops": 0,
			"tyreSet": 4,
			"frontBrakePadCompound": 0,
			"rearBrakePadCompound": 0,
			"pitStrategy": [
				{
					"fuelToAdd": 60,
					"tyres":
					{
						"tyreCompound": 0,
						"tyrePressure": [ 47, 56, 45, 53 ]
					},
					"tyreSet": 2,
					"frontBrakePadCompound": 0,
					"rearBrakePadCompound": 0
				}
			],
			"fuelPerLap": 3.0903968811035156
		}
	},
	"advancedSetup":
	{
		"mechanicalBalance":
		{
			"aRBFront": 6,
			"aRBRear": 7,
			"wheelRate": [ 1, 1, 1, 1 ],
			"bumpStopRateUp": [ 9, 9, 4, 4 ],
			"bumpStopRateDn": [ 0, 0, 10, 10 ],
			"bumpStopWindow": [ 5, 5, 15, 15 ],
			"brakeTorque": 20,
			"brakeBias": 5
		},
		"dampers":
		{
			"bumpSlow": [ 25, 25, 25, 25 ],
			"bumpFast": [ 15, 15, 15, 15 ],
			"reboundSlow": [ 25, 25, 25, 25 ],
			"reboundFast": [ 20, 20, 20, 20 ]
		},
		"aeroBalance":
		{
			"rideHeight": [ 4, 6, 1, 18 ],
			"rodLength": [ 0.76450425386428833, 0.76450425386428833, 2.6014227867126465, 2.6014227867126465 ],
			"splitter": 0,
			"rearWing": 0,
			"brakeDuct": [ 3, 3 ]
		},
		"drivetrain":
		{
			"preload": 5
		}
	},
	"trackBopType": 31
}