{
	"carName": "lamborghini_huracan_gt3_evo2",
	"basicSetup":
	{
		"tyres":
		{
			"tyreCompound": 0,
			"tyrePressure": [ 57, 66, 57, 66 ]
		},
		"alignment":
		{
			"camber": [ 5, 5, 0, 0 ],
			"toe": [ 38, 38, 45, 45 ],
			"staticCamber": [ -3.4284586906433105, -3.4240751266479492, -2.5566563606262207, -2.5490310192108154 ],
			"toeOutLinear": [ 0.00046874047257006168, 0.00046874067629687488, 0.00019191321916878223, 0.00019198456720914692 ],
			"casterLF": 25,
			"casterRF": 25,
			"steerRatio": 2
		},
		"electronics":
		{
			"tC1": 4,
			"tC2": 2,
			"abs": 3,
			"eCUMap": 2,
			"fuelMix": 0,
			"telemetryLaps": 0
		},
		"strategy":
		{
			"fuel": 58,
			"nPitStops": 0,
			"tyreSet": 3,
			"frontBrakePadCompound": 0,
			"rearBrakePadCompound": 0,
			"pitStrategy": [
				{
					"fuelToAdd": 80,
					"tyres":
					{
						"tyreCompound": 0,
						"tyrePressure": [ 57, 66, 57, 66 ]
					},
					"tyreSet": 2,
					"frontBrakePadCompound": 0,
					"rearBrakePadCompound": 0
				}
			],
			"fuelPerLap": 3.4000000953674316
		}
	},
	"advancedSetup":
	{
		"mechanicalBalance":
		{
			"aRBFront": 10,
			"aRBRear": 10,
			"wheelRate": [ 1, 1, 1, 1 ],
			"bumpStopRateUp": [ 0, 0, 14, 14 ],
			"bumpStopRateDn": [ 0, 0, 10, 10 ],
			"bumpStopWindow": [ 25, 25, 60, 60 ],
			"brakeTorque": 20,
			"brakeBias": 15
		},
		"dampers":
		{
			"bumpSlow": [ 35, 35, 25, 25 ],
			"bumpFast": [ 40, 45, 35, 35 ],
			"reboundSlow": [ 40, 40, 30, 30 ],
			"reboundFast": [ 45, 45, 40, 40 ]
		},
		"aeroBalance":
		{
			"rideHeight": [ 4, 6, 1, 18 ],
			"rodLength": [ 0.96492302417755127, 0.96492302417755127, 2.7983191013336182, 2.7983191013336182 ],
			"splitter": 0,
			"rearWing": 0,
			"brakeDuct": [ 3, 2 ]
		},
		"drivetrain":
		{
			"preload": 7
		}
	},
	"trackBopType": 31
}