{
	"carName": "lamborghini_huracan_gt3_evo2",
	"basicSetup":
	{
		"tyres":
		{
			"tyreCompound": 0,
			"tyrePressure": [ 58, 66, 49, 55 ]
		},
		"alignment":
		{
			"camber": [ 3, 3, 2, 2 ],
			"toe": [ 34, 34, 45, 45 ],
			"staticCamber": [ -3.6439661979675293, -3.6402475833892822, -2.2813613414764404, -2.277071475982666 ],
			"toeOutLinear": [ 0.00052108668023720384, 0.00052109122043475509, 0.00017301303159911186, 0.00017300354375038296 ],
			"casterLF": 25,
			"casterRF": 25,
			"steerRatio": 2
		},
		"electronics":
		{
			"tC1": 3,
			"tC2": 0,
			"abs": 3,
			"eCUMap": 3,
			"fuelMix": 0,
			"telemetryLaps": 0
		},
		"strategy":
		{
			"fuel": 48,
			"nPitStops": 0,
			"tyreSet": 0,
			"frontBrakePadCompound": 0,
			"rearBrakePadCompound": 0,
			"pitStrategy": [
				{
					"fuelToAdd": 0,
					"tyres":
					{
						"tyreCompound": 0,
						"tyrePressure": [ 58, 66, 49, 55 ]
					},
					"tyreSet": 2,
					"frontBrakePadCompound": 1,
					"rearBrakePadCompound": 1
				}
			],
			"fuelPerLap": 3.4000000953674316
		}
	},
	"advancedSetup":
	{
		"mechanicalBalance":
		{
			"aRBFront": 3,
			"aRBRear": 3,
			"wheelRate": [ 1, 1, 1, 1 ],
			"bumpStopRateUp": [ 7, 7, 7, 7 ],
			"bumpStopRateDn": [ 0, 0, 10, 10 ],
			"bumpStopWindow": [ 4, 4, 18, 18 ],
			"brakeTorque": 20,
			"brakeBias": 4
		},
		"dampers":
		{
			"bumpSlow": [ 22, 22, 24, 24 ],
			"bumpFast": [ 18, 18, 20, 20 ],
			"reboundSlow": [ 26, 26, 25, 25 ],
			"reboundFast": [ 28, 28, 30, 30 ]
		},
		"aeroBalance":
		{
			"rideHeight": [ 5, 6, 0, 18 ],
			"rodLength": [ 1.7149715423583984, 1.7149715423583984, 1.2076476812362671, 1.2076476812362671 ],
			"splitter": 0,
			"rearWing": 0,
			"brakeDuct": [ 3, 2 ]
		},
		"drivetrain":
		{
			"preload": 10
		}
	},
	"trackBopType": 31
}