{
	"carName": "mercedes_amg_gt3_evo",
	"basicSetup":
	{
		"tyres":
		{
			"tyreCompound": 0,
			"tyrePressure": [ 39, 55, 42, 47 ]
		},
		"alignment":
		{
			"camber": [ 0, 0, 0, 0 ],
			"toe": [ 25, 25, 50, 50 ],
			"staticCamber": [ -3.9234437942504883, -3.9125144481658936, -4.1958074569702148, -4.1922130584716797 ],
			"toeOutLinear": [ 0.00025738650583662093, 0.00025740588898770511, 0.0002199782757088542, 0.00022116734180599451 ],
			"casterLF": 44,
			"casterRF": 44,
			"steerRatio": 2
		},
		"electronics":
		{
			"tC1": 5,
			"tC2": 0,
			"abs": 3,
			"eCUMap": 0,
			"fuelMix": 0,
			"telemetryLaps": 0
		},
		"strategy":
		{
			"fuel": 13,
			"nPitStops": 0,
			"tyreSet": 0,
			"frontBrakePadCompound": 0,
			"rearBrakePadCompound": 0,
			"pitStrategy": [
				{
					"fuelToAdd": 0,
					"tyres":
					{
						"tyreCompound": 0,
						"tyrePressure": [ 39, 55, 42, 47 ]
					},
					"tyreSet": 2,
					"frontBrakePadCompound": 1,
					"rearBrakePadCompound": 1
				}
			],
			"fuelPerLap": 2.6400001049041748
		}
	},
	"advancedSetup":
	{
		"mechanicalBalance":
		{
			"aRBFront": 6,
			"aRBRear": 4,
			"wheelRate": [ 1, 1, 2, 2 ],
			"bumpStopRateUp": [ 5, 5, 4, 4 ],
			"bumpStopRateDn": [ 0, 0, 10, 10 ],
			"bumpStopWindow": [ 12, 12, 20, 20 ],
			"brakeTorque": 20,
			"brakeBias": 28
		},
		"dampers":
		{
			"bumpSlow": [ 6, 6, 5, 5 ],
			"bumpFast": [ 4, 4, 4, 4 ],
			"reboundSlow": [ 5, 5, 5, 5 ],
			"reboundFast": [ 7, 7, 6, 6 ]
		},
		"aeroBalance":
		{
			"rideHeight": [ 0, 6, 10, 18 ],
			"rodLength": [ -1.8872367143630981, -1.8872367143630981, 68.922447204589844, 68.922447204589844 ],
			"splitter": 0,
			"rearWing": 9,
			"brakeDuct": [ 3, 3 ]
		},
		"drivetrain":
		{
			"preload": 8
		}
	},
	"trackBopType": 37
}