{
	"carName": "bmw_m4_gt3",
	"basicSetup":
	{
		"tyres":
		{
			"tyreCompound": 0,
			"tyrePressure": [ 50, 53, 48, 52 ]
		},
		"alignment":
		{
			"camber": [ 0, 0, 0, 0 ],
			"toe": [ 10, 10, 8, 8 ],
			"staticCamber": [ -4.1691536903381348, -4.1671762466430664, -2.5158505439758301, -2.5131900310516357 ],
			"toeOutLinear": [ 0.00020391681755427271, 0.00020390217832755297, 7.2585200541652739e-05, 7.2558454121463001e-05 ],
			"casterLF": 24,
			"casterRF": 24,
			"steerRatio": 2
		},
		"electronics":
		{
			"tC1": 4,
			"tC2": 0,
			"abs": 3,
			"eCUMap": 0,
			"fuelMix": 0,
			"telemetryLaps": 0
		},
		"strategy":
		{
			"fuel": 13,
			"nPitStops": 0,
			"tyreSet": 0,
			"frontBrakePadCompound": 0,
			"rearBrakePadCompound": 0,
			"pitStrategy": [
				{
					"fuelToAdd": 0,
					"tyres":
					{
						"tyreCompound": 0,
						"tyrePressure": [ 50, 53, 48, 52 ]
					},
					"tyreSet": 2,
					"frontBrakePadCompound": 1,
					"rearBrakePadCompound": 1
				}
			],
			"fuelPerLap": 2.5
		}
	},
	"advancedSetup":
	{
		"mechanicalBalance":
		{
			"aRBFront": 4,
			"aRBRear": 1,
			"wheelRate": [ 2, 2, 1, 1 ],
			"bumpStopRateUp": [ 4, 4, 4, 5 ],
			"bumpStopRateDn": [ 0, 0, 10, 10 ],
			"bumpStopWindow": [ 5, 5, 28, 28 ],
			"brakeTorque": 20,
			"brakeBias": 15
		},
		"dampers":
		{
			"bumpSlow": [ 16, 16, 18, 18 ],
			"bumpFast": [ 20, 20, 22, 22 ],
			"reboundSlow": [ 21, 21, 24, 24 ],
			"reboundFast": [ 32, 32, 28, 28 ]
		},
		"aeroBalance":
		{
			"rideHeight": [ 2, 11, 10, 18 ],
			"rodLength": [ 24.082345962524414, 24.082345962524414, 7.6271920204162598, 7.6271920204162598 ],
			"splitter": 0,
			"rearWing": 8,
			"brakeDuct": [ 3, 2 ]
		},
		"drivetrain":
		{
			"preload": 0
		}
	},
	"trackBopType": 46
}