{
  "carName": "ferrari_296_gt3",
  "basicSetup": {
    "tyres": {
      "tyreCompound": 0,
      "tyrePressure": [
        54,
        51,
        50,
        46
      ]
    },
    "alignment": {
      "camber": [
        0,
        0,
        0,
        0
      ],
      "toe": [
        0,
        0,
        40,
        40
      ],
      "staticCamber": [
        -4.7193121910095215,
        -4.7212424278259277,
        -4.4312648773193359,
        -4.434028148651123
      ],
      "toeOutLinear": [
        0.00044466863619163632,
        0.00044467410771176219,
        -2.7206569939153269e-05,
        -2.7226918973610736e-05
      ],
      "casterLF": 30,
      "casterRF": 30,
      "steerRatio": 2
    },
    "electronics": {
      "tC1": 6,
      "tC2": 0,
      "abs": 2,
      "eCUMap": 0,
      "fuelMix": 0,
      "telemetryLaps": 10
    },
    "strategy": {
      "fuel": 12,
      "nPitStops": 0,
      "tyreSet": 0,
      "frontBrakePadCompound": 0,
      "rearBrakePadCompound": 0,
      "pitStrategy": [
        {
          "fuelToAdd": 0,
          "tyres": {
            "tyreCompound": 0,
            "tyrePressure": [
              54,
              51,
              50,
              46
            ]
          },
          "tyreSet": 2,
          "frontBrakePadCompound": 0,
          "rearBrakePadCompound": 0
        }
      ],
      "fuelPerLap": 3.4500000476837158
    }
  },
  "advancedSetup": {
    "mechanicalBalance": {
      "aRBFront": 6,
      "aRBRear": 2,
      "wheelRate": [
        0,
        0,
        0,
        0
      ],
      "bumpStopRateUp": [
        0,
        0,
        0,
        0
      ],
      "bumpStopRateDn": [
        0,
        0,
        10,
        10
      ],
      "bumpStopWindow": [
        16,
        16,
        30,
        30
      ],
      "brakeTorque": 20,
      "brakeBias": 45
    },
    "dampers": {
      "bumpSlow": [
        0,
        0,
        0,
        0
      ],
      "bumpFast": [
        0,
        0,
        0,
        0
      ],
      "reboundSlow": [
        11,
        11,
        11,
        11
      ],
      "reboundFast": [
        11,
        11,
        11,
        11
      ]
    },
    "aeroBalance": {
      "rideHeight": [
        1,
        6,
        1,
        18
      ],
      "rodLength": [
        37.182647705078125,
        37.182647705078125,
        35.987014770507813,
        35.987014770507813
      ],
      "splitter": 0,
      "rearWing": 7,
      "brakeDuct": [
        2,
        2
      ]
    },
    "drivetrain": {
      "preload": 0
    }
  },
  "trackBopType": 39
}