{
	"carName": "ferrari_296_gt3",
	"basicSetup": {
		"tyres": {
			"tyreCompound": 1,
			"tyrePressure": [
				82,
				80,
				77,
				76
			]
		},
		"alignment": {
			"camber": [
				0,
				0,
				0,
				0
			],
			"toe": [
				25,
				25,
				55,
				55
			],
			"staticCamber": [
				-4.6372451782226563,
				-4.6382246017456055,
				-4.4725022315979004,
				-4.4732394218444824
			],
			"toeOutLinear": [
				-0.00013255300291348249,
				-0.00013253427459858358,
				0.00053608196321874857,
				0.00053606240544468164
			],
			"casterLF": 30,
			"casterRF": 30,
			"steerRatio": 2
		},
		"electronics": {
			"tC1": 7,
			"tC2": 0,
			"abs": 1,
			"eCUMap": 0,
			"fuelMix": 0,
			"telemetryLaps": 5
		},
		"strategy": {
			"fuel": 48,
			"nPitStops": 0,
			"tyreSet": 0,
			"frontBrakePadCompound": 0,
			"rearBrakePadCompound": 0,
			"pitStrategy": [
				{
					"fuelToAdd": 0,
					"tyres": {
						"tyreCompound": 0,
						"tyrePressure": [
							82,
							80,
							77,
							76
						]
					},
					"tyreSet": 2,
					"frontBrakePadCompound": 0,
					"rearBrakePadCompound": 0
				}
			],
			"fuelPerLap": 3.4500000476837158
		}
	},
	"advancedSetup": {
		"mechanicalBalance": {
			"aRBFront": 6,
			"aRBRear": 0,
			"wheelRate": [
				3,
				3,
				0,
				0
			],
			"bumpStopRateUp": [
				2,
				2,
				0,
				0
			],
			"bumpStopRateDn": [
				0,
				0,
				10,
				10
			],
			"bumpStopWindow": [
				0,
				0,
				25,
				25
			],
			"brakeTorque": 20,
			"brakeBias": 0
		},
		"dampers": {
			"bumpSlow": [
				1,
				1,
				0,
				0
			],
			"bumpFast": [
				1,
				1,
				0,
				0
			],
			"reboundSlow": [
				7,
				7,
				8,
				8
			],
			"reboundFast": [
				7,
				7,
				8,
				8
			]
		},
		"aeroBalance": {
			"rideHeight": [
				0,
				6,
				2,
				18
			],
			"rodLength": [
				34.808849334716797,
				34.808849334716797,
				37.347633361816406,
				37.347633361816406
			],
			"splitter": 0,
			"rearWing": 10,
			"brakeDuct": [
				3,
				3
			]
		},
		"drivetrain": {
			"preload": 0
		}
	},
	"trackBopType": 39
}