{
  "carName": "ford_mustang_gt3",
  "basicSetup": {
    "tyres": {
      "tyreCompound": 0,
      "tyrePressure": [
        47,
        47,
        43,
        43
      ]
    },
    "alignment": {
      "camber": [
        0,
        0,
        0,
        0
      ],
      "toe": [
        2,
        2,
        10,
        10
      ],
      "staticCamber": [
        -4.7217674255371094,
        -4.7217679023742676,
        -3.0747725963592529,
        -3.0747721195220947
      ],
      "toeOutLinear": [
        0.00051502644782885909,
        0.00051502697169780731,
        9.7349598945584148e-05,
        9.7342577646486461e-05
      ],
      "casterLF": 40,
      "casterRF": 40,
      "steerRatio": 3
    },
    "electronics": {
      "tC1": 5,
      "tC2": 0,
      "abs": 2,
      "eCUMap": 0,
      "fuelMix": 0,
      "telemetryLaps": 5
    },
    "strategy": {
      "fuel": 0,
      "nPitStops": 0,
      "tyreSet": 0,
      "frontBrakePadCompound": 0,
      "rearBrakePadCompound": 0,
      "pitStrategy": [
        {
          "fuelToAdd": 0,
          "tyres": {
            "tyreCompound": 0,
            "tyrePressure": [
              47,
              47,
              43,
              43
            ]
          },
          "tyreSet": 2,
          "frontBrakePadCompound": 0,
          "rearBrakePadCompound": 0
        }
      ],
      "fuelPerLap": 13
    }
  },
  "advancedSetup": {
    "mechanicalBalance": {
      "aRBFront": 5,
      "aRBRear": 0,
      "wheelRate": [
        0,
        0,
        5,
        5
      ],
      "bumpStopRateUp": [
        0,
        0,
        0,
        0
      ],
      "bumpStopRateDn": [
        0,
        0,
        10,
        10
      ],
      "bumpStopWindow": [
        20,
        20,
        26,
        26
      ],
      "brakeTorque": 20,
      "brakeBias": 3
    },
    "dampers": {
      "bumpSlow": [
        2,
        2,
        2,
        2
      ],
      "bumpFast": [
        1,
        1,
        1,
        1
      ],
      "reboundSlow": [
        11,
        11,
        11,
        11
      ],
      "reboundFast": [
        11,
        11,
        11,
        11
      ]
    },
    "aeroBalance": {
      "rideHeight": [
        0,
        11,
        20,
        18
      ],
      "rodLength": [
        54.537143707275391,
        54.537143707275391,
        3.057265043258667,
        3.057265043258667
      ],
      "splitter": 0,
      "rearWing": 8,
      "brakeDuct": [
        3,
        3
      ]
    },
    "drivetrain": {
      "preload": 0
    }
  },
  "trackBopType": 58
}