{
  "carName": "ford_mustang_gt3",
  "basicSetup": {
    "tyres": {
      "tyreCompound": 0,
      "tyrePressure": [
        47,
        47,
        43,
        43
      ]
    },
    "alignment": {
      "camber": [
        0,
        0,
        0,
        0
      ],
      "toe": [
        0,
        0,
        10,
        10
      ],
      "staticCamber": [
        -4.724693775177002,
        -4.724693775177002,
        -3.0730600357055664,
        -3.0730600357055664
      ],
      "toeOutLinear": [
        0.00056644313735887408,
        0.00056644389405846596,
        9.7710741101764143e-05,
        9.7700154583435506e-05
      ],
      "casterLF": 40,
      "casterRF": 40,
      "steerRatio": 3
    },
    "electronics": {
      "tC1": 5,
      "tC2": 0,
      "abs": 2,
      "eCUMap": 0,
      "fuelMix": 0,
      "telemetryLaps": 5
    },
    "strategy": {
      "fuel": 0,
      "nPitStops": 0,
      "tyreSet": 0,
      "frontBrakePadCompound": 0,
      "rearBrakePadCompound": 0,
      "pitStrategy": [
        {
          "fuelToAdd": 0,
          "tyres": {
            "tyreCompound": 0,
            "tyrePressure": [
              47,
              47,
              43,
              43
            ]
          },
          "tyreSet": 2,
          "frontBrakePadCompound": 0,
          "rearBrakePadCompound": 0
        }
      ],
      "fuelPerLap": 13
    }
  },
  "advancedSetup": {
    "mechanicalBalance": {
      "aRBFront": 5,
      "aRBRear": 0,
      "wheelRate": [
        0,
        0,
        5,
        5
      ],
      "bumpStopRateUp": [
        0,
        0,
        0,
        0
      ],
      "bumpStopRateDn": [
        0,
        0,
        10,
        10
      ],
      "bumpStopWindow": [
        20,
        20,
        25,
        25
      ],
      "brakeTorque": 20,
      "brakeBias": 0
    },
    "dampers": {
      "bumpSlow": [
        2,
        2,
        2,
        2
      ],
      "bumpFast": [
        1,
        1,
        1,
        1
      ],
      "reboundSlow": [
        11,
        11,
        11,
        11
      ],
      "reboundFast": [
        11,
        11,
        11,
        11
      ]
    },
    "aeroBalance": {
      "rideHeight": [
        0,
        11,
        20,
        18
      ],
      "rodLength": [
        54.487213134765625,
        54.487213134765625,
        3.0076801776885986,
        3.0076801776885986
      ],
      "splitter": 0,
      "rearWing": 8,
      "brakeDuct": [
        2,
        2
      ]
    },
    "drivetrain": {
      "preload": 0
    }
  },
  "trackBopType": 58
}