{
	"carName": "ford_mustang_gt3",
	"basicSetup": {
		"tyres": {
			"tyreCompound": 1,
			"tyrePressure": [
				77,
				77,
				72,
				72
			]
		},
		"alignment": {
			"camber": [
				0,
				0,
				0,
				0
			],
			"toe": [
				10,
				10,
				18,
				18
			],
			"staticCamber": [
				-4.6969571113586426,
				-4.6969566345214844,
				-2.9955706596374512,
				-2.9955713748931885
			],
			"toeOutLinear": [
				0.00030416471417993307,
				0.00030415938817895949,
				0.00039450917392969131,
				0.00039451639167964458
			],
			"casterLF": 40,
			"casterRF": 40,
			"steerRatio": 3
		},
		"electronics": {
			"tC1": 6,
			"tC2": 0,
			"abs": 2,
			"eCUMap": 0,
			"fuelMix": 0,
			"telemetryLaps": 0
		},
		"strategy": {
			"fuel": 0,
			"nPitStops": 0,
			"tyreSet": 0,
			"frontBrakePadCompound": 0,
			"rearBrakePadCompound": 0,
			"pitStrategy": [
				{
					"fuelToAdd": 0,
					"tyres": {
						"tyreCompound": 0,
						"tyrePressure": [
							77,
							77,
							72,
							72
						]
					},
					"tyreSet": 2,
					"frontBrakePadCompound": 0,
					"rearBrakePadCompound": 0
				}
			],
			"fuelPerLap": 13
		}
	},
	"advancedSetup": {
		"mechanicalBalance": {
			"aRBFront": 6,
			"aRBRear": 0,
			"wheelRate": [
				1,
				1,
				4,
				4
			],
			"bumpStopRateUp": [
				0,
				0,
				0,
				0
			],
			"bumpStopRateDn": [
				0,
				0,
				10,
				10
			],
			"bumpStopWindow": [
				6,
				6,
				25,
				25
			],
			"brakeTorque": 20,
			"brakeBias": 0
		},
		"dampers": {
			"bumpSlow": [
				4,
				4,
				3,
				3
			],
			"bumpFast": [
				2,
				2,
				3,
				3
			],
			"reboundSlow": [
				6,
				6,
				6,
				6
			],
			"reboundFast": [
				8,
				8,
				9,
				9
			]
		},
		"aeroBalance": {
			"rideHeight": [
				0,
				11,
				18,
				18
			],
			"rodLength": [
				50.857028961181641,
				50.857028961181641,
				2.1185057163238525,
				2.1185057163238525
			],
			"splitter": 0,
			"rearWing": 8,
			"brakeDuct": [
				3,
				3
			]
		},
		"drivetrain": {
			"preload": 0
		}
	},
	"trackBopType": 58
}