{
	"carName": "audi_r8_lms_evo_ii",
	"basicSetup":
	{
		"tyres":
		{
			"tyreCompound": 0,
			"tyrePressure": [ 50, 51, 45, 46 ]
		},
		"alignment":
		{
			"camber": [ 0, 0, 0, 0 ],
			"toe": [ 22, 22, 54, 54 ],
			"staticCamber": [ -4.1630229949951172, -4.1623678207397461, -3.2365772724151611, -3.2358496189117432 ],
			"toeOutLinear": [ 0.00053613877389580011, 0.0005361244548112154, 0.00049436645349487662, 0.00049437087727710605 ],
			"casterLF": 20,
			"casterRF": 20,
			"steerRatio": 4
		},
		"electronics":
		{
			"tC1": 4,
			"tC2": 0,
			"abs": 3,
			"eCUMap": 0,
			"fuelMix": 0,
			"telemetryLaps": 0
		},
		"strategy":
		{
			"fuel": 16,
			"nPitStops": 0,
			"tyreSet": 0,
			"frontBrakePadCompound": 0,
			"rearBrakePadCompound": 0,
			"pitStrategy": [
				{
					"fuelToAdd": 0,
					"tyres":
					{
						"tyreCompound": 0,
						"tyrePressure": [ 50, 51, 45, 46 ]
					},
					"tyreSet": 2,
					"frontBrakePadCompound": 1,
					"rearBrakePadCompound": 1
				}
			],
			"fuelPerLap": 3.7000000476837158
		}
	},
	"advancedSetup":
	{
		"mechanicalBalance":
		{
			"aRBFront": 4,
			"aRBRear": 2,
			"wheelRate": [ 2, 2, 1, 1 ],
			"bumpStopRateUp": [ 7, 7, 0, 0 ],
			"bumpStopRateDn": [ 0, 0, 10, 10 ],
			"bumpStopWindow": [ 4, 4, 45, 45 ],
			"brakeTorque": 20,
			"brakeBias": 29
		},
		"dampers":
		{
			"bumpSlow": [ 25, 25, 22, 22 ],
			"bumpFast": [ 20, 20, 20, 20 ],
			"reboundSlow": [ 18, 18, 28, 28 ],
			"reboundFast": [ 26, 26, 30, 30 ]
		},
		"aeroBalance":
		{
			"rideHeight": [ 0, 6, 6, 18 ],
			"rodLength": [ 25.624799728393555, 25.624799728393555, 8.961735725402832, 8.961735725402832 ],
			"splitter": 0,
			"rearWing": 5,
			"brakeDuct": [ 3, 2 ]
		},
		"drivetrain":
		{
			"preload": 0
		}
	},
	"trackBopType": 42
}