{
	"carName": "audi_r8_lms_evo_ii",
	"basicSetup":
	{
		"tyres":
		{
			"tyreCompound": 0,
			"tyrePressure": [ 50, 51, 45, 46 ]
		},
		"alignment":
		{
			"camber": [ 0, 0, 0, 0 ],
			"toe": [ 22, 22, 54, 54 ],
			"staticCamber": [ -4.163266658782959, -4.1626067161560059, -3.3432626724243164, -3.3425354957580566 ],
			"toeOutLinear": [ 0.00053682056022807956, 0.00053682719590142369, 0.00047718494897708297, 0.00047718372661620378 ],
			"casterLF": 20,
			"casterRF": 20,
			"steerRatio": 4
		},
		"electronics":
		{
			"tC1": 2,
			"tC2": 0,
			"abs": 3,
			"eCUMap": 0,
			"fuelMix": 0,
			"telemetryLaps": 0
		},
		"strategy":
		{
			"fuel": 16,
			"nPitStops": 0,
			"tyreSet": 0,
			"frontBrakePadCompound": 0,
			"rearBrakePadCompound": 0,
			"pitStrategy": [
				{
					"fuelToAdd": 0,
					"tyres":
					{
						"tyreCompound": 0,
						"tyrePressure": [ 50, 51, 45, 46 ]
					},
					"tyreSet": 2,
					"frontBrakePadCompound": 1,
					"rearBrakePadCompound": 1
				}
			],
			"fuelPerLap": 3.7000000476837158
		}
	},
	"advancedSetup":
	{
		"mechanicalBalance":
		{
			"aRBFront": 3,
			"aRBRear": 2,
			"wheelRate": [ 2, 2, 1, 1 ],
			"bumpStopRateUp": [ 7, 7, 3, 3 ],
			"bumpStopRateDn": [ 0, 0, 10, 10 ],
			"bumpStopWindow": [ 4, 4, 14, 14 ],
			"brakeTorque": 20,
			"brakeBias": 25
		},
		"dampers":
		{
			"bumpSlow": [ 25, 25, 22, 22 ],
			"bumpFast": [ 20, 20, 20, 20 ],
			"reboundSlow": [ 18, 18, 28, 28 ],
			"reboundFast": [ 26, 26, 30, 30 ]
		},
		"aeroBalance":
		{
			"rideHeight": [ 0, 6, 11, 18 ],
			"rodLength": [ 25.683115005493164, 25.683115005493164, 13.976673126220703, 13.976673126220703 ],
			"splitter": 0,
			"rearWing": 5,
			"brakeDuct": [ 3, 2 ]
		},
		"drivetrain":
		{
			"preload": 0
		}
	},
	"trackBopType": 42
}