{
	"carName": "porsche_991_gt2_rs_mr",
	"basicSetup":
	{
		"tyres":
		{
			"tyreCompound": 0,
			"tyrePressure": [ 50, 54, 33, 38 ]
		},
		"alignment":
		{
			"camber": [ 0, 0, 0, 0 ],
			"toe": [ 25, 25, 40, 40 ],
			"staticCamber": [ -1.8644404411315918, -1.8555927276611328, -2.3936376571655273, -2.3873929977416992 ],
			"toeOutLinear": [ 0.00088802247773855925, 0.00087406416423618793, -0.00062518712365999818, -0.0006253393366932869 ],
			"casterLF": 30,
			"casterRF": 30,
			"steerRatio": 3
		},
		"electronics":
		{
			"tC1": 0,
			"tC2": 0,
			"abs": 3,
			"eCUMap": 0,
			"fuelMix": 0,
			"telemetryLaps": 0
		},
		"strategy":
		{
			"fuel": 12,
			"nPitStops": 0,
			"tyreSet": 0,
			"frontBrakePadCompound": 0,
			"rearBrakePadCompound": 0,
			"pitStrategy": [
				{
					"fuelToAdd": 0,
					"tyres":
					{
						"tyreCompound": 0,
						"tyrePressure": [ 50, 57, 50, 55 ]
					},
					"tyreSet": 2,
					"frontBrakePadCompound": 1,
					"rearBrakePadCompound": 1
				}
			],
			"fuelPerLap": 2.5
		}
	},
	"advancedSetup":
	{
		"mechanicalBalance":
		{
			"aRBFront": 3,
			"aRBRear": 1,
			"wheelRate": [ 0, 0, 0, 0 ],
			"bumpStopRateUp": [ 0, 0, 0, 0 ],
			"bumpStopRateDn": [ 0, 0, 10, 10 ],
			"bumpStopWindow": [ 120, 120, 200, 200 ],
			"brakeTorque": 20,
			"brakeBias": 40
		},
		"dampers":
		{
			"bumpSlow": [ 0, 0, 0, 0 ],
			"bumpFast": [ 0, 0, 0, 0 ],
			"reboundSlow": [ 11, 11, 11, 11 ],
			"reboundFast": [ 12, 12, 12, 12 ]
		},
		"aeroBalance":
		{
			"rideHeight": [ 0, 11, 8, 18 ],
			"rodLength": [ -14.796023368835449, -14.796023368835449, -42.807029724121094, -42.807029724121094 ],
			"splitter": 0,
			"rearWing": 7,
			"brakeDuct": [ 3, 3 ]
		},
		"drivetrain":
		{
			"preload": 0
		}
	},
	"trackBopType": 36
}