{
	"carName": "amr_v12_vantage_gt3",
	"basicSetup":
	{
		"tyres":
		{
			"tyreCompound": 0,
			"tyrePressure": [ 44, 46, 47, 50 ]
		},
		"alignment":
		{
			"camber": [ 2, 2, 0, 0 ],
			"toe": [ 30, 30, 55, 55 ],
			"staticCamber": [ -3.6373758316040039, -3.6358296871185303, -2.7464573383331299, -2.7444055080413818 ],
			"toeOutLinear": [ 0.00040900404565036297, 0.00040901760803535581, 0.00022755534155294299, 0.0002275655569974333 ],
			"casterLF": 21,
			"casterRF": 21,
			"steerRatio": 3
		},
		"electronics":
		{
			"tC1": 1,
			"tC2": 0,
			"abs": 4,
			"eCUMap": 0,
			"fuelMix": 0,
			"telemetryLaps": 0
		},
		"strategy":
		{
			"fuel": 46,
			"nPitStops": 0,
			"tyreSet": 6,
			"frontBrakePadCompound": 0,
			"rearBrakePadCompound": 0,
			"pitStrategy": [
				{
					"fuelToAdd": 0,
					"tyres":
					{
						"tyreCompound": 0,
						"tyrePressure": [ 44, 46, 44, 46 ]
					},
					"tyreSet": 2,
					"frontBrakePadCompound": 0,
					"rearBrakePadCompound": 0
				}
			],
			"fuelPerLap": 3.1083576679229736
		}
	},
	"advancedSetup":
	{
		"mechanicalBalance":
		{
			"aRBFront": 3,
			"aRBRear": 7,
			"wheelRate": [ 3, 3, 13, 13 ],
			"bumpStopRateUp": [ 12, 12, 17, 17 ],
			"bumpStopRateDn": [ 0, 0, 10, 10 ],
			"bumpStopWindow": [ 15, 15, 60, 60 ],
			"brakeTorque": 20,
			"brakeBias": 40
		},
		"dampers":
		{
			"bumpSlow": [ 12, 12, 12, 12 ],
			"bumpFast": [ 15, 15, 15, 15 ],
			"reboundSlow": [ 8, 8, 5, 5 ],
			"reboundFast": [ 10, 10, 5, 5 ]
		},
		"aeroBalance":
		{
			"rideHeight": [ 0, 6, 3, 18 ],
			"rodLength": [ 8.161402702331543, 8.161402702331543, -33.621360778808594, -33.621360778808594 ],
			"splitter": 0,
			"rearWing": 10,
			"brakeDuct": [ 3, 2 ]
		},
		"drivetrain":
		{
			"preload": 3
		}
	},
	"trackBopType": 27
}