{
	"carName": "porsche_992_gt3_r",
	"basicSetup":
	{
		"tyres":
		{
			"tyreCompound": 0,
			"tyrePressure": [ 49, 55, 46, 50 ]
		},
		"alignment":
		{
			"camber": [ 0, 0, 0, 0 ],
			"toe": [ 30, 30, 52, 52 ],
			"staticCamber": [ -5.1093430519104004, -5.1058797836303711, -0.11725091189146042, -0.11422788351774216 ],
			"toeOutLinear": [ 0.00012236819020472467, 0.00012236846669111401, -0.0070200464688241482, -0.0070200441405177116 ],
			"casterLF": 30,
			"casterRF": 30,
			"steerRatio": 5
		},
		"electronics":
		{
			"tC1": 3,
			"tC2": 0,
			"abs": 3,
			"eCUMap": 7,
			"fuelMix": 0,
			"telemetryLaps": 0
		},
		"strategy":
		{
			"fuel": 0,
			"nPitStops": 0,
			"tyreSet": 0,
			"frontBrakePadCompound": 0,
			"rearBrakePadCompound": 0,
			"pitStrategy": [
				{
					"fuelToAdd": 0,
					"tyres":
					{
						"tyreCompound": 0,
						"tyrePressure": [ 49, 55, 46, 50 ]
					},
					"tyreSet": 2,
					"frontBrakePadCompound": 1,
					"rearBrakePadCompound": 1
				}
			],
			"fuelPerLap": 13.5
		}
	},
	"advancedSetup":
	{
		"mechanicalBalance":
		{
			"aRBFront": 4,
			"aRBRear": 1,
			"wheelRate": [ 5, 5, 3, 3 ],
			"bumpStopRateUp": [ 7, 7, 5, 5 ],
			"bumpStopRateDn": [ 0, 0, 10, 10 ],
			"bumpStopWindow": [ 5, 5, 30, 30 ],
			"brakeTorque": 20,
			"brakeBias": 33
		},
		"dampers":
		{
			"bumpSlow": [ 8, 8, 10, 10 ],
			"bumpFast": [ 5, 5, 5, 5 ],
			"reboundSlow": [ 6, 6, 8, 8 ],
			"reboundFast": [ 7, 7, 5, 5 ]
		},
		"aeroBalance":
		{
			"rideHeight": [ 0, 11, 6, 18 ],
			"rodLength": [ 48.582012176513672, 48.582012176513672, -55.580867767333984, -55.580867767333984 ],
			"splitter": 0,
			"rearWing": 6,
			"brakeDuct": [ 3, 2 ]
		},
		"drivetrain":
		{
			"preload": 12
		}
	},
	"trackBopType": 58
}