{
	"carName": "mclaren_720s_gt3_evo",
	"basicSetup":
	{
		"tyres":
		{
			"tyreCompound": 0,
			"tyrePressure": [ 47, 51, 45, 48 ]
		},
		"alignment":
		{
			"camber": [ 0, 0, 0, 0 ],
			"toe": [ 36, 36, 22, 22 ],
			"staticCamber": [ -4.6265316009521484, -4.6238784790039063, -4.7233662605285645, -4.7213864326477051 ],
			"toeOutLinear": [ 0.0017119453987106681, 0.0017119338735938072, 0.00026332229026593268, 0.00026332284323871136 ],
			"casterLF": 34,
			"casterRF": 34,
			"steerRatio": 2
		},
		"electronics":
		{
			"tC1": 4,
			"tC2": 0,
			"abs": 3,
			"eCUMap": 0,
			"fuelMix": 0,
			"telemetryLaps": 0
		},
		"strategy":
		{
			"fuel": 13,
			"nPitStops": 0,
			"tyreSet": 0,
			"frontBrakePadCompound": 0,
			"rearBrakePadCompound": 0,
			"pitStrategy": [
				{
					"fuelToAdd": 0,
					"tyres":
					{
						"tyreCompound": 0,
						"tyrePressure": [ 47, 51, 45, 48 ]
					},
					"tyreSet": 0,
					"frontBrakePadCompound": 1,
					"rearBrakePadCompound": 1
				}
			],
			"fuelPerLap": 2.4500000476837158
		}
	},
	"advancedSetup":
	{
		"mechanicalBalance":
		{
			"aRBFront": 4,
			"aRBRear": 2,
			"wheelRate": [ 2, 2, 2, 2 ],
			"bumpStopRateUp": [ 4, 4, 2, 2 ],
			"bumpStopRateDn": [ 0, 0, 10, 10 ],
			"bumpStopWindow": [ 10, 10, 15, 15 ],
			"brakeTorque": 20,
			"brakeBias": 25
		},
		"dampers":
		{
			"bumpSlow": [ 22, 22, 20, 20 ],
			"bumpFast": [ 18, 18, 12, 12 ],
			"reboundSlow": [ 15, 15, 20, 20 ],
			"reboundFast": [ 24, 24, 32, 32 ]
		},
		"aeroBalance":
		{
			"rideHeight": [ 5, 6, 6, 18 ],
			"rodLength": [ 57.601287841796875, 57.601287841796875, 38.182651519775391, 38.182651519775391 ],
			"splitter": 0,
			"rearWing": 11,
			"brakeDuct": [ 3, 2 ]
		},
		"drivetrain":
		{
			"preload": 0
		}
	},
	"trackBopType": 45
}