{
	"carName": "mclaren_720s_gt3_evo",
	"basicSetup":
	{
		"tyres":
		{
			"tyreCompound": 0,
			"tyrePressure": [ 47, 54, 43, 51 ]
		},
		"alignment":
		{
			"camber": [ 2, 2, 0, 0 ],
			"toe": [ 36, 36, 25, 25 ],
			"staticCamber": [ -4.4241933822631836, -4.41888427734375, -4.6211485862731934, -4.6149353981018066 ],
			"toeOutLinear": [ 0.0016061136266216636, 0.0016061199130490422, 0.00034170167054980993, 0.00034169087302871048 ],
			"casterLF": 35,
			"casterRF": 35,
			"steerRatio": 2
		},
		"electronics":
		{
			"tC1": 4,
			"tC2": 0,
			"abs": 3,
			"eCUMap": 0,
			"fuelMix": 0,
			"telemetryLaps": 0
		},
		"strategy":
		{
			"fuel": 48,
			"nPitStops": 0,
			"tyreSet": 0,
			"frontBrakePadCompound": 0,
			"rearBrakePadCompound": 0,
			"pitStrategy": [
				{
					"fuelToAdd": 0,
					"tyres":
					{
						"tyreCompound": 0,
						"tyrePressure": [ 47, 54, 43, 51 ]
					},
					"tyreSet": 0,
					"frontBrakePadCompound": 1,
					"rearBrakePadCompound": 1
				}
			],
			"fuelPerLap": 3.1340179443359375
		}
	},
	"advancedSetup":
	{
		"mechanicalBalance":
		{
			"aRBFront": 7,
			"aRBRear": 6,
			"wheelRate": [ 4, 4, 3, 3 ],
			"bumpStopRateUp": [ 7, 7, 11, 11 ],
			"bumpStopRateDn": [ 0, 0, 10, 10 ],
			"bumpStopWindow": [ 10, 10, 20, 20 ],
			"brakeTorque": 20,
			"brakeBias": 22
		},
		"dampers":
		{
			"bumpSlow": [ 28, 28, 18, 18 ],
			"bumpFast": [ 20, 20, 18, 18 ],
			"reboundSlow": [ 17, 17, 22, 22 ],
			"reboundFast": [ 33, 33, 27, 27 ]
		},
		"aeroBalance":
		{
			"rideHeight": [ 0, 6, 4, 18 ],
			"rodLength": [ 51.565311431884766, 51.565311431884766, 35.374881744384766, 35.374881744384766 ],
			"splitter": 3,
			"rearWing": 7,
			"brakeDuct": [ 3, 3 ]
		},
		"drivetrain":
		{
			"preload": 8
		}
	},
	"trackBopType": 52
}