{
	"carName": "mclaren_720s_gt3_evo",
	"basicSetup":
	{
		"tyres":
		{
			"tyreCompound": 0,
			"tyrePressure": [ 46, 56, 42, 52 ]
		},
		"alignment":
		{
			"camber": [ 2, 2, 1, 1 ],
			"toe": [ 36, 36, 24, 24 ],
			"staticCamber": [ -4.4253168106079102, -4.4164996147155762, -4.8355469703674316, -4.8262715339660645 ],
			"toeOutLinear": [ 0.0016056810272857547, 0.0016056819586083293, 0.00029976124642416835, 0.00029975717188790441 ],
			"casterLF": 34,
			"casterRF": 34,
			"steerRatio": 2
		},
		"electronics":
		{
			"tC1": 3,
			"tC2": 0,
			"abs": 3,
			"eCUMap": 0,
			"fuelMix": 0,
			"telemetryLaps": 0
		},
		"strategy":
		{
			"fuel": 48,
			"nPitStops": 0,
			"tyreSet": 0,
			"frontBrakePadCompound": 0,
			"rearBrakePadCompound": 0,
			"pitStrategy": [
				{
					"fuelToAdd": 0,
					"tyres":
					{
						"tyreCompound": 0,
						"tyrePressure": [ 46, 56, 42, 52 ]
					},
					"tyreSet": 0,
					"frontBrakePadCompound": 1,
					"rearBrakePadCompound": 1
				}
			],
			"fuelPerLap": 3.2304496765136719
		}
	},
	"advancedSetup":
	{
		"mechanicalBalance":
		{
			"aRBFront": 9,
			"aRBRear": 7,
			"wheelRate": [ 5, 5, 4, 4 ],
			"bumpStopRateUp": [ 7, 7, 9, 9 ],
			"bumpStopRateDn": [ 0, 0, 10, 10 ],
			"bumpStopWindow": [ 8, 8, 15, 15 ],
			"brakeTorque": 20,
			"brakeBias": 17
		},
		"dampers":
		{
			"bumpSlow": [ 28, 28, 25, 25 ],
			"bumpFast": [ 20, 20, 18, 18 ],
			"reboundSlow": [ 15, 15, 24, 24 ],
			"reboundFast": [ 32, 32, 30, 30 ]
		},
		"aeroBalance":
		{
			"rideHeight": [ 0, 6, 9, 18 ],
			"rodLength": [ 50.688774108886719, 50.688774108886719, 38.103065490722656, 38.103065490722656 ],
			"splitter": 3,
			"rearWing": 11,
			"brakeDuct": [ 3, 3 ]
		},
		"drivetrain":
		{
			"preload": 10
		}
	},
	"trackBopType": 27
}