{
	"carName": "ford_mustang_gt3",
	"basicSetup":
	{
		"tyres":
		{
			"tyreCompound": 0,
			"tyrePressure": [ 46, 55, 44, 50 ]
		},
		"alignment":
		{
			"camber": [ 0, 0, 0, 0 ],
			"toe": [ 15, 15, 12, 12 ],
			"staticCamber": [ -4.314734935760498, -4.3076133728027344, -1.4456247091293335, -1.4412401914596558 ],
			"toeOutLinear": [ 0.00010323755122954026, 0.00010324365575797856, 0.00030518704443238676, 0.00030499655986204743 ],
			"casterLF": 40,
			"casterRF": 40,
			"steerRatio": 3
		},
		"electronics":
		{
			"tC1": 4,
			"tC2": 0,
			"abs": 3,
			"eCUMap": 0,
			"fuelMix": 0,
			"telemetryLaps": 0
		},
		"strategy":
		{
			"fuel": 48,
			"nPitStops": 0,
			"tyreSet": 0,
			"frontBrakePadCompound": 0,
			"rearBrakePadCompound": 0,
			"pitStrategy": [
				{
					"fuelToAdd": 0,
					"tyres":
					{
						"tyreCompound": 0,
						"tyrePressure": [ 46, 55, 44, 50 ]
					},
					"tyreSet": 2,
					"frontBrakePadCompound": 1,
					"rearBrakePadCompound": 1
				}
			],
			"fuelPerLap": 3.5999999046325684
		}
	},
	"advancedSetup":
	{
		"mechanicalBalance":
		{
			"aRBFront": 3,
			"aRBRear": 1,
			"wheelRate": [ 1, 1, 1, 1 ],
			"bumpStopRateUp": [ 8, 8, 7, 7 ],
			"bumpStopRateDn": [ 0, 0, 10, 10 ],
			"bumpStopWindow": [ 20, 20, 20, 20 ],
			"brakeTorque": 20,
			"brakeBias": 5
		},
		"dampers":
		{
			"bumpSlow": [ 5, 5, 5, 5 ],
			"bumpFast": [ 3, 3, 4, 4 ],
			"reboundSlow": [ 4, 4, 5, 5 ],
			"reboundFast": [ 5, 5, 7, 7 ]
		},
		"aeroBalance":
		{
			"rideHeight": [ 3, 11, 0, 18 ],
			"rodLength": [ 34.551074981689453, 34.551074981689453, -26.445465087890625, -26.445465087890625 ],
			"splitter": 0,
			"rearWing": 0,
			"brakeDuct": [ 3, 2 ]
		},
		"drivetrain":
		{
			"preload": 0
		}
	},
	"trackBopType": 31
}