{
	"carName": "bmw_m4_gt3",
	"basicSetup":
	{
		"tyres":
		{
			"tyreCompound": 0,
			"tyrePressure": [ 50, 50, 51, 51 ]
		},
		"alignment":
		{
			"camber": [ 0, 0, 0, 0 ],
			"toe": [ 6, 6, 10, 10 ],
			"staticCamber": [ -4.1262664794921875, -4.1262660026550293, -1.9011929035186768, -1.9011929035186768 ],
			"toeOutLinear": [ 0.00029938755324110389, 0.00029938749503344297, 0.00013534103345591575, 0.00013534120807889849 ],
			"casterLF": 27,
			"casterRF": 27,
			"steerRatio": 3
		},
		"electronics":
		{
			"tC1": 4,
			"tC2": 0,
			"abs": 3,
			"eCUMap": 0,
			"fuelMix": 0,
			"telemetryLaps": 0
		},
		"strategy":
		{
			"fuel": 16,
			"nPitStops": 0,
			"tyreSet": 0,
			"frontBrakePadCompound": 0,
			"rearBrakePadCompound": 0,
			"pitStrategy": [
				{
					"fuelToAdd": 0,
					"tyres":
					{
						"tyreCompound": 0,
						"tyrePressure": [ 50, 50, 51, 51 ]
					},
					"tyreSet": 2,
					"frontBrakePadCompound": 1,
					"rearBrakePadCompound": 1
				}
			],
			"fuelPerLap": 4.0999999046325684
		}
	},
	"advancedSetup":
	{
		"mechanicalBalance":
		{
			"aRBFront": 6,
			"aRBRear": 2,
			"wheelRate": [ 2, 2, 1, 1 ],
			"bumpStopRateUp": [ 5, 5, 2, 2 ],
			"bumpStopRateDn": [ 0, 0, 10, 10 ],
			"bumpStopWindow": [ 4, 4, 40, 40 ],
			"brakeTorque": 20,
			"brakeBias": 15
		},
		"dampers":
		{
			"bumpSlow": [ 23, 23, 24, 24 ],
			"bumpFast": [ 22, 22, 20, 20 ],
			"reboundSlow": [ 20, 20, 23, 23 ],
			"reboundFast": [ 34, 34, 27, 27 ]
		},
		"aeroBalance":
		{
			"rideHeight": [ 0, 11, 0, 18 ],
			"rodLength": [ 22.343254089355469, 22.343254089355469, -1.888685941696167, -1.888685941696167 ],
			"splitter": 0,
			"rearWing": 6,
			"brakeDuct": [ 3, 2 ]
		},
		"drivetrain":
		{
			"preload": 14
		}
	},
	"trackBopType": 33
}