{
	"carName": "nissan_gt_r_gt3_2018",
	"basicSetup":
	{
		"tyres":
		{
			"tyreCompound": 0,
			"tyrePressure": [ 54, 57, 54, 57 ]
		},
		"alignment":
		{
			"camber": [ 0, 0, 0, 0 ],
			"toe": [ 20, 20, 0, 0 ],
			"staticCamber": [ -3.320915699005127, -3.3189735412597656, -3.0587737560272217, -3.056729793548584 ],
			"toeOutLinear": [ -0.00066853233147412539, -0.00066854100441560149, 8.2775717601180077e-05, 8.2778038631659001e-05 ],
			"casterLF": 3,
			"casterRF": 3,
			"steerRatio": 2
		},
		"electronics":
		{
			"tC1": 3,
			"tC2": 0,
			"abs": 5,
			"eCUMap": 0,
			"fuelMix": 0,
			"telemetryLaps": 0
		},
		"strategy":
		{
			"fuel": 50,
			"nPitStops": 0,
			"tyreSet": 0,
			"frontBrakePadCompound": 0,
			"rearBrakePadCompound": 0,
			"pitStrategy": [
				{
					"fuelToAdd": 0,
					"tyres":
					{
						"tyreCompound": 0,
						"tyrePressure": [ 54, 57, 54, 57 ]
					},
					"tyreSet": 2,
					"frontBrakePadCompound": 0,
					"rearBrakePadCompound": 0
				}
			],
			"fuelPerLap": 2.7000000476837158
		}
	},
	"advancedSetup":
	{
		"mechanicalBalance":
		{
			"aRBFront": 4,
			"aRBRear": 4,
			"wheelRate": [ 3, 3, 3, 3 ],
			"bumpStopRateUp": [ 5, 5, 2, 2 ],
			"bumpStopRateDn": [ 0, 0, 10, 10 ],
			"bumpStopWindow": [ 1, 1, 24, 24 ],
			"brakeTorque": 20,
			"brakeBias": 47
		},
		"dampers":
		{
			"bumpSlow": [ 17, 17, 12, 12 ],
			"bumpFast": [ 15, 15, 10, 10 ],
			"reboundSlow": [ 20, 20, 18, 18 ],
			"reboundFast": [ 20, 20, 17, 17 ]
		},
		"aeroBalance":
		{
			"rideHeight": [ 0, 11, 9, 18 ],
			"rodLength": [ -6.2040672302246094, -6.2040672302246094, 1.9596472978591919, 1.9596472978591919 ],
			"splitter": 0,
			"rearWing": 1,
			"brakeDuct": [ 4, 4 ]
		},
		"drivetrain":
		{
			"preload": 12
		}
	},
	"trackBopType": 36
}