{
	"carName": "nissan_gt_r_gt3_2018",
	"basicSetup":
	{
		"tyres":
		{
			"tyreCompound": 0,
			"tyrePressure": [ 54, 57, 54, 57 ]
		},
		"alignment":
		{
			"camber": [ 0, 0, 0, 0 ],
			"toe": [ 20, 20, 0, 0 ],
			"staticCamber": [ -3.320934534072876, -3.3189618587493896, -3.0845606327056885, -3.0824973583221436 ],
			"toeOutLinear": [ -0.00066851801238954067, -0.0006685259286314249, 8.1682715972419828e-05, 8.168555359588936e-05 ],
			"casterLF": 3,
			"casterRF": 3,
			"steerRatio": 2
		},
		"electronics":
		{
			"tC1": 1,
			"tC2": 0,
			"abs": 3,
			"eCUMap": 0,
			"fuelMix": 0,
			"telemetryLaps": 0
		},
		"strategy":
		{
			"fuel": 50,
			"nPitStops": 0,
			"tyreSet": 4,
			"frontBrakePadCompound": 0,
			"rearBrakePadCompound": 0,
			"pitStrategy": [
				{
					"fuelToAdd": 0,
					"tyres":
					{
						"tyreCompound": 0,
						"tyrePressure": [ 54, 57, 54, 57 ]
					},
					"tyreSet": 2,
					"frontBrakePadCompound": 0,
					"rearBrakePadCompound": 0
				}
			],
			"fuelPerLap": 2.6782379150390625
		}
	},
	"advancedSetup":
	{
		"mechanicalBalance":
		{
			"aRBFront": 3,
			"aRBRear": 8,
			"wheelRate": [ 3, 3, 3, 3 ],
			"bumpStopRateUp": [ 5, 5, 2, 2 ],
			"bumpStopRateDn": [ 0, 0, 10, 10 ],
			"bumpStopWindow": [ 1, 1, 24, 24 ],
			"brakeTorque": 20,
			"brakeBias": 33
		},
		"dampers":
		{
			"bumpSlow": [ 17, 17, 12, 12 ],
			"bumpFast": [ 15, 15, 10, 10 ],
			"reboundSlow": [ 20, 20, 18, 18 ],
			"reboundFast": [ 20, 20, 17, 17 ]
		},
		"aeroBalance":
		{
			"rideHeight": [ 0, 11, 10, 18 ],
			"rodLength": [ -6.2033672332763672, -6.2033672332763672, 2.9561936855316162, 2.9561936855316162 ],
			"splitter": 0,
			"rearWing": 4,
			"brakeDuct": [ 4, 4 ]
		},
		"drivetrain":
		{
			"preload": 12
		}
	},
	"trackBopType": 36
}